3057811785
3057694362
3057694347
3057833183
3056761415
3381893564
3056686036
3057820145
3057945007
3435675202
3381391069
3057706830
3057359297
3057819737
3383055611
3063352141
3057819364
3380718753
3057830133
3057830820
3057830198
3057811710
3057693320
3057896380
3382935759
3152212693
3057695856
3057900261
3381477258
3057835171
3057831779
3057820724
3057835034
3057711572
3152303883
3057692555
3057821692
3382920531
3153061311
3057708145
2935130073
3149438730
3057694090
3153082078
3381495445
3057811464
2932008851
3057707339
3057710882
3057830294
3057693159
3057695582
0000830600341403
3057945606
3057894459
3153221756
3057943468
3057918284
3057809465
3382914514
3056760735
3057824424
3057943112
3057944109
3383046496
3057694055
3057808799
3057357574
3057819401
00008306003385A6
3057823269
3156376983
3057924618
3057927076
3057823600
3057822000
3056727175
3057927179
00008306003018F0
3057820534
3062815831
3152368851
3057824887
3057826299
3152231515
3057944402
3056730530
3057924045
3057926050
3056729277
3152801354
3057899462
3057927234
3057900556
000083060033F5E5
3057823942
3057821935
3380436952
00008306003402F6
3153221664
3063452039
3057710430
3057919467
3057821237
3057693451
2936976271
3057926156
3057831208
3057900251
3057898800
3057900545
3057821490
0000832B002A7B8E
3379597377
3057832437
3057694259
3056730034
3381575650
3056728515
3057822583
3057821390
3383055588
3383299304
3156378235
3057822850
3057710376
3383323605
3057699059
3057830018
3382737549
3382605764
3381242355
3381623099
3057923156
3381751683
3382741357
3382739390
3056729138
3383027596
3435481469
3057820885
3057820110
3382017058
3152397781
3057695691
3382885876
0000830600340CEE
3056763114
3056729896
3057923263
3057895029
3057696654
3381308371
3152301094
3056728868
3056684012
3057831752
3058522688
3056767369
3057923019
3057696566
00008306002F16F9
3153113668
3152296558
2937007140
3057695972
3062807950
3056685816
3057942295
3056728321
3056760776
3156372194
3057820788
3382883429
3057820969
3057927242
3382165935
3380957693
3155246881
3057898912
00008306002EC037
3057691911
3057822472
3057690781
0000830600343A04
0000830600300550
3057918444
3057831092
3057815001
3057942769
3057816010
3057692129
3057813040
3062695054
3057927025
3057822121
3057698117
3057942042
3156461373
3057946972
3382187967
3057920425
3153100210
3057917461
3156885480
3381112578
3057945702
3057944329
3152311097
3152919515
3057707321
3057697665
3057700476
3057691230
3056729739
3382157221
3057691520
3057691002
3156704871
3056730292
3057691805
3057897611
3156363722
3056729268
3057924108
3057900632
3153483838
3057899284
3380799427
3056763090
3057926055
3057698052
3057899032
3057927238
3057899254
3057695394
3057925593
3057926012
3152311089
3381308329
3152361792
3057918577
3057921314
3057821868
3152359910
3381584411
3156516030
3381308571
3152359266
0000838400065F84
3156561846
3152318417
3056767967
3057821449
3057898837
3379629736
3057820059
3152310403
3057696838
3057900022
3152238570
3057824262
3057917671
3057945119
3057821594
3057821340
3057819671
3057919591
3057920405
3057695316
3057824311
3057824235
3057813471
3057708666
3057696708
3057825470
3057824746
3057707561
3057811283
3057694240
3057697105
3063744224
3057898734
3156376754
3057811853
00008306002F0B73
3152374144
3057925001
3057812397
3057924863
3381509568
2936977617
3057812210
3057898999
3057919563
3057811859
3057812425
000083060033F0A5
00008306002F2EF7
3063727644
3152359199
3057820954
3057809546
000083060033F58D
3057810572
3057814059
3152231617
3057894916
3057922887
3056764699
3057359479
3063745602
3057941887
3379766488
3403029773
3057896828
3057926834
0000830600345598
3057899035
3057927229
3057819578
3057925722
000083060036F3B8
3057900167
3382955853
00008306002FFF01
3057707404
3057696834
2940239190
3152306901
000083060033F594
3153051890
3056764484
0000830600340DD7
3382115903
3156377502
3056760801
3057814537
3379622651
3057363523
000083060033DF35
3056727365
3057898431
3056727254
3057941756
3057925901
3057820558
3057832713
3152189340
3156557435
3057941487
3057708320
3153082562
3382875595
3153113808
3152367473
3057944503
3057832392
3057944350
3057834242
3057834912
3057813819
3152236767
3057825958
3057819885
3156624676
3057819991
3153121165
3057819585
3057927360
3057925205
3057820223
3057941752
3156625472
3057820549
3057898168
3057927211
3056682982
3156549434
3057820326
3057820321
3057924411
3063203733
3057926233
3156504348
3152309806
3057927285
3152309712
3057925631
3379591722
2936995739
3057944522
3057700867
3156609787
2936995067
3057709148
3382188101
000083840006D51D
3057710458
3381593779
3057900858
0000832B002BEEB8
3152363679
3057821641
3152219190
3057919003
3057941860
3152404749
3057942057
00008306002F0C3A
3062802197
3057893380
3057944549
3057824770
3057825536
3056768730
3152239634
3057897994
3057946407
2934601607
3153051358
0000830600335411
3057894473
0000832B0022E866
3156569255
3057924797
0000830600301095
3056727385
3057926630
3057825048
3381252511
3057695470
0000830600345BDE
0000838400064DB2
000083060033E260
3379690813
3152359213
3057695636
0000830600338448
3056730035
3057923094
3057926082
3379601402
3057925028
3057927056
3057821406
3057692360
3057700262
3057900140
00008384000663B5
3063759208
3057698660
000083060033FA2E
3057900143
3057823267
3057944544
3057947394
3057711408
3057711579
3380693166
3063451720
0000830600333558
3057824206
3153125400
3152318791
3057898402
0000830600399874
0000830600353B59
00008384000655E9
3057918287
3057694994
3057821411
3057898672
3057922369
00008384000655DC
3057900560
3057830463
3057941679
3156697544
3057698115
3152300140
3057926833
3153102084
3063446803
3057898823
3381793897
0000830600340167
3057919471
3155962226
3057920106
3057939589
0000830600341DD1
3057923816
3057919303
000083060033441D
3382912756
3057710484
3057900572
3057815894
3380690405
3057919851
3057945745
3057824091
3057922854
3057830363
3063645429
3156915514
3152363198
3152300727
3057925280
3153098036
3057942706
3057899921
3152299576
3057944094
3383081669
3152367400
3380491684
3063742189
3057694447
3057900706
3057707668
3057924613
3152324760
3057822753
3057824059
3057823661
3057823814
3057808896
3057893453
3063195202
3057899851
3057924347
3156548127
3057823508
3056760997
3057698091
3152399572
3057700187
3057831254
3379606521
3057706707
3057695033
3057831368
3057706573
3057709045
3381041168
000083060033A4C3
3152319750
3152403631
3057692634
3057691790
3057694486
3057357829
3057362874
3149394733
3057696202
3057358310
3382593365
3057698248
3156310943
3057808922
3056729581
3057697771
000083060033F2F2
0000830600338926
3057897643
3057819833
3152304379
3382132003
3057700512
0000830600338D5A
3149385151
3382947360
3057700042
3057695941
3057699132
3057696219
3057821101
3381308533
3057943738
3057899937
3057943735
3057896422
3057833284
3057831941
3152397733
3057834086
3152371429
3156050022
3063775646
3057943551
3057699265
3057711489
3381732411
3156504332
3057896531
3381288593
3057820222
3057695109
3057925276
3381288912
3057829928
00008306003016EC
3057820099
3057822272
3057926346
3056728486
3383116919
0000832B0022864C
3153100679
3381470337
3380428426
3057832579
3057713335
3057833898
2931929051
3381122554
3057898708
3057925073
3057898910
3057820999
3057896757
3057943968
3057819788
3057898513
00008306002EB707
3383121042
3057694227
3057707394
3057695531
3057695320
3057813184
3057925358
00008306002FFFB2
3057899463
3057697066
3382022456
3057898619
3056761742
3057697231
3057899960
3057898484
3057830039
3057900729
0000830600340708
3057899861
3152300973
3057900230
3057832345
3057917759
3153102435
3057943780
2934892246
3153115566
3056761115
3381579757
3057711364
3057707742
3057893768
3382920416
000083840006FE83
3057695901
3152318796
3057832280
3156906146
3057693778
3057815006
3057946140
3057693251
3057945717
3057707075
3153075566
3057708816
3057711202
3057822009
3057942091
00008306002F1749
3057893090
3057894490
3057919525
3057942204
3057815696
3057813811
000083060033A507
3057922061
3057696141
3057711765
3057821962
3057709883
3063710234
3057835218
3057824116
3381371185
3057898224
3152359806
3057822480
3057820459
3057947821
3057946309
3380736196
3057707076
3057943843
3057708894
000083060033519B
3156363599
3381371280
3057946864
3057708254
3156554429
000083060033E192
3156263770
3056665914
3057893256
00008306003460D7
3057810730
000083840006055C
3057693736
3057695882
3057697167
3057820948
3057820834
00008306002FF7A7
3057823891
3152359244
3057827147
3057824320
2932208761
3057825582
3152308969
3057821222
3057833231
3057693099
3152396511
3152305535
3057941795
3153102239
3057921478
3057692544
3057820530
3057917565
3057919400
3057693382
3057827612
3057829150
3057811535
3057811827
000083060033AEC7
2940239158
3057698349
3057811722
000083060033DA6E
3057694549
0000830600352EFD
3057710379
3152365304
00008306002EFF7D
3057711053
3057710805
3057944474
3381558565
3057697885
3153075088
3057696092
3057711099
3057944980
00008306003438C4
3057709549
3153166611
3153160021
3057830913
0000832B002BF26D
3063710235
3152231174
3057810151
3057697980
000083060033DBD7
3057813109
3056660217
3057811799
3057360238
3057899650
3056607030
3056660782
3057696276
3057696612
3156569498
3382189100
3057832044
3153100803
3057941966
3057942848
3057918005
3057939245
0000830600336276
3057821228
000083060034DB16
3057697504
3057835148
00008306002F11C9
3380668315
3039983917
3152303980
3057946852
3156490606
3057923229
3152361002
3156612724
0000830600335B15
3057825356
3056767841
3057917412
3056766651
3156044924
00008306003463EF
3152219110
000083060033D95F
3152219841
3057357555
3057921343
3152239517
3057834783
3057811248
3057710421
3057941731
00008306003E5B33
3057825162
3057830415
3063334594
0000830600339A8A
3057896851
3057944453
0000830600336AD2
00008306002F459F
3057830265
3057831516
3057832187
3057899693
3063434463
3057946331
3057709860
3057710176
00008306003004EF
3153126955
3155180002
3057829880
3057811720
3057831892
3057823296
3057826309
3156511978
3057824366
000083060034073B
3057811895
000083060039A6D0
3057941416
3057822188
3153100167
3057943227
3380486003
3153095678
3057943685
3057943191
3057820429
3057825246
3152775214
3057833086
3057832723
3057825781
3057834668
3057943890
3057698348
3057695164
3057706638
3057900142
3152318719
3057698298
00008306002F47A8
3152218600
3156341687
3156905918
3057822572
3152360299
3057943257
3057821841
3057697315
2934598814
3057898863
3057358423
3381288812
3057356811
3057697821
3056766074
3152308682
3057693269
000083060033F8DD
3382833988
3057362331
3057695709
3156694200
3057699284
3156696452
3057942319
3156384659
3057826375
3156377780
3156443214
3057692983
3057707284
3381616575
2936995070
3057694799
00008306002F237C
3057707740
3057925092
3152305798
3057830994
3057812639
3152399785
3156212013
3057830204
00008306002EFFDD
3156504406
3152310488
3382912851
3057691556
3057925639
3057926647
3152366864
3057924034
3057924123
3057833706
00008384000629D0
3057926648
3057899021
3057821094
3057896007
3057925847
00008306002EBB51
3057826154
3057823095
3382759381
3057826663
3057824985
3152297365
3057829995
3057833591
3056727354
3156566125
3057898622
3057926321
3056727117
3057923695
3057941536
3057926856
3057926855
3057821010
3057822735
00008306002F1857
3057697092
3057819944
3057820060
3057706997
3057698235
3057893257
3057813462
3057898169
00008306003006ED
0000832B002715B6
3056324933
3057926626
3152308971
3057926921
3057925141
3057710146
3057822482
3152304611
3057823959
3057711767
3156905446
2922988028
2922994149
00008306000A3508
3159146429
2922994346
2929467019
2923001159
2923003780
2922984336
3058513191
2922996697
2923003772
2923001356
2922983522
2929479680
2922995641
2922983073
2922986800
0000830600256014
2922983772
3381637080
2922998507
2923000968
2922991247
3057710261
3057918999
3057694709
3057814794
3152321045
2935128551
3155791962
3057709249
3057706734
3057811115
2922978430
2922996539
2922982521
2922984296
2922983894
2922997425
3382803143
2936944187
3057710768
3153082282
3063357474
3056764823
3057696605
3063718220
0000830600338189
3057820728
3382142403
2922996563
3057822414
3057822709
3057922480
3057918586
3057920226
3057711081
3057942430
3057919581
2922983652
2922983893
2922987865
2922996486
2923000472
2923005530
2929454259
2923003305
2922988614
2922986662
3057697616
3057694722
3057693786
3152311443
3057694820
3156496078
3057693557
3152404862
000083060034188D
3057706900
3057694066
3057920464
3057695763
3057820453
3057926490
3057926344
3057926435
3152308706
3057926558
2922987356
2922987712
2922987361
2922986948
2922983060
3382043130
2922952214
2922994580
2922984120
2922986261
3057814760
2922983085
2922987272
2923002728
2923001984
2922983090
2922995206
2922990470
2922990722
3057698228
3057706966
3057922476
3057695792
3057696431
0000830600338D92
3057359377
2922991019
2922995463
2923001893
2922982738
2922952374
2923003791
2929479606
2922987729
2922987943
2923002682
3156210085
3057358544
3152310677
3156237872
3057941332
3152404834
3057918849
3156904189
3057710507
3153101633
3153105374
3057834136
3382184524
3057697137
3379591734
3057823937
3156563712
3057831761
3153100089
3153075655
3153093752
3057833124
3156261526
3057811695
3057942422
3382193885
3381809223
3153113593
3379629976
3153080996
3057357846
3381039214
3057362438
3057359910
3056762456
3156888912
3381578948
3057900849
3152231207
3057921658
3057941547
3057946849
3057943753
3057917651
00008306003336DA
3057943316
3380663936
3152318736
3381891745
3153112467
3056763285
3153104855
3057811861
3056763334
3057698680
3156548438
3382936003
3057700162
3153108480
2922997858
2923000618
2922977738
3057830487
3057831634
3056761876
3380486435
3057941231
3057919594
3380488460
3057819986
3057812146
3057825219
3057708988
3057923070
3057812480
3057830470
3057707707
2922997779
2922987687
3057815116
3152231149
0000838400064312
3057821729
00008306002F1064
3382188129
3057709450
3057822986
3380964010
3153116992
3382939506
3381371072
3152219203
000083060033576C
3057922962
2922988321
3057697829
3153093603
3057944520
3382176463
3057924509
3057697778
3057943465
3382993532
3155730039
3380462371
2923000664
2922988393
3057696715
3153047198
3379741310
3057710749
3057711483
3057710887
3057812706
2922986553
3152299998
3379632050
3057696910
3057709818
3057707864
0000830600301240
0000832B0027496E
3057708138
3057816163
3156905422
3152306798
3152306678
3057819637
3063674232
3063694673
3057820119
3057925640
2922988458
2922988646
2929457053
2922987202
2922981918
3379735634
2922996015
3056763538
3057820387
3155747168
3057820498
3057813007
00008306002EC0E1
3056760676
000083060033F414
2922993963
2922986794
2922994564
2922994180
2923003190
2922990636
2922987007
2922999403
2922952713
2923002879
2922952665
2922996711
2922997246
2922986426
2923000282
2923001284
2923001030
2922988430
2922991559
2922952277
2922990782
2922987896
3057823734
3057917508
3057918157
3152303836
3057922765
3057941388
3057707972
00008306002F0C51
3057921444
3057696710
3057699583
3057699582
3057698865
3057696460
3382165343
2929467971
2922986511
2922997269
2923002866
2922991690
2929578071
2922952216
2929581647
3057695476
2922952265
2922983341
2922979105
3381476628
2922985429
2923000612
2922999505
2923002748
2922996614
2922994072
2922982509
2922998405
2922993975
2929460871
2922952309
3381769736
3057896857
3057947572
000083060033FA0A
3156620336
3057919600
3156384634
3057825059
3057829647
3057831345
3057922778
3057895726
3057812278
3063713873
3057813138
3153061923
3057693955
3057707653
2923000854
3057921899
3057824082
3056768908
3057819195
0000832B002313F2
3057822649
3057821972
3057922572
3057825083
3057826532
3057825166
3382955850
3057922725
3057921569
2922999493
2922998153
2922986445
2922986317
3382134218
3057893553
2922981996
2922989918
2922986121
2922976038
00008306003382E1
3057821908
3057822875
3057897517
3057918802
3057918801
3152241664
3057695352
3403035143
3057832339
3057708644
2922976552
2922976019
2922995674
2922976075
2936973813
2922976472
2922996202
2922976121
2922976529
2922996600
2922976009
2922998286
2922991958
2922991936
3062684317
3057286543
3062817705
3379690914
3062820953
3062819403
3062821698
0000832B0022744A
3058566750
0000830600300F54
3062702336
3058566188
3058567081
3058560794
3058567470
3062802513
3062820343
3062680868
3062787995
0000838400060584
3062801706
00008306002FD67C
3062791746
0000830600336669
3152307492
3062792085
3381463282
00008306002EBAAD
3062821675
3153105922
0000830600338EFF
0000830600338703
3058564512
00008306003016F8
3057824653
3057710985
3057833893
3057814222
3057922690
3057825839
000083840006B98D
3057823965
3153323640
3057942401
3057834360
3063670794
3057709424
3057833904
3057947787
3152226056
3057711129
3383164291
3382735244
00008306003400AC
3057918013
00008306003010B4
3057919897
3382884099
3057820124
000083060033896A
3155191325
3057694186
3381570886
3057894259
3383255644
3057896868
3057834083
3057897430
3057922655
3057942329
3057694052
3057826487
3057819470
00008306002F0BE1
3057944244
3153346694
3057821828
3057820079
2922999371
2922998537
2922996550
2922982152
2922997329
2922997154
2929498863
3381624444
3057695179
3057363386
3057361868
3057922239
3057359223
3057358823
3057364235
3381601957
3153100466
2922982194
2922996184
2922992506
2922998029
3057946590
0000830600343B2E
3057945014
0000830600338DDE
3057947290
3057943083
3156302232
3057812732
3057826625
3057899018
3057708622
3057895126
3057922906
3057694373
3057894598
3057922706
3057894028
3057893790
3057706660
3057696177
3057813965
3056765643
00008306002F4472
3156254376
0000832B0026C2B0
3057694221
2922994269
2922987180
3057946530
3380419894
2939118134
3057941832
000083060033F5F5
3152401750
3057944262
3057833447
3057942316
3379657993
3057922049
000083840000C400
3153213113
3057696346
2922986362
2922987513
3057823474
3057833031
3057709941
3057834074
3057693338
3057830578
0000830600337308
2922988796
2922988328
3379629491
3057945599
3057898774
3057822588
3057899317
0000830600337292
3063698320
3156212290
2922989070
3057821051
3156356859
3057693357
0000832B0026BD0C
3057694541
00008306003414EF
0000830600300474
3057697091
3057696976
3057701033
3057695804
3057830872
3057706925
3057698657
3057696293
3057697486
0000832B0023CBB7
3057697541
3057697006
3152362142
3381492313
2934829496
3057697676
3153049372
3379629621
3057897288
3057894238
3057708651
3380487370
3057693555
3153109943
3379621611
3057821357
3156246671
3057899233
3383082731
3057900733
3057899165
3380701830
3057693772
3063791453
3057900488
3057899174
3152189394
3057813529
3057832603
3057709721
3057899323
3057828003
000083840000C5C5
3057826373
3057362687
0000830600336AA5
3057358068
3056763845
3057898271
3057921084
3057698676
3057899907
3057900485
0000830600340E10
3057899278
3057695101
3057899908
3057899446
3057697814
3152218798
3057357175
3057693743
3152308069
3057700174
3152214376
3057708578
3156624650
3057893466
3152397909
3057693681
3156229421
3057814228
00008306002FFEBB
3057810731
3057813375
3057946135
3057831753
3156630568
3057894835
3057900815
3057942324
00008306003414BC
3057898740
3056761055
3152359200
3056762084
000083060033DB9B
3057356461
3057926582
000083060033557E
3057695710
3057900576
00008384000421DC
3057813616
3056763915
3056761337
3057820397
00008306002ED09D
2929482928
2922996485
2922989064
2922989298
2922983664
2922996682
2922983185
2922983629
2923002914
2922983114
2922986235
2923003608
2922987512
2922988394
2922996373
2922996422
2922995409
2923003249
2923000266
2923000246
3380826130
2922989468
2922996369
2922952678
2923002293
3057917395
3057694918
3057895984
3057823716
3057939815
3057694263
3057920985
2922987496
2922986442
3057917662
3057696633
3057694256
3057697729
3057919300
3057895294
3057698323
3057706828
3057696021
2922987019
2922952296
2922984192
2922983463
2923003819
2922996621
2923001418
2922983964
2922997204
2922986517
2922994964
2929583617
2929583614
2922999331
2922987210
2922988620
3056762521
3057697919
3152301587
3057943917
3056761020
3381575023
3057820385
3057900114
3057830444
2939156106
3152307798
3380657860
3057713870
3057923055
3057812329
3057698145
3056763462
3057812526
3380484940
3057809467
3156351272
3057821530
3057810546
3152224868
0000838400057719
0000830600346096
0000838400048665
3057696348
3381288738
3380199457
2922989336
2922983019
2929580718
2929488212
2922983511
2922982822
2922994875
2922996489
2929494271
3057707125
00008306002EBF41
3153391129
3379629452
3057354534
3057696365
2922989328
2923000480
2923003517
2922992548
2922995846
2922996389
2922995134
2922984254
2929488281
2922996358
3057942236
3155257256
3057825982
3057826977
3057823135
00008306002EFD7A
2922978108
2922983928
2922997464
2923002839
3057694607
3152298742
00008306002FFE7C
3152363359
3057896603
0000832B00276A35
3057830279
3057897980
3379681640
3381806832
3056765583
3057813884
3057820508
3057898890
00008306002F0FFE
3056762058
3057696747
3057693095
3057900391
3063197895
3379621412
00008306003416B1
3380491714
00008306003B5C1C
00008306002EB2AF
3057925865
0000830600338FB0
3153122188
3057811542
2922982820
00008306002FDE0F
3057696690
3057811313
3057820605
3057919412
3057693376
3153105833
3057894015
3057922177
3057895292
3382886150
2929473060
2938242709
2922994263
2923001141
3152360255
00008306003438F9
3057887317
0000830600346A5E
3381305462
3152231089
3057360360
3152305671
3057708114
3057820726
3381584110
2929496875
3057711402
3057360621
2922987997
2922998363
3057830477
3057920472
3152366185
3057826527
3057832246
3057832365
3057944800
3057826723
3057695628
3057696080
3057924818
3057693047
00008306002F247E
3057360603
3057359595
3057359220
0000832B002ADEEB
3056760924
3057693590
0000830600340D11
00008306002EC0DB
3057920067
0000832B0023932B
3057943980
2922996633
2922982349
2922952154
2922993946
3152399529
000083060033E0AD
3057809246
3057898662
3057809100
3156066093
0000832B00237C75
3057830505
3057831191
3057924125
3152218816
3057819649
3057821039
0000830600343961
2923000684
2922952179
00008306003E59F7
0000830600340639
3152304135
3056761900
3057693131
3057359381
3057812611
3057696324
3381540915
3057357181
3057697307
3057362880
3057923835
3153062148
3057813357
3156606164
3057696711
3057706921
3152306841
3040699359
3057814755
3057698096
3057697892
3057696844
3057697218
3152306687
3382690885
3152213134
3156896371
3152300123
3380659031
3056761563
3056766221
3381526670
3152322105
3156517888
3057693494
3156372360
3057832482
2922989318
2922989490
2922995271
2923003743
3154977433
3156248085
3152404805
3155855703
3152318637
3152227740
3382925238
3057820477
3057919973
2933273125
2922997439
3159107941
3057694280
3156704215
0000830600338ED6
3057694992
3057693516
3057834527
3156612097
3152223877
2922999677
2923000528
3380463483
3057821254
3056761642
3063303596
3056764368
3057820949
00008306002FE8A9
2922995254
2922989250
2923005618
2922995877
2922984524
2922977676
2922989940
2922977847
2922995893
2922977174
2922979070
2922977652
2922985770
2922978221
2922977750
2922977734
3057698966
000083060034134F
3057898937
3380685297
3057697314
3057941460
2929580844
2929463350
3057697742
3063736914
2929453406
2922985626
2922979220
2922983020
3063294182
3152297484
3153117253
3056765517
3057693740
3380479853
3057827810
3057834186
3057896731
3057810716
3152863794
3057819369
3057921850
3063346208
3057899968
3057900120
3155731985
3057824034
3057922474
3381226522
3057813202
3057918875
3057825360
000083060033688B
000083060033D5B8
3152365500
0000830600337F6C
3057918291
3057809322
3057919267
3057894373
3057697713
3153198060
3156697948
3152397968
3057812100
3057356346
00008306003330A7
2922996669
2922987404
2922991284
2922982260
3153097950
3057920633
3057947098
3057893547
3156893650
2934903705
3057830963
3381177428
3057921419
3057813765
3057834569
3156904357
3057821400
3057919699
3057920516
3057710455
0000832B0026FD80
3057820410
3056763452
3156494586
00008306002F1CB3
3156065218
3057810226
3063715341
3156223208
0000830600343118
3057697136
3057698153
3382886048
3057697592
3152306346
3057832547
3057696453
3057707877
2929462768
2922997396
2923002314
2922982959
00008306002F0B56
3057707648
000083060033E8E7
3057698383
3057712151
3057694834
3058317946
3057696655
3381808836
000083840008B5D1
3057920241
3155430175
3057946960
3382932127
3057944413
3057943897
3380765840
2929461146
2929461174
2922997499
2936995051
2922989498
2922999641
2922983942
2922996442
2922995428
2922994646
2934703932
2922996591
2922989450
2923000254
2923002546
2923003134
2922989264
2922999869
2923002458
2922995182
2923000830
2922983713
2922991608
2923001484
2922986979
3057918302
3057819517
3057921920
3057811557
3057922579
3057824698
3057821719
3057922192
3057923116
3057832472
3057710230
0000830600300F39
3152304338
3057709419
000083060033607E
3057814344
3382885083
3057832514
3156253482
3057696057
3057919566
3057946686
3063815805
3057696526
3381796427
3057698580
3057707967
3153105517
3056761106
3057698245
3152404752
3153081299
3156077372
3379632720
3057695892
3057697474
3057708087
3057707804
3057693523
2923002341
2922998161
2923000460
2922994600
2922986486
3057917441
3057821083
0000830600340245
3057894493
3152224425
3057922978
000083060033C73F
3057826515
3057811422
3057710560
3380983399
3057813494
3057923530
3057923138
3057808970
3057708163
3156640663
3057830647
3057694287
3057694111
3057694881
3057893461
3156663800
3156496450
3153101671
3057694260
3057694697
3057698343
3057697122
3057697751
2934551582
3382920465
2922996316
2941876712
3057918004
3057821657
3152186375
3057821931
3152368797
3057819692
3057821940
3381039141
3156454846
0000830600301872
2922990415
2922983982
2922983367
2929473141
3057831458
000083060033DD1C
3057697934
3057810038
3057697181
0000830600338571
3057810901
3156505251
3381039302
3057820383
0000830600345F89
3057694176
3057693026
3149179731
3057919327
3381553572
3063658787
3057942425
3057897199
3057897088
00008306002FE08D
3057695618
3057895291
3057920342
3057693085
3057696728
3057694514
3063294302
3057896737
3152317958
3057812498
3057924007
3057809711
3057819642
3156351547
3057942435
3056729104
3056728481
00008306002F10B3
3056680542
3057693546
3152847889
00008306003462D8
3057827073
3156196152
3057900132
3057923271
3057943563
3156569768
3057825861
3057925084
3057924236
3057898719
3057924462
00008306003400A7
3152323548
3379682942
3152188759
3153082559
3057811518
3057918321
3057698756
3057943117
3057921684
3056761901
2922998107
2923001404
3156340077
3156037771
3152223962
3152220387
00008306003400D3
3152219048
3057358195
3156570895
3057359481
2922996334
2922982395
2922989046
2922986347
3156889420
3155418683
3057358747
3152324392
00008306002EC036
3063294619
2922991043
3063293811
3057693380
3156895965
3057696032
3057812411
3152399673
2923003392
2922986213
2922986257
2922991280
2922996499
3382914636
3057923235
3057822766
3063698465
2936962351
3057922454
3057919627
3152398832
3057823350
3057357449
3056764047
3057812757
3382947401
3057359765
3057693748
3156569665
3057700378
3056760752
3159104893
2934769500
00008306003380A5
3057923244
3057812157
3057811680
3057899853
0000838400060490
3156082343
3057813447
3153121068
3156386939
3057832491
3057830379
3379591724
3057832410
2936976316
3056764032
3152227605
3056762057
3056761293
0000830600341447
3381310039
3057811555
0000830600300FD5
3381144309
3057809661
3057357050
3057699849
3057693514
3057697947
3057894485
3057897896
3057820503
3057693235
3063354883
3057697475
3057808703
3057812948
3057695793
3057810961
3056760799
3057810665
3057812468
3057810664
3057689509
3057926237
000083060033F20E
3156892629
3057688841
00008306003382EA
3057737889
3057945114
3380711520
3057926426
3381568670
3057833851
3156548689
3057709548
3057825752
3152309655
3156870892
3057832746
3057695687
3057691425
3382885098
3153166837
3156517779
3057819971
3057712862
3057832639
3379630195
3057821140
3057700584
3057812847
3057829949
3057699815
3152359876
3057698583
3057808812
3057812005
3057693036
3057808727
3057923157
3153075169
3156266606
3057922818
3057812430
0000832B002A6068
3056762922
3057941508
3057832003
3057925189
3057925858
3152022744
3152234398
3152213191
3057688478
3057688266
3057825375
3153075821
3057707383
3057830466
3057822380
3057897621
3381720735
3057895733
3380850275
3383295668
3382743718
3057923167
3381890437
3057894832
3057824319
3057709110
3057357823
3382593116
3381646854
3382040181
2936996169
3057819891
3057709139
3057919532
3057948024
3153104111
3057832892
3057942399
3155853363
3152305502
2922998071
2922984002
2922987932
2929500050
2922996483
2922986370
2922999881
2922996650
2922981093
3057708372
000083060033575F
3152236225
3152301314
3057695190
3057696791
3057706868
3057356464
3382174419
3057822795
3057834626
3057821789
3156490603
000083840004812B
3057918772
3057711091
000083060033AE55
3057825722
3057830443
3057945695
3057923191
3153100340
2931779830
3057694987
0000830600332F3D
3152359586
2929476369
2922990913
2922986656
3381812151
2922990596
2924092336
2922986602
2922993201
2922990716
2929478971
2922990528
2922986614
2922990715
2922981732
2922986642
3381996975
2922981858
3057897736
3057832427
3057897640
3152909098
3057362713
3057708450
3057834301
3057821953
3057822393
3152232150
3152366255
3156259947
3152401567
3380720085
3057826123
3057826637
3156384604
3057823365
3057823103
3156454149
3382940835
3152309770
3380470128
3057945215
3057710899
3063170709
3152365342
3156640012
3381747080
3057711009
3382165031
2936944094
3156704478
3057823842
3381795972
3382599949
3380432853
3057707315
00008306002F453F
3057895553
3057832831
3057698365
3382164145
3057820633
3057893690
3156226645
3057825957
3156171361
3057826429
3380463352
3153042558
3156170470
3057943856
3057709995
3057819389
3063714860
3057819418
3057922035
3381621353
3057919985
3057821870
3382042304
3153075660
3057918279
3057919169
3057946968
3379633578
3152301000
3057711103
00008306002F1890
3057899177
3382950882
000083840005FC95
3057821944
3156645635
3057918554
3057900750
3057698064
3057693010
3057694224
3152219956
3057708544
3057694196
3156380315
3057694926
3057693203
3380470208
3057820057
3155433164
3057363566
3152224403
3381795808
00008306003E17CC
3063287531
3057360092
2934915158
3155429284
3381680062
3155853353
3156384483
3156344966
3056764828
3382882840
3056730080
3056763198
3056760695
3056761645
3056764613
3057895230
3057820376
3156631484
3056729067
2929462453
2922995265
2922999977
2922995500
2923000398
2922995729
2922989216
2923000754
2922989334
2922992648
2929490688
2922995156
2922995701
2922989504
2922989551
2922989310
2922996728
2923002434
2922982144
2923001466
2922976327
2922997207
2922952424
2922996725
2923003637
2922987509
2923003429
2922991275
2922985604
2922988460
2922996717
2922991391
2922993981
3057697243
3063771673
3152323424
000083060033F8B6
3057695824
3057709061
000083840004214D
3057696552
3152358920
3057917896
00008306003353A7
3057920421
3057917863
3057920584
3152403341
3057822862
3057821510
3152397715
3057920306
3057923766
3057918129
3381834675
3057918968
3057947475
3057918043
00008306003411EC
3057920350
3057919091
3156046187
3057710520
3057710505
3379622239
3057918749
3156210353
3057697526
3057927034
3057830364
3057695947
3057698054
3057697844
00008306003BB2E0
3057943966
3057810950
3056766976
3057359711
3057695615
3152298952
3057707423
3057824219
3057922908
0000830600333684
0000830600344C8F
3152322576
3057812370
3057813240
3153042131
00008384000478A0
3057831709
3057941462
3057893917
3057893666
3057894805
3057895360
3057926309
3057894236
3057689520
00008306002FFF33
3057357941
3057358647
3057364096
3057695056
3057357822
3153123244
000083060033D414
3057899224
3057898066
3057693362
3057831983
3156504153
3057808362
3057707872
3057695090
3057900860
3057695415
3057700034
3057698305
3057697019
3057920086
3057693278
3057693167
3057698308
3057706447
3057696140
3056763064
3057697353
3057699592
3057698663
3057697563
3057693035
3057694625
3152218515
3057696777
0000830600341766
3057944742
3057943248
3382947830
3057947148
3057945214
3151593770
3057947568
3057941843
2922991203
2922986291
3063772549
3057696644
3057895658
3057811136
3057706520
3057809790
3057923132
3057919012
3057895017
3057823084
3057945572
3057707116
3383043030
3057706495
00008306003007A6
3057824631
3057707429
3064272536
3057823126
3057823124
3057922310
3057899049
3057922105
3057894714
3057707918
3057694072
3382165282
3057822293
3057921897
3057922437
3382736253
3383294145
3057819981
3057924548
3062677622
3057919446
00008306003385AD
3057822359
0000830600341DBD
3057711695
3057709705
3063716611
3155271595
2936963095
3057824097
3380704850
3057822020
3152186885
00008306002EB36F
2937007161
3057808958
3057813698
3057811384
3380473851
0000830600345408
2935037576
3057925655
3057942020
3057921430
3057820800
3156053785
3152924515
3152226573
3156042302
3057894260
3057697363
3057697390
3057695906
000083060033B860
3056761010
3057687740
3152367378
3057921246
3056625606
3057693890
3057945096
00008306002F18B4
3057821082
0000830600332F4C
3057828864
2934392843
3380331669
3057925273
3057923192
3152321444
3057899298
3057899938
3057924809
3057942907
3057823351
3156496588
0000838400065B5D
3057708403
3153119912
3156704736
3057822743
3057821998
000083060034542B
3057942959
3057943511
3057944290
3155631178
00008306002FFD2F
3057920665
3057819162
3056728558
3063946847
3056753805
3056763264
3056729218
3056764879
3057828880
3056762711
3057833401
3057828686
3057822633
3057835103
3057829429
3380650438
3057835160
3057833083
3063187097
3156552013
3156634772
3056729694
3057898548
3057900433
3152297083
3056727752
3056684530
3063715552
3057884885
2935178393
3057924282
3057927122
3057927068
3063764809
3057923389
3057828502
3057829035
3152404368
3057809779
3152236463
3057897192
3057687885
3057943560
3057700618
3057689378
3057706998
3057709491
3057941732
3057813392
3057831571
3057811846
3057825261
3057709402
3057944814
3057833896
3057923637
3057707840
3057821469
3057828175
3379682067
3057708158
3057825810
3057898404
3057830472
3155860201
000083060033DBDF
0000830600336AE5
3156624669
3057894833
00008306002F0D20
3057899163
3057893772
3057893016
3057894611
3057811993
3057705147
3057811067
3057827746
00008306002F1800
3057823463
00008306003E16B4
3057688835
3156335481
3057830794
3057819462
3057898285
3155727261
3057925287
3057925070
3057833812
3063713865
3057710264
3152362176
3057894574
3057833176
3057820745
3057947883
0000830600337BB0
3057833325
3057826891
3057829796
3057918446
3057834671
3057921640
0000830600338E2E
3057693363
3056761943
000083060033DE65
3057833388
2935151824
000083060033B80A
3379649393
3057829988
3152780522
3379681342
3057900170
3057831623
3057898363
3057831513
3057688935
3057687957
3057689265
3057290092
3057688919
000083060033DFB1
3057738137
00008306002F2EBA
3057689374
3152399582
3057710046
3057943535
3063740970
3057943669
3156261177
3057827865
3057942534
3152401534
3057356681
3062526117
3057359233
00008306002F455F
3057820276
00008306002FD7B5
3057811517
3057698742
3057812661
2922994785
2923002578
2929485587
2922987500
3057809020
3057892938
3056685557
3057826687
3057822574
3057893370
3057895434
3057824785
3057823465
3057942976
3057689269
3057820808
3152226160
3057689713
3057697544
3057923269
3057737890
3057925504
3152364144
3152323266
3057690063
3057925132
00008306003017F2
3057827952
3152324318
3057829826
3057900297
3057710168
3057922349
0000832B00283052
3057737101
3056692030
3057696617
3057947485
3156518088
3057689621
3057897733
3057690062
3056655726
3057690138
3057689369
3057735254
0000832B002BF2A4
00008306003381BE
3057690197
3057687619
3057688944
3057689517
3156271403
3057346554
3056727543
3056728252
3057921745
3057942688
3057927370
3063349886
3057826751
3056729537
0000830600336683
3063355147
3057811429
3057810549
3057808816
3057810734
3057811033
3057814998
3153354000
3152325199
3057827491
3057920893
000083060033DA29
3153534629
3057808501
3057828344
3057823524
3056730705
3056728006
3057944308
3057696297
3056728826
2936976302
3156906024
3056730386
3057707813
00008306002F2EE9
3057707057
3057829823
3152226479
3156222561
3152228892
3057917725
3057825974
3057925832
3056727669
0000830600301133
00008306002FD76C
3152214289
3057926822
3057810254
3057709217
3057711586
3382188097
00008306002FF91F
3156905312
3057825165
3057711585
3057820716
3057695676
3057886493
3057925769
3057895655
3156053470
00008306002FFF13
3153078965
3057833665
3379681864
3057714070
2934935049
3057944392
3057942822
3063986570
3057899763
3057691570
3057696101
3057695799
3057941216
3056710072
3379856722
3057897180
0000830600333647
3056761256
3057834780
3062695444
3057710390
3057697715
3057709572
3057821185
3057833728
0000838400016121
00008306002EBB54
3057899826
3057695798
3057947610
3057900362
3156895110
3057944399
0000830600335652
3057709620
3156171390
3057710867
3057941998
3057943040
0000838400065630
3153113694
3057947406
3057920186
00008306002F44F3
3056682635
3057946529
00008306002FE04C
3056685047
3156901702
3153117279
3057923311
3156907528
3152187992
0000832B0026A10C
3062390482
3057898973
3057360174
3057826975
3057825637
3057708944
3057926455
3153100819
3057708157
0000830600301012
3057826184
3152242542
3156885235
3057900438
3381268444
3056761324
3056761757
0000838400065E5F
00008306002F1262
3057824060
3057696746
3057894353
3057918730
000083060033FBD0
3056761139
3156623649
3152231715
3057693777
2923003381
2923002771
2922987603
2922992534
3057899887
3057924134
00008306003380FC
0000832B00275D48
3057830395
0000832B00287B23
3057925426
3057811120
3057899865
3381151634
3057896854
3057895975
3057825833
3057711319
3057900263
3063290012
3057826437
3057812905
3382049940
3057812483
3057824566
3057811995
2936944041
3057927213
3063357273
3057811145
3153600621
3057810099
3057808841
3057826548
3057828197
3057810016
3057824683
3057922553
3057820238
3057711784
3057811478
0000838400065EDA
3057923241
3057897057
3057922068
3057834126
3057833113
3057820312
3380463250
3057809761
3057813163
3152360906
3057832326
3057821713
3057813509
3057922773
3056762459
3057698176
3057711177
00008306002F249B
3057695613
3057707770
3057820617
2929473899
2922983876
2922987937
2922990733
2922998543
2922990674
2922986980
2922984859
2922977821
3057809131
3057811279
3057923712
3381792316
000083060033EA89
3149392646
0000832B00237B97
3057899311
2922984452
3152223746
3057828087
3156251541
3057816380
3056767699
3057820693
000083060030163C
2923000430
2922998379
2922987931
000083060033A3F0
3057825867
3057824788
3152359468
3057923584
3057918054
3057946576
3057829519
3057827785
3057825809
3057900744
3057827449
00008306003373B9
0000838400060A68
3057829233
3057829681
2922984409
2922987380
2922991586
2922983397
3063728152
3057811610
3057923421
3057921917
3057811636
3057816077
3057711470
3057921669
3057921390
3381492567
3155839582
3156512666
3156571004
00008306003342C3
3057708441
3057693632
3057707766
3057823484
3156349159
3057942035
3155862625
3057831210
3381153442
2922998214
2922988764
3057919679
3057828289
3057709874
3057708380
3383174581
3057707934
3063720359
3152368796
3153101407
3155694319
3156516609
3152317885
3382948766
3057824223
3057815880
3152220191
3057811609
2929578481
2922989048
2922987556
2922988848
2922987240
2922987548
2929580431
2923002621
2922988968
2922989058
2923002514
2922986962
2922991131
2922987621
2922997492
2922986364
2922991195
2923002605
3057706761
3382158010
0000830600341592
3056760513
3057834739
3057835117
2934678092
3056666732
3057923859
00008306003380B9
3381559591
0000832B0022B0F9
00008306003E1758
000083060034121F
3153335213
3156071205
3056729225
3152300132
3057921714
3057927017
00008306002FF8B8
2929584329
3057693855
3057922426
3057694312
3156173983
3381579151
3057693274
3057697204
3057896296
3063719693
3063715447
3057948028
3057942754
3382914472
3057941985
3057942899
3057822471
3057941490
3152318807
3153488185
3057707611
3057945124
3057942482
3057944427
3057921274
3057898580
00008306002FE816
3057923534
3057900521
3057811662
0000830600335729
2937007088
3057900743
3057820645
2922995210
2935219491
2922991659
3057379009
2935145423
3057830936
3057927178
3057689906
2932191892
3057898515
3057688597
3057921965
3057922607
3057924896
3380719091
3056767169
3156254177
3056764604
3381159322
3156298657
3056761747
3379627746
3056765981
3057834773
3057693993
3057819420
0000832B002B1A19
3380733153
3057697395
3383071199
3057834309
0000838400067606
3057694531
3153082927
3057693638
3057898457
3382966866
3380686196
3057361916
3057941218
3057693248
3380726197
3057918305
3057698852
3057692201
3057709864
3057699161
3152228690
3057919698
2922990848
2929580179
2922983103
2922996515
2922996190
2922976814
2923003320
2922995170
2922998571
3156378104
3057941570
3056730706
0000830600346ADB
000083060033EFD9
3152403364
3057924642
3381751467
3057690350
3056727948
3056727542
3056728394
3057923568
3057924009
3057824237
2937007092
3057822232
3057813318
3057893006
3057919431
3057919322
3381726581
00008306003416B2
3057812604
3057707293
0000830600340B6C
3057693162
3057834308
3057826901
2935459529
3152185351
3057919078
3057696409
3057900759
3063740600
2924092006
3057826037
00008306002FD624
3156639645
3057943414
3057826131
00008306003016D9
3057811395
3057947887
3057941727
3057922118
3057819248
2934519669
3153094169
3057819919
3057900296
3057827784
3156558103
3057832832
3149176599
3057921524
3057825303
3379634920
3057922226
3057816246
3152235591
3057694370
3156372161
3152300565
3063188542
3156080849
00008306003367AB
00008306003401B2
00008384000608B5
3057896606
3057821827
00008306002EC165
2932215509
00008306002FD86A
3057708001
3156231742
3156217037
3152371344
3057708146
3057693096
3057697689
3063746330
3380687807
3152363832
3152241654
3152359184
3057924958
3057693418
2922996469
2923000252
2922998494
2929494630
2922988188
2929455454
2922991211
0000831700155439
2922989563
2922997195
3057825869
3153046218
3057710743
3152404780
3057823763
3057826407
3381317041
3379683176
3152401551
3379756895
3063743774
3382778551
3057694166
3057813155
3057899391
3062410934
3153100523
3057826542
3057927123
3057360104
3057926901
3152399787
3056760842
3057697617
3057707345
3057355020
3152924462
3057822560
3057921548
3057697423
3152306971
3057288825
3381036262
3156467459
3056766328
3057698114
3057707762
3379733018
3380676022
3057831100
3381171007
3381044422
3057944746
3057696907
3382953651
3057823015
0000832B002C4B43
3057824820
3152296697
3056768120
3057695397
3057693881
3057358432
3155252467
3057923574
3152310278
3057944140
3057924561
3156226423
3057942021
3057693063
2934550328
2938806679
3062371312
2934611114
2941241684
2933273967
2941241716
2934690344
3380721536
2939138027
2938632962
2935044121
2934909335
2929477522
3057370322
2936950674
3057926559
3057824081
3057821982
3057833127
3149419846
3062695320
3057822252
3152802900
3152226005
3057942106
3057699622
00008306002F2243
3152231721
3057830062
3152363844
3057698690
3057709064
3057826660
0000830600338D1A
3057825865
2936977598
00008306003352FD
3057824036
3057924425
000083060033F986
3057834615
3057833144
3063710156
0000830600337264
3057694791
3057832346
3057707777
3057898052
3057707778
3153075202
3057707660
3057822601
3153082609
3057707890
3057921928
3057690352
3057813335
3057707341
3057692321
3057900758
3057900667
3153093720
3057706737
000083060033AEE1
0000832B0026BD56
3057819951
3057812546
3057364268
3057358206
3057357310
3057696150
3057898291
0000832B002BEEB7
3057926783
3057923659
3057699472
00008306003462CC
3057695998
3057925075
3057696186
3057813581
3057697213
3057356918
00008306002FE870
3057697852
3381727192
3057362208
00008306002EC085
3153126683
00008306003414ED
00008306003367A4
3156170448
00008306003365D2
3057943802
3057917806
3057941477
000083840005FD89
3057821955
3057822216
3057820536
3057824775
3057821922
3153854091
3057822579
0000838400068AB8
3379579132
3057823402
3057897103
3057820916
3057822941
3057825205
3057821428
0000830600336B65
00008306003337AA
3379690621
3057711734
3057708957
3057707868
3057709568
3057829251
000083060033622C
3057709358
3153044158
000083840003D3CB
3057690989
00008306003422C9
3152318316
3153115915
3156916054
3057707980
3057815357
3057710835
3156514920
3057919187
3057825329
3057825412
3057824521
3156301352
3057834575
3057900009
3057696314
3156212665
00008306003407B1
3056761984
3056754579
3056761502
000083060033ADE5
3057826030
3057696645
3057920807
3057897400
3057694226
3057708674
3057819361
3380644455
3057898784
3057809026
3057921627
3153095666
3057813053
3056761125
3156640263
3057943701
3156561578
00008306003018F9
3057709449
2936944082
3057708728
3156049989
3057820053
3057358194
3057697478
3057362448
3057695992
000083060033438C
0000832B00263032
3057926172
3156619593
3057810371
3057812227
3152231746
3057809893
3057810660
3057813602
3057811956
3381356229
000083060034396B
3056767301
3057820278
00008306003412D7
3057699294
3057697549
3057822310
3057822804
00008306002EFF5A
000083060034129F
3057823909
0000838400045828
0000830600301A1D
0000830600301A80
3057822853
3056766571
3056765286
3382139229
3057921244
3057698140
3381819836
3056728564
3057926646
3057810365
3057917445
3379757239
2935109271
3056762395
3156624113
3156052181
3057826099
3057825983
3156609377
3063641089
3057826211
3057827111
3057944250
3057821776
3057692984
3152301584
3063215242
3379610270
3057697061
3057356688
3057697503
3057692994
2923001817
2922999833
2923000700
2929584915
2922996381
2922979549
2929578627
2922977442
3063286267
3057696490
3057709586
3057698606
3057834138
3057920460
3057697053
3381086682
3382191134
3057927071
3062792948
3381171086
3379621961
3156563223
3380676769
3057824620
2922977443
2929584948
2922978442
2922985784
2922979666
2922978569
2922980285
2922978446
2923001708
2922999983
2922980560
3156643431
3057823895
3057825568
3057919631
2922991315
3057833450
3057831083
3057834298
00008306002F0B2C
00008306003454C4
2923000468
2922990991
2923001962
2922991566
2923001612
3057894368
3057900864
3057698936
3382989808
3153124332
3057362695
3062802776
3057821345
3057821261
000083060033F254
3057814427
3057899924
3056764927
000083840003C599
000083060030170B
3057813432
3057813421
3062346523
000083060030173B
2923001777
2929580828
00008306002FF995
3379675991
3057812654
3057693425
3057900476
3057355508
3057813182
3057693366
3382886264
2922990312
2923002450
2922976592
2922990398
2922992672
2923002685
2929500612
3057694991
3156370588
3057895220
0000830600335FB6
3057694082
00008306002F4531
3057695202
3152872130
3057823446
3057893275
3057894495
3057894722
3057894689
3057895113
3152364029
3381963560
3057920496
3057924180
00008306002FF8E8
3383299347
2932234345
0000830600301201
00008384000657F6
3057710639
0000838400065161
3057919404
0000838400062678
3057918438
3156905861
3381502303
3057917342
2929467978
2922990524
3057921461
3152235881
3057942303
3057924174
000083840005FE8A
3057922837
3057921866
3156212089
0000832B0026A858
3057927075
3152399784
3152401749
3057826633
3156334867
3057946126
3156565232
3057921597
3057943986
3380724547
3057921840
3057920345
3057894711
3057895119
3057900184
3057894363
3057943230
3057943995
2934558171
3057918862
3057926846
3057694737
3057925125
3063699012
3057697735
3057696056
3057926026
3057924606
3057696167
3057696861
3057879099
3057895825
3057919429
3057922998
3057695558
3057922427
2934636331
3057709173
3057922693
3057706533
3057711776
3057827961
3056764650
3057812343
3057823104
3057823032
3057828975
3057689058
3057344990
3057921378
3057821335
3057688693
3057711086
3063770189
3057943407
3057812211
3063357140
3062803822
3057898281
3057924817
3056768117
3057824396
3152399438
3057826402
3057815126
3057814150
3380662876
3057812013
3056763821
3056764598
3056763721
3057359940
3156065259
3057707546
3056766467
3057698286
3057698142
3057831557
3057693174
3057696059
3063709865
3057696974
3057941548
3056764402
3057697327
3057696641
3057697817
3057693423
3057814233
3057923020
3057941976
3057944718
3057944128
3057945866
3063764069
3057819172
3057944547
3057812185
3057830654
3057834421
3057920892
3057831401
3057899282
3057893669
3057809352
3056764172
3057921741
3057814149
3057923486
3057825095
3057821580
3057708603
3057693273
3057344431
3056766967
3057693837
3057821772
3057945953
3057926754
3057946265
3057946389
3057832535
3057944500
3057819207
3057821666
3057819647
3057893101
3057707034
3057707027
3057707335
3057927202
3057824826
3063347351
3057711221
3057698241
3057357289
3057360042
3056760675
3057830538
3057708418
3057694413
3057709791
3057710492
3057710724
3063963790
3057833385
3056766664
3057894936
3057822704
3057921223
3057830811
3057709031
3057814459
3057708933
3057900436
3057693673
3063686562
3057811389
3057812936
3057708212
3057706959
3063775735
3057710297
3057830796
3057811369
3057812022
0000830600336B4A
3057711752
3057829911
3057926853
3057822160
3057919755
3057898346
3057898593
3057697656
3057358193
3057925145
000083840003EFC0
3057944212
3062705002
3057832372
3057813889
3057814658
3057813165
3057695078
3057692003
3057920626
3057917932
3063697123
3057706517
3057918391
3057896282
3057832614
3057710073
3057695180
2936995092
3057711217
3057712152
3057693123
3057823604
3057813278
3057710032
3057947618
3057829899
3057830907
3057711052
3057821233
3057924670
3057711753
3057814550
3057899234
3155154276
3057894479
3057923858
3057922616
3057900787
3057922386
3057812918
3057900478
3057359945
3056728461
3057926710
3057827583
3057825400
3057825495
3057694982
3381309535
3057834577
3057696977
3057697138
00008306002F1C98
3057822898
00008306002FF888
3057706965
0000830600345F5B
3057819705
3057947368
3153105970
3152450967
3057829896
3057695797
3057694558
3380039059
3057924608
3057921862
3152399589
3057694269
3063709063
3057926424
3382144113
3057925836
3057826925
3056733272
0000838400065F51
3152231707
3057922015
3057815236
3057813710
3156504598
3057819849
3057824963
000083060033439F
3057812846
3057921258
3057812578
3057923005
3057920973
3057925492
3057822967
3057899814
000083060034395B
3057694205
3057706662
3379629790
3381577114
3380678569
3381352360
3063464391
3152305307
3057920467
3057827060
3057919407
3057822036
3153075656
3152235946
3152306924
3381377049
3057917328
3152322326
3057693667
3056761091
3057923198
3057695833
0000830600334ECB
3056767834
3057695487
3153100556
3057899671
3152218221
3152306838
3057927324
3057927366
3382184619
3156245966
3057706531
3057941242
3153095476
3156513477
3057707035
3057825978
2922991128
2922988932
2929463313
2923002477
2929579700
2922991068
2929490888
2923002253
2922991096
2922993969
2922982749
2929584493
2922983796
2922997805
2922983235
2923000592
3057700574
3380577809
3057699695
3057699030
3062811127
3057699860
3152300107
3057694631
3152298638
3057694690
3057896981
3057898211
3057697795
3057808921
3381649078
3057707064
3057707424
3057899012
3152223950
3057822427
3057896210
3057822927
3057819450
3057823914
3062819132
3382606491
3063194746
3057688359
3057700499
3057832456
3057821451
0000830600340737
3057693697
2934418873
3057707539
3057921351
2934796636
3057694375
3057922337
2922997789
2922986866
2923002895
2922990834
2922952272
3380491672
3057942537
3152227757
3057696652
3153117312
00008306003383A4
3057695724
00008306003384E4
3152229957
00008306002F475B
3156226050
000083060033D949
3380477288
3057814235
3057826081
00008306002F1189
3057822236
3057946721
3381047971
3057922811
3057823755
3057825969
3057710862
3057900520
3381308359
3057709555
3057690391
3057706556
3057899897
3057710785
3057899062
3057900243
3057707401
3382993789
3057695554
3152309811
3057692023
3156553163
2934605782
3152360068
3057823533
3057821923
3382166355
3057825638
3057824525
2922992716
3057921486
3057695760
3057894491
3057898388
2934530320
3057944328
3380686554
3057813169
3057814642
00008306003458A7
3057893471
00008306002F0B60
3057941259
3057826080
000083060034664E
3057709487
2923002714
2923002717
2922988478
2923001526
2922997412
2922996134
2922983445
3057830635
3057831719
3381110126
3057830769
3057823245
00008306002EC0AB
3152306594
00008306002FFE63
3057708361
2922990818
2922992560
2922988596
2922991079
3057897200
3057709453
3057941226
3057833679
3057834196
00008306002FF043
3057823805
3149406816
3381809211
3057823590
3057824659
3057688386
00008384000652BB
3057809112
3057812897
3057831487
3057831718
3379567694
3149163195
3056765358
3153126214
3057693877
3040697304
3056762495
3057917586
3057922588
2940239185
2922988291
2922987462
2922991200
2922991175
2936996392
3057814785
3057695671
3057813094
3382186733
0000830600335366
000083060034C16E
3057922360
3156246267
00008306002F106B
3156319088
0000830600335726
3152360900
3156635332
3057708744
0000830600338D41
3057808406
3057920064
3057917753
3057943660
3063803512
0000830600334484
0000830600344B61
3057918692
3057820074
3057708337
3153082731
3153547681
3057889241
3057694832
00008306003330E9
3057694394
000083060033DE0C
00008306002EBBCB
3039985160
3057831400
3057832499
3057820331
00008306002F1C7B
3057697302
2922952562
2922952254
2923000356
2922993315
2922987107
3057693358
3057900739
3057894729
3153109621
3057895278
0000830600345ADB
3057898894
3057894613
3057823717
3057708369
3057942288
3057924110
0000830600336047
3057944194
3057926927
3063651145
3057900361
3056767214
3153193822
3153047757
3056767274
3156357602
3063348303
3057822120
3156565157
3152236192
3153334729
0000830600345983
3057823482
3057823852
00008306002F04F9
3057697891
3057697300
3057697112
3057696618
3057695715
00008306003430DB
3057697183
00008306003337FF
3057709067
3156696474
3382603589
0000832B002A2A66
00008306002F1086
3057919584
3057918372
3381511024
3381036153
3379689433
3057823714
3057919943
3057922769
3057822187
3403029675
00008306002FF717
3057918757
3403175884
3057893342
0000830600344CB0
3382165586
000083060033DD65
3155854041
3057820947
00008306003401A7
3381619890
3156916047
3057897826
3057833738
3057707217
3152305531
3382188235
3057921305
3383143628
3057922380
3379584663
3057921433
3381256841
3057923083
3156706275
3057893180
3057822591
3057947578
3057695502
3152402076
000083060033A4E0
3056761215
3057821341
3057695625
0000838400017E1B
0000832B0023A472
3381795899
3153110136
3057825379
3057832047
0000830600334F63
3057831946
3057922086
3057893912
3063335384
3153117123
3057694291
3057697362
3063347525
3057694816
3152310563
3381736814
3057894592
3152301144
3039986734
3057693102
3057693665
3057357547
3063345001
0000830600301042
3056761902
3056765360
3057823987
3057826519
3379606534
3056766903
3062790401
3057941467
0000830600346473
3057826432
3380662662
3153338570
3156266594
00008306002FD7EB
3156212135
3156901545
3057919298
3152226535
3057898064
3380693804
3057893675
3057897059
3063718232
3062695349
2935182670
3057897396
3057694528
3057896175
3152304173
3057697016
3057922385
3057695823
3382714677
3156549603
3057918545
00008306002FF690
3057811606
3057832415
3153074828
00008306002F110C
3063743204
3057923178
3057710719
3379735036
3057894139
3381809062
3057894239
3380668356
00008306002F2148
3382154872
3380389184
3379630018
3057695201
3057693184
3156356432
3382151340
3381792241
3382884988
3382165876
3057947577
3057711690
00008306002FF752
3056768250
3380719674
0000830600338E4C
3057829977
3156620603
3380968387
00008306002EC1A3
000083060033E1A3
3382913049
3382956089
3057359806
3057358316
3057363161
3057697865
3382165313
3379765754
3057898838
3057820395
3057898967
3057831000
3057830368
3057824253
3057694100
3057822229
3152186388
3057691154
3156704632
3057822069
2922997389
2922986428
2922986976
2922989270
2922952312
2922987705
2922993020
2922988094
2923001412
3057819940
3057696506
3381254051
3153045008
3062817805
3057693270
3057696669
3057819629
3056763134
3057921685
3382956180
3382927486
3057696249
3057694818
3057698335
3062677123
3057696096
3057887151
3057900486
3057697505
3057711480
3057694474
3057925843
3057830594
3152363224
3057926712
3057831277
3057831606
3057830539
3057832176
2934559296
3057695182
3057894476
3057693170
3057708235
3057695017
3057898798
3381534506
3057696154
3057831818
3057943507
00008306002FFF70
3057830919
3057700155
3152305776
3057712436
3057823364
000083060033E12D
00008306002F16BF
3057707725
3156194879
3057708871
3063210171
3153044361
000083060033F26C
3057711287
000083060034569C
3057895980
3379970970
3063657178
3057922938
00008306002B938F
3056763744
3153116775
3057833553
000083840008B64F
3056764963
3057922538
3057808554
3057814681
000083060034388D
3057696952
3056684068
3057896105
0000830600334DDB
3057941916
3057927327
3057896756
3057822466
2934498943
3152404334
3379629750
3057822081
3057920176
3057925048
3057831608
3057694234
3057824103
3057900796
3057698020
3057819409
3153496169
3057944104
3057919865
3057695045
3057823354
3057697164
3057696794
3379703227
3057898975
2922982168
2922997894
2922993908
2929581464
2923882741
2923000342
2923001155
2922994232
3057823701
0000830600341351
3057707459
3057693771
3383116485
3057698047
00008306002FE0B5
3057899009
3435469102
2923000628
2922994522
3057813195
3056764625
3057694116
00008306002FF691
3057694734
3156049977
3057697288
0000830600345BCF
0000830600335197
2922998053
00008306002FD893
3057708443
000083060033F6DE
3057708771
3381481325
3057363893
3057697755
2922986474
2922990955
2923000850
3380683781
3156184210
3057358212
3156563075
3057922798
3057693088
3152403305
3057695751
3156456770
3153180437
2922996116
2929580065
2929488038
2922995440
2922995150
2922978198
3381039089
3381039208
3057821803
3156904369
3057832984
3156640184
3057812026
3153122270
3057360637
3057899195
3057693272
3152296764
3149376565
3057362922
3057358311
3057354476
0000830600335797
3057710689
3057710948
3057895036
3155599120
3152219499
3152305931
3057894800
3057812653
3057695858
3152405016
0000832B0026B66E
3057359136
3057821057
3056764060
3057709009
3152300839
3057711473
0000830600338079
3057828813
3057925608
3057695893
00008306002EFF3B
3057693416
3057700486
3057358751
3057925765
3057700507
3057356806
3057696149
3380659718
3057894469
2934417431
0000830600300EF9
3063191501
00008306002F1701
0000832B002CC123
3057695974
000083060033F172
3156068789
3057694415
0000830600336192
3057710888
000083060033F8BA
000083060034138C
00008306003330A1
3057826730
3057825553
3057826563
3152323257
3153109935
00008306002F23BB
3057820604
3057922995
0000832B002CA5A7
3380665988
3057894137
3057893789
3057923443
3057694011
3056762746
3057693060
3381288703
3057922794
3156382240
3381793710
3057811169
3057816243
3153109180
3057918869
2929454260
3153516120
3057811941
3057813615
3057813598
3057826094
3057820577
3057819654
3382174626
3057811113
3057824226
3057830244
3057944548
3062795898
3062813555
3057819224
3057822076
3062819858
3057825702
3156374744
000083840005FD8B
3057695040
3057830597
3057710609
3057708924
3057696372
3057710414
3057696166
3057811392
00008306003422AB
3057358430
3057359495
3381582939
00008306002F127F
3057895288
2935770451
3379690618
3056729427
3056729106
3152397558
3381165450
3057830933
3156494611
3153480335
3057695560
2922990612
2922991199
2922992841
2922987778
2922990642
3057899398
3057709053
3057900331
3155371548
3057711661
2940242756
3057821475
3057822972
3057822357
3063967802
3057821376
3057822497
3057820129
3057824462
3153124796
3156696471
3057708606
3057711714
3057708941
3057709534
3381796521
3057707355
3057697189
3380686460
3057696329
3057695158
3057710748
3057696039
3056761306
3057696129
0000830600341D89
3057695184
3057832026
3057811486
3057693007
000083060033DAEE
000083060033F695
2922990422
3152304275
3152309826
3057819295
3057819163
3379629320
000083840006512C
3057921819
3379579432
3057918553
3057927339
3057820436
3156551804
3057694206
3156228000
3057831673
3056729311
3156246754
3057707018
3057695888
3057695678
3057694689
3057693043
3156175406
3057813148
3159099081
3057819799
3057811708
3152242523
3057813086
3057812644
3057896172
3057925169
3057809263
00008306002EC19E
3057923294
3153333036
3156515921
3156372436
3152367350
3381663596
3057812113
3057809442
3057812813
3063775024
3057359941
3403174976
3153105433
2923001494
2922988352
2922987640
2922990391
2922988940
2922983881
2922991032
2922986988
3152304348
0000830600335410
3063717038
3057697972
3057356353
3381800512
3057942191
3057922592
3057922421
3057918249
3057706591
3152241404
3381788537
3057947244
3153075216
3057898882
3156246339
3057827764
3057708294
3057696063
3057707512
3057900523
0000830600300EF0
3057895492
3153092228
3057942577
3057899551
0000832B002CE87F
3379749910
3057920647
3383046643
3057942326
3057918874
2922993957
2922993934
2922990385
0000830600336ACA
3057694975
3057695020
3152243853
3153127568
3057698304
3057698299
3057695183
3057900574
3156444435
3057695197
3156624021
3057695413
3153082899
3057943992
3057834591
3149384988
3153178908
3057834738
3057826590
3057920400
3057926363
3062791012
3152214253
3057924021
3057834821
000083060033F8BC
3152299595
00008384000660ED
3057944788
3057823436
3153104785
3057941943
3153115455
3057824939
3057825842
3153101795
3057946536
3057706590
3152298949
3057925915
00008306002FE8EE
3057696107
3057356789
3057693413
3057695765
3057697311
3062793634
2922984174
2929484290
2923002826
2922987099
2922993075
2922987208
2922993070
2923002752
2923000844
2922997349
2922999323
2922993044
2923000892
2922983031
2922990992
2923001885
2923000362
2923002037
2922991055
3057893168
3057693561
3057893661
3057894011
3057894823
3057710180
3057923456
0000830600344C49
3057829924
3057831168
3057697659
3057697944
3156259937
3057696881
3057692447
000083840008B616
3057832413
3057693415
3379594959
3057696998
0000832B0026BD5F
0000838400069379
3057707171
3057947471
3057712064
2922989348
2923001833
2923001909
2922987000
2922987238
2922988106
2934552404
3057895221
3057362906
3061961351
3057707087
3057922240
3057821080
2937007152
3156195701
3380941149
2923000338
2922989449
2923001753
2934458231
2922987694
0000830600300595
3057694511
3057694026
3156047086
3153127423
3057921145
2922999473
2922990871
2922995350
2923002506
3057695718
3056760877
3057923775
0000832B0022B78B
3063814886
3057820277
3152217302
3057695482
2922989360
3057711382
3057808447
00008306002FFED2
3156373210
3057809264
3057819185
3156377846
000083060033DCF6
0000830600334E03
3057923114
3057814784
3379601695
3057822523
00008306003011E7
3057918384
3057816372
3380652371
3057696967
3057900542
3057927239
3057697208
3057696994
3057695934
3057697333
3057811268
3063712519
3057360072
3057359817
3156051246
3057358067
3057358321
3063187536
3382886298
2922976600
2922978597
2922985578
2922993297
2922988447
3057698048
3381006358
00008306002F2158
2931936373
3057832721
3057708348
3057920588
3152405147
00008306002F1C0F
3056765157
00008306002F44FE
3056761638
00008306003381D1
3056769040
00008306002F121B
3057919142
3057922469
3056765877
3057921194
3057831218
3057925740
3057696292
3057363719
3381710295
3056761651
3152552903
3056768544
3057820715
3154970479
3057813051
3156883716
3155907195
0000832B00237B9A
3056761258
3057810690
3057830651
3057709201
3057947092
3057898617
3057711526
3057832012
3057711688
3057942781
3057831926
3057693699
3057694883
3057695050
3057693340
3057694129
3057693835
3057695036
3057693556
3057711499
3057707655
3379566150
3057921918
000083060034383C
00008306003343EB
3057921895
3057813325
3057944441
3382598026
3057923072
3057923379
3382760984
000083060033B7A4
3057921730
3057922473
3057941607
00008306002EBFBB
0000830600334E3A
3057359156
3056764702
3381653792
3156214064
3057921692
0000832B002285E7
3057920848
3057697073
3057922732
3057821211
3057893580
3057922110
3057941512
3057943419
3057894151
3057944337
3057822671
00008306002EBAF0
3057814154
3381040710
3057895028
3152374416
3056766725
3062787440
2936996108
3156513405
3056763554
3063795628
3062796478
3057919144
3156231459
3159105550
3156515843
000083060033F85B
0000830600344C74
2922985008
2922989358
2922997476
2922986299
2922996618
2922990344
2922986383
2922996597
2922991272
2923003230
2922996594
2923000037
2922996603
2922998201
2922992542
2929583014
2922986343
2922996180
2922999689
2923003480
2922989564
3056767716
3156522660
3056767946
0000830600352EBF
3057947412
3057826077
3057825378
0000830600346936
3057695373
3057885818
3057693500
3057697883
3057694128
3382150267
3057697282
0000830600336852
0000830600338DDB
2922985195
2922992260
2922992914
2929453666
2922986241
2922986289
3057822063
3057834020
3156259702
3057694876
3057832755
3057834484
3057900273
3057698238
2923000532
2923003185
3152363264
3057918125
3057941980
3057895037
3057894116
3057824979
3152298083
3057893888
3057943093
3380470312
3057921650
3057708275
2934744455
3057944013
3057942795
3381798747
3380658861
3057919771
00008306002F112A
3152299876
3057821316
3057896197
3057828431
3056765475
00008384000654AE
3057813170
3057813173
3057808555
3057809237
3057812796
3057808891
3057812857
3057813706
2922994000
2922981027
2923000496
2922987552
2922990794
3156637403
3057919936
3152363016
3057694871
3057707971
3057813164
3057900002
3153536142
3057900018
3057898738
3057942970
0000838400068627
3057831814
3057943610
3156504273
3057833740
3057826999
3057834409
3057942878
3057925499
00008306002F2F06
3057943927
2934611343
3057899277
3057900165
3057828318
3156898342
3152234191
3057819601
3156905974
3057826712
3156518396
3379737409
3382192366
3057920413
3057694809
3156234596
0000832B002A39DC
3156506478
3057825971
3156051148
3056767698
3152300266
3152399613
3057896611
3057711184
3057810206
3063331983
3152219998
3057711114
3153079266
3382956114
3057710097
3382156727
3057707124
3380987271
3156903597
3379750069
3057919982
3057893794
3057822943
3383357634
3057695746
2922952680
2922952279
2922952280
2922989130
2922952229
2922984116
2922952681
3057920212
3057921416
00008306002FD6B4
3403173008
00008306002F1089
0000830600338ED3
00008306002F1259
0000830600334FC6
3057693674
3057698008
00008306003458A2
3057923853
3156491647
3057920330
3057833778
3061962111
3057922681
2934833961
3057920213
3057700258
3062202507
3156336433
3057922087
3063340217
00008306002F1C66
3382958511
3057894462
3057917803
3152366203
3155358507
3057946111
3057942806
3057917383
3057946171
3057920127
3155890657
3057942621
3057820231
3057920190
3062819744
3057919449
3057919670
3062779530
3156697391
3057710178
3057919137
3057692178
3057834084
3057821788
3057917871
3057826626
3152310222
3057711558
3057697912
3057693917
3057939954
3057898056
3382188620
3057897918
3057709973
3382885270
3156054402
3152233467
3382008232
00008306002FF834
00008306002FFB5E
3057895909
3057897641
000083060033F40D
0000830600336128
3057900669
00008306002F3699
3062691953
3057895233
3057943923
00008384000480FA
3057831293
3152399696
3057711155
3057709288
3152320267
3057894588
3057893674
3063287076
3057694503
3379690687
3156483027
3063940323
3152321373
3057919774
3381792757
3057894267
00008306003454D6
3057812923
3152224426
3057829900
3057812597
3057811874
00008306002F4737
3382133489
3057825469
00008306002F2171
3057823330
3156503642
3153116517
3153079322
3057707891
3057920821
0000832B002C7121
3057899863
3057922450
0000832B002CFF6B
3056762325
3153105684
3057946954
3062690614
3057690994
3156250648
3057691213
3057943445
3057941996
3057946431
3152236232
3156485375
3057815099
3057711166
3057820097
3155192769
3152399573
3149479347
2935051680
2929489484
3057696499
3382601837
3057697827
3153166685
3057710271
0000830600353B78
3057706992
3057696342
3057813256
3156432167
3057711381
3057812304
3152219063
3057813005
3057809244
3383057967
3381028342
3159143329
3435487641
3057360469
3057358317
3057918702
3381225973
3057687891
3381697381
3056660199
3062802478
3057920932
3057690079
3057824229
3382940184
3380674064
3057830170
3057830029
3057709376
3152930756
3057831352
3057830045
3057825270
3152306922
3057823466
3057893352
3057699467
3057899963
3057832920
2934259148
3057697502
3152297897
3057822645
3153118611
3057698082
3381809176
3057697351
3057709851
3063445500
3057894242
3156255758
3057695458
3057812643
3063717548
3057694859
3152214506
3057833451
3382880060
3062810673
3380687403
3057830157
3152320640
3057832790
0000830600344BF5
3382885434
3057900123
3381288851
3057824425
3152317214
3057943265
3057945415
3057696670
3382885374
3156260368
3057825485
3382140572
3057823800
3152301581
3381862315
3057821380
3152366894
3057820137
3057824057
3057942437
3056768715
3057923592
3057946406
3156267928
3057895228
3057946867
3057919840
3057893660
3057822043
3057942809
00008306003457E9
3057893100
3057820857
3057830042
3057893281
3057830179
3152231532
3382163611
3057830887
3057707448
3382186225
00008384000673B2
2936944344
3057707748
3381795817
2922986966
2922995074
2922987172
2922997250
2923000484
2922994454
2929495707
2922982972
3057811976
3057812070
3057832106
3057830323
3063523305
3380709198
00008306003017FE
3381208687
3381039207
3057822044
3152359547
3057898246
3156213309
3057943436
3057823137
3056728875
3062792658
3056728771
3156263190
3057831629
3056728559
3056730299
3056727360
000083060034643F
3156270533
00008306002AF558
3057918588
00008306002EC16D
3057825608
3057918152
3152309694
3057919262
3057920366
3057947157
00008306002F22B0
000083060033F16F
0000830600336ADF
3383037733
0000830600333097
3057694292
00008306003443FF
00008306002F22A4
00008306002FF88F
3156048467
3063343456
3063713985
3057711786
3057942883
00008306002F22E3
3057825440
3152296978
3057941511
3057942736
2923000552
3057941555
3057943289
0000832B002C5C60
3155521396
0000830600340A97
3380716232
3152306773
3156191355
3057831653
3057822168
3057822127
3057826599
3156740501
3057820760
000083060033AE18
3057831321
000083060033A451
2922994400
3152299398
00008306002FFFAE
3152368917
3152306847
3152323142
3057825369
3156620365
3056684708
3057945742
3152404942
3381584013
3152231909
0000838400060B28
3149382775
3057893378
2934571288
00008306002ED203
000083170015F722
3039987401
3152212520
3057698187
3057698744
3152308689
3057824122
3056767961
3056766430
3057826508
3381793877
3152235309
3152311344
3382878526
3381477213
3153109530
3152359733
3057706913
3057693941
3057711681
3057711161
3057707184
3057709969
3057708253
3057811563
3057830636
3057832178
3063742949
3057831047
3057834385
3381492405
3152230005
3057696780
3152364335
3152297394
3057922102
3381757731
3382797252
2922996522
2922987011
2922982271
3381309478
2923001117
2922994484
2922999379
2922996685
3057917590
3152219044
3057941250
3152321773
3062675215
3152362011
3380709233
3156627033
3057941385
3057919444
0000838400064314
3057831883
3057811683
3057695077
3057362144
00008306002FDEED
00008306003331A3
3057358535
0000832B002C5C3D
00008306002EBB30
3057900565
3057820327
3057917751
3057923183
3057920877
3057899451
3057830403
3152213202
3057819484
3380565728
3057710530
3057694433
3057830184
0000832B002CF194
3057926572
3057831282
3057830263
3057831875
3057831730
3156512801
3057831621
0000830600340E55
3156697011
3063685541
00008306003411FD
3382881028
3152235518
3057711366
3057826993
3057709420
3153079506
3152304104
3057709325
3057941202
3057825838
3057710850
3057711362
3057918283
3057917465
3057919886
3057708566
3057812161
3057711241
3156363673
3403049919
2923002799
2922982265
2922984266
2922994330
2923003814
2922986367
2922996549
2922999421
00008306000A3219
3159147455
2922977664
2922985110
2922993195
2922976392
2922992902
2924092273
2922985020
2922977076
2929583189
2922977785
2922978688
2922992986
2922993394
2922986307
2922981659
2923003047
2922990594
2922994779
2922993987
2922990265
2922999907
2922978401
2922986425
2922978311
2922994359
2922995902
2923003416
2929585307
2922992732
2922981594
2922981719
2922977165
2922981814
2922979148
2922990542
2922981648
2922988622
2922994334
2922987350
2922988770
2922987012
2922988016
3057830758
0000830600340CAF
3382758437
3159095855
3057830346
3156273890
3057893682
3057894471
3057944079
3057692548
3057830762
00008306002EFFEC
3057943851
3057925428
3057830818
000083060033386B
00008306002FD795
3057832483
3057943930
3057941663
3057941829
3152397813
3152300252
3057947697
3380707436
3152218802
3057820806
2923001290
2922982228
3057711458
000083060033710B
3057710489
3057942174
3381730526
000083060033E2C7
3057942369
3152219916
3153100513
0000830600300EF2
3382955483
3057829844
3057830167
3056764728
3057696961
3057697873
3156336139
3381579818
3057691753
3382164770
0000830600335099
3156256121
3057819514
3063967869
0000830600336C47
3057900792
3381809000
3152302379
3057820083
3057900856
3057900819
3057923176
3057921949
3057892845
3057920475
000083060034634A
3380487213
2922995091
3152317686
3057896083
3057895906
3057894599
3057919171
3152300210
0000832B0026A5CA
3057711652
3156888942
3057695130
3156172306
3057708464
0000830600340247
3062794281
3057826067
3057829991
3057830890
3057918948
3057695265
0000830600341608
0000832B00249CA0
3057811832
3057694388
2934416265
3057943467
3057822565
2931937962
3156548839
3057822812
3149160571
3155354683
00008306002EFC32
0000838400065266
3063217755
3379740485
3056680598
3402696271
3063744617
3057943863
3057819800
3152404759
0000832B002C0646
00008306002EBB44
3057697359
000083840006B5C1
3057942948
3057942703
3057943026
3057941735
3057917571
3057820533
000083060033ADE0
000083060033E94F
3057825471
3063354447
3155442949
3057900444
3156513144
3057898850
3154987780
3057899881
3057942600
3057697969
3382935332
3152227697
3155441884
3057695547
3152324457
3380660466
3381496998
3057708030
3152297846
3156611523
3159083068
3379630032
3056727591
0000838400061649
3057921289
3152323205
3057899910
3057894270
3057925927
3057823183
0000832B00275DCE
2934371339
3383050250
3152401533
3381964310
3057835204
3057825060
00008384000617E3
3152303969
3152401990
3057942655
3057943111
3156053523
3156063799
3057944535
3057943226
00008306002F23D8
3057941382
3153153426
3159087124
3057896617
3156219286
3152363390
3156255005
3057925645
3057899943
3056683831
3381317074
3152242729
3057361843
3057357155
3057696278
3057899412
3056762128
3057923458
3057832080
3057695227
3152360245
3057918430
3056760802
3057920987
3057690598
3057690692
3057691443
3156231629
3063740125
3057819362
3057830082
3381012710
3057919568
000083060033EA5E
0000832B0022723B
3057898582
3057823239
2923000204
3381681698
2922952463
3152225965
3057693700
3057698765
3057695350
3152232267
3155861144
3156609892
3381588577
0000830600338D72
3057693593
3153292660
3057706821
3057947737
3380687595
3057923426
3383046591
3056727619
3057691172
3057824426
3057821287
3057893699
3381208228
3057820795
3156349116
00008306003010D8
3057947892
3057918594
0000832B0026E664
3380391379
3380676232
2922992992
2922992990
2922977574
2922988448
2922983026
2922987079
2922997551
3153182062
000083060033E80C
3057694693
3057695660
3057820722
3156044936
3057893586
00008384000114D4
3152359142
3383130085
0000832B0022ACFE
3380043411
3057813390
3057811357
3156072602
3057894913
000083060033EEC8
3057896103
3156209967
3057811651
3057706781
3057694590
3057812052
3152219976
3381620842
3057813818
3057696252
3057822498
3153079420
3057830079
3056730382
3057830183
3379688749
3057692126
3379704231
3153126031
3153061978
3379606860
3381808781
3380721375
3057895977
3382955824
3380365389
3381788130
3057899949
3057697786
3156048674
0000832B0026EF54
3057697888
000083840005FDA0
0000830600341D99
3057693267
3057700272
3057900077
3057819942
3057815581
3057899790
3057899052
3057819634
3152321419
3057900019
3149176196
0000830600344407
3152363730
3057946425
3156483690
3057825746
00008306003422BA
3063694176
3057826693
3380978930
3057822819
00008306003016F2
3057893377
3156271386
3381492462
3380696527
3057825282
3057945873
3057820499
3057695230
3057692131
3057819328
3379622604
00008306002F0C68
3057893017
3063728530
3152367079
3152302598
3057822297
3057946884
000083840005F402
3156254529
3057823603
000083840006555F
3057923247
3057821691
3057690881
000083060033DF92
3057900295
2923000880
2922988454
2922976444
3379581714
3382943851
3380426035
3153049955
3382140889
3382143181
3382939824
3153128628
00008306003422C7
0000832B0026AE16
3057821089
3057919912
3057831454
3057917535
3057919630
3057831128
3057918083
3056764833
00008306003381CE
00008306003380B2
00008306003383AE
0000830600338133
0000830600334620
0000830600333593
00008306002FF902
0000832B0026DF35
3149475375
00008306002F35DB
00008306002F0FAA
3381019554
3056767201
3057941358
3056727357
3056728774
3057692550
3153114232
3057922645
00008306002FF884
000083060033828E
3381465595
3382993496
00008306002FF1F4
2934547812
0000830600340B82
3057812330
0000830600336B63
00008384000608FF
3381600555
3057941932
3380989866
3057898804
0000838400006BD3
3057918251
3057941327
3156474106
3381493205
3379683083
3057709841
3057827842
3382914146
3153108465
3057693672
000083840004859A
3057693711
3057695436
3039986968
0000830600340DF7
3057693491
3153339460
00008306003414B6
3057921493
3057942105
3057897526
00008306003402C2
3063211836
3152231476
3156554517
3156259826
3057706524
0000830600338D08
3057812978
3056763950
3057900647
3057699293
3057815216
3057359341
3057355573
3063670127
3152311492
2922977876
3056763234
3156172474
3057710578
2936948501
3057815374
3057711034
3057709258
3057825767
3057832286
3381305395
3063343097
3057939706
3057918855
3057824567
3380023730
3057693221
3152240157
3057710996
3057920572
3057947495
3153095808
3152362306
3057920080
3057833958
3057694533
3057941875
3057947723
3057947819
3057708525
3056768658
0000830600336A29
3152306944
3057830151
3056756221
3380676164
000083060033FB78
3152231051
3056764716
3381624577
3057926955
3056727508
3057918738
3152186842
3153075856
3149430771
3057826653
3063795226
3153121388
3057942714
3057943970
3152185318
3382039135
3063796929
3057829889
3057695002
3152361781
3057822092
3381793703
3057709885
3057830549
3380713667
3057707436
3063652321
0000832B00274973
3056765036
3153075469
3057893903
3156044547
3156439347
3057820361
3057360239
0000830600344BFD
3057695786
3057696830
3057831610
3382886300
00008384000613AF
3156258239
3057360485
3057363916
3057822652
3380663413
00008384000443AE
3057697937
3057364071
3381545174
3057920533
3056762808
3057821821
3057707231
3057824295
3057925184
00008384000600FE
0000832B0023C1F2
3057820476
3057832253
00008306003385AE
000083060033DD02
3380486369
3057672528
000083060033DAA1
3057893879
3057819793
3057943282
3057919841
00008306002FF698
3057820539
3062776307
2922991127
2922991064
2922991088
2922988640
2922987528
3152214337
3057944243
3152227942
3057832840
3152308796
3057696799
2922987243
2922987627
3057697945
3057832058
3056729320
3057690884
3057823409
3056728325
3056681195
3056728506
3057900294
3056733417
3063449166
3057694736
3057700403
3057695065
3152219640
3057898529
3057926295
3057824372
3057815245
3057941831
3057693761
3057918387
3057942083
3057813881
3062805027
3057707199
3057696053
3057698099
3057708652
3057696085
3056729428
3057698440
3057696353
3056727498
3057926507
3056756071
00008306002F0C52
3381492477
3156561352
3063194646
3057944184
3403050419
000083060033B70E
3152323048
3152399848
3057698061
3057920444
3152226434
3057923699
3057696489
3057922760
00008306002FF99B
3057693960
3057900753
3057695021
3057707541
00008306003412C1
3057709447
3057918998
3057710997
2934722366
00008306002F2EE1
3057697586
00008306002ED076
3057944476
3057943469
3057825194
3057942464
3057943033
3057821127
3380695471
3057709241
00008306002FF913
3057709775
3152363174
3057693039
0000830600340DEE
3063199130
3057711738
3057697481
3056730025
3057697875
3057698329
3057925337
3152219516
3056729991
3382059368
3057699623
3057697059
3057824318
3057696852
000083060033D5AB
3380466179
3152360242
00008306002F452A
3057942011
3057823358
3155283471
3156623793
000083840005F358
3057917405
3152304256
3057834875
3057821122
3057823579
0000830600335025
3156516622
3056768961
3057825927
3057946882
3152230649
3057832094
3057360353
3155855189
3057356814
3057358648
3057357956
3057943029
3383049736
3156080697
3057942148
0000830600344CA6
000083060033EFCE
0000830600338106
3056682079
3056761129
3152400909
0000830600336664
3057823801
3153116224
3057945425
00008306003462ED
3057696769
3057699693
3057697076
3057695261
00008306002F184E
2934831045
2922952142
3057811243
3062372949
0000830600340078
3057918950
3057824151
3382020395
3156233008
3057918261
2922996374
2922983666
2922983349
2922994952
2922983694
2922987458
2922987598
2922987579
2922988952
2922991076
2922987854
2922991231
3057920993
3057898867
3057695301
3152803452
3057927353
3155329823
3381355180
3156258948
3152319107
3057825398
3057830169
3057693631
3057944117
3057944054
0000830600340052
3057830580
3057824857
3057824603
3057820748
3057711322
3057830772
00008306003017D4
3057823507
3063728066
3063774223
3383045551
3382102778
3057819694
3057893009
3057896517
3057945954
3057895281
3380812422
3057822616
3057895595
3057896601
3057896872
3057820389
3057896421
3057896008
3057895746
3057832480
3057832285
0000830600335FF0
3057831992
3057824155
3057832712
3057920513
3152304195
3057831342
3057945701
3057941935
3057942542
3156260659
3057900241
3152305041
3057824345
3057947576
00008306003384EF
3156349117
3057820836
3057363143
3156246314
3057363150
3057824246
00008306002AD984
3056763619
3057696814
3057944349
0000838400043BF7
3057945746
000083840006A4C0
3057945559
3435427532
0000832B00271697
3057919984
3156623612
3057822296
3057897723
3381562421
3057824329
3156620435
3156229452
3063771160
3057824354
3156563825
3057917994
3057895004
3153117131
3057694095
3057692092
3057690686
0000832B002702E2
3380676254
3403175233
3057925355
3403036353
3057363325
3382948043
00008306002EBBEA
3152324276
3057708675
3057942632
3153102014
3057356788
3057360607
3156696940
3057700303
3154977655
2934667588
3057944724
3153109987
3057899891
3057941386
3057900691
3057894237
3057898893
00008306002F0DC2
2929496495
2922991591
2929486792
2922997450
2922976540
3057945480
3156562929
3153052132
3057826168
3382938627
3057826988
3152905684
3063347479
3057830598
3056682215
3056683970
3156560318
2934820811
3057926212
3057927299
3057924778
3057896313
3057830606
3152186727
3057833118
3156613617
3057941554
3057834238
0000830600340BC8
3382885433
3057947734
3057921874
3057897623
3057941330
3381308266
3063174584
3057922479
3057899626
3057943326
3057822506
3156907185
3057709226
3057710418
00008306002F1135
3156919380
0000838400064EDE
3153041076
3057917872
3057708841
0000830600333737
00008306002F1083
00008306003371F1
3057826323
3057823249
3156704368
3063737807
3057917895
3057823690
3057827841
3156907589
3381579737
3057945966
3057946681
2934769428
3057946880
3153095496
3057695382
3057363714
3057698296
3057694723
3057712657
000083060033B7EE
3057698232
00008306002F0DA2
3057696972
00008306002F174F
3156335376
3057926338
2935020369
3382184509
3057924790
3152323184
3057833587
3153047628
00008306002FDECF
3379630207
2922986952
2922986618
2922983906
2922994436
2923000766
2922993597
2923001024
2923001113
2922982390
2922997365
2922978112
2922986846
2922988718
2922979589
2922991071
2923002218
2922988832
2922987540
2922988956
2922988466
2922991011
3381579653
3381024354
3057672322
3382886477
3057711592
3057944233
3152225486
3061962637
00008306002F0AD1
3057921991
3381540959
3156186700
3380732721
3057820370
3156485470
3380726076
3152216791
3380807187
3057918301
3152233906
3152305644
3152304601
3056730512
3382881123
3152218551
3057819993
3152231836
3057673802
3063768664
3382752531
3380657844
3152318270
3152233850
3380671457
3057821131
3057813954
3057921587
3381567504
3057924511
3152324486
3382150890
3057693501
3152367692
3152364412
3057700060
3156259945
3057707507
2936948579
3381601099
3057696795
0000830600346497
3152225763
3156514670
3379682299
3382172008
3152223907
3057693526
3057819249
3057822654
3152233823
3380696304
3057900275
3380962061
3057707620
3152405763
3057830380
3152401796
3380663919
3156386022
3057898759
3057833123
3057695740
3382148594
3379609275
3057820182
3152300574
3152231648
3057920521
3057941669
0000830600336C54
3057941864
3057900602
3156046762
3152218252
3057832298
3156505525
3057814148
3152299984
3152214403
3381394093
3057698045
3380416332
3062778192
3156350604
3062824411
3152404677
3156227969
0000830600341CB6
3153104135
3155461272
3152224887
3152318552
3057288322
2931998922
3380388955
3152401692
3156246362
0000830600255205
3152303130
3062693658
3062694643
3039988247
00008306003011C9
3057675461
3381501721
00008306002F0C25
3057674491
3379689487
3062818134
3062817768
3039987102
3152320330
3062778552
3062789085
00008306003355BF
3062800355
3062796273
3062339655
3062338130
3058565792
3062794617
3039985382
3062820704
3062776178
00008306002ED005
3062776987
3062809901
3156178353
3062789151
3062201100
3153076431
3062819781
3062702846
3062681114
3062442822
3062339353
3062375031
3039985115
3062701035
3062795158
3381795861
3379632906
2937007102
3063773256
3062796408
3156174014
3039987211
3062372489
3062681048
3062677895
3062371501
3062794678
3062816787
3062690911
3058315966
3152363150
00008384000685E7
3381751094
3061956198
3062339851
3057679289
3062339836
3156209869
3057673969
3062791214
3062682478
3062822145
3062818791
3062819531
3063966527
3062801914
3063742358
3062800924
3062690253
3062815573
3058569205
3062374207
3152318456
3062200899
3061960081
3062375301
3058318885
3062340598
3062340760
3152310702
3039986503
0000830600338FBC
3057679209
3156080722
3062802884
3062692862
3153175870
3062691844
000083060033EA25
3061961019
3058566688
3062778546
3062791043
3153119930
3058569524
3061956012
3061962396
3382059393
3062786653
3381795874
3153117290
3062786749
3382171078
0000830600340E22
3153095584
3062800741
3062803221
3062695164
3062700680
3062676564
00008306002F1218
3152221164
0000832B0026B83C
3062685194
3062701498
3058566775
3062820607
3062805737
3062690869
3062201161
0000830600341309
3062692579
3152319847
00008306003464BD
3380653895
3062692176
3062693080
00008306002F125A
3381541740
3063461833
3062692216
3156356792
3152399699
3156635110
3381109396
3152300153
3156212110
3152304311
3062818292
3062816783
3152360104
00008306002F0D31
3063453324
3062201001
3057674445
0000838400065133
3062200441
0000832B002848D4
3382938603
3062776386
3039987811
3152227615
3156898385
3380195455
3039983657
3062691980
3062189192
3062683905
3062372865
3062821201
3062817892
3062373589
3062820350
3156904812
3062793995
3380033063
3155902149
3062681445
3062372678
3062220453
3382066595
3062219771
3381801376
3061991549
3062219090
3153105302
3153082944
3155936313
3149441414
3062690870
3381066659
3382885061
3381800346
3062795536
3152910647
3062693794
3061955769
3062820816
3062342375
3153588771
3062806828
3062804465
3058566240
3062356150
3062801843
3058566173
3058568743
3156046096
3058562898
3062801778
3152309897
3062820927
3062347459
3381377759
3062694174
3156226317
3152311075
000083840004762B
00008306002FF746
3156504547
3381334462
00008306003337E8
000083840006E775
3062693092
3062683114
3152366299
2936973821
3058567231
0000838400069138
3062818937
3381495220
3062817756
3058563688
3152320419
0000830600336BA7
3062818577
3062694247
3062684626
3062690637
3062790445
00008384000650E4
3062820120
3058569884
3152229927
3062691102
00008306002F0DB6
3156212662
3152187858
0000830600345F43
2922990308
2922987451
2922991268
2922988147
3062372345
3062679735
3062187860
3062790873
00008306002FF161
3062790413
3403048917
3057288655
3159141661
3039985185
3381699426
3057671758
3058562980
3382167356
3381228342
3039986801
3152236244
3057287996
3152219200
3057286900
0000830600338151
3062805165
3156895983
3062681607
3063354138
2922989480
2922995820
2922988256
2922989364
2923002501
3058566531
3062679312
3058567107
3058565492
3152317936
3039986667
3062794819
3062776500
3062810665
3062776929
3380683818
3152242869
3039988149
3057819691
3062811931
3383036330
2922989180
2922994760
3058565166
3058564273
3152310720
3152306724
3062790587
3058565643
3058561851
3062807925
3062778381
3152299991
3062810569
3063685324
3062809154
3062786832
3062788829
3156907262
3062790152
3062814050
3062792916
3062778332
3062810922
3057674041
3057672875
3062823914
0000832B00232D93
3058563341
3156270700
3156066086
3062681051
3058565917
3058565607
00008306002FFF67
3062345383
000083060033901A
3062680476
3062801896
3062418336
3062356781
3062341312
2934343325
3062339343
3152220600
3156231151
3062818425
000083840006263E
3062819954
3156706346
3152398966
3062681384
0000830600345BC1
3057671825
3062796775
3149428331
3062790348
3379690965
3061956131
0000830600338ED0
3153123936
3062801736
3057672426
3153106008
3057671863
3057673905
3153105709
00008306003456E6
3057673533
3062808049
3062801915
3062374468
3062218965
3062808154
3062808018
3062801767
3062796811
3156262355
3062800989
3153105692
3062811378
3062692372
3153075180
3057686704
3062802699
3152224376
3062682322
3062372672
3156894917
00008384000417ED
000083060034049E
3062374647
3062372266
3058566022
3058567021
3062793821
3039986410
3039989224
3039986897
3062820562
3039986412
3057288835
000083840006824D
3039985392
3062816212
3062801435
3057674240
3382154864
3153124841
3382148532
3062820376
0000830600335064
2939111233
3062693075
3152231103
3380676096
3062690558
2936944868
3152322933
3152865280
3057672508
3062693312
3062680227
3380661188
0000838400040473
3382935539
00008384000686E7
3039985030
3062692481
3057674845
3057676092
3062351573
00008306003462F4
3057678697
3062220660
3062786691
3062688206
0000830600340314
3062701208
3057944375
3062789133
3062695071
3062808751
3062340194
3058561211
3064613086
3153328920
3062374681
3382912862
3062776471
3062684011
3382145222
3062777289
3062794610
00008306002F221C
3039988390
3057676488
3381799847
0000830600344C42
3058568181
3062680570
3062694829
3058565011
3152321417
2922986239
2929479809
2929579341
2923003830
2922997320
2931773680
3039984924
2934744454
3062795900
3383161917
3062792193
3382883523
2934602165
3382175547
3062800892
2922988148
2922990300
2922986323
3062819356
3062787766
00008306002F0B4E
3062690892
3149427740
3057886448
3381481190
3057919713
3062779060
3062803373
3062809097
3062778791
3062815701
3062694006
3058570021
3039988435
3062691156
3057287206
3062693884
3062344418
00008306003460E1
3039985352
3062790318
3153122463
3061955568
3153075350
3062802655
3382991471
3062801805
3055893987
3039987304
00008306003381A1
3057287428
3152310990
2922952275
2934665091
3057286862
3039986634
3057672094
3382159555
3062682370
3152359781
3382129377
3058568505
3062817223
3062356313
3062347693
3381572548
3039984808
3057287512
3039984014
3057286740
3039988080
3039986841
3039987792
3039985776
3379621324
3062695382
00008384000660FA
3062792717
3381382481
3062815154
3062817286
3382591487
0000838400065621
00008306002EBBDE
3062792520
0000830600341321
3381039230
3062795574
3062824399
3061957849
3155442912
00008306003344B4
3057676397
3062794134
3152305508
3062684427
3062218589
3380979992
3381580522
3156235884
3062374060
0000830600345524
3062337898
3155218357
000083060033F0B3
3156520264
3156639451
3063340236
3062805467
0000832B00228A86
3062805941
3382163913
3380737597
3062218000
3153108441
3381824799
3058566302
00008306003456ED
0000832B002A30BE
3062694228
3153094643
000083060034121B
3156248453
0000830600301017
3156553657
3153122310
3382150408
3379602337
3380509475
3380670818
000083060033FFC2
0000838400017095
3153105628
00008306003342D5
3062695432
3153105491
3062787643
00008306003360BF
3381700271
3062339378
3039983923
3156697264
3153100118
3062801314
3062802256
3062788344
3062809467
3062801248
3057894697
3380478964
3061959881
3057671738
3062822730
3380435080
3062820886
0000830600301863
3062777442
3063713594
3382038726
3062793994
3383116785
0000838400069FF7
3062814666
3156515898
0000830600340C6B
3153079056
0000832B00273D51
3063640637
3063461807
3062820260
3156359575
3379689480
0000832B002B3D1D
3062820798
3061990509
3156263296
0000830600332F97
3062341777
3380982258
00008306002F0C30
3379698061
3383154317
0000832B00242CE1
3382769146
3063459040
0000830600340B7A
3156521808
3057287208
0000830600300EF8
3381809182
3062691439
3380363671
3057288543
3152304373
3152305830
3062818892
3381808867
00008306002F1D0F
3381573741
3057672123
00008306002F45B2
3156266575
3058566568
3062208770
3062217144
3062802082
3381792229
3153080988
3058564918
3058567119
3062677076
3062682775
3062692411
3063789924
3153330950
3062700849
3039984598
3152219180
3062698685
3062800493
3062789508
3062693149
00008306003013CC
3056325481
3152317861
3062693347
3062813111
3062681065
3062787062
3152372997
3152320257
3382935893
3156841251
3062801771
3062441991
3058568176
3062684347
00008317000AE1D5
0000838400040A43
3062813118
3062338807
0000832B0027249E
3062822113
0000832B002AF159
3381460243
00008306003386CC
3152223791
0000830600300439
3383161069
00008306002AF703
00008306002FF8FF
3062789915
3062786541
3063722311
3062786544
3062786686
000083060033DBEB
3152317492
3062793071
3152362066
3153159903
3062821464
3062800982
3062692781
3058321576
000083060033508C
3156221847
3152366378
3062815557
3062681487
3062681373
3382101111
3057287429
3062373835
2934790535
3062691540
3380485096
3039985805
0000830600332FEF
3152322317
3058566553
3152366295
3062804888
3062794080
3058564323
3062684520
3062693996
3380649260
3062374677
3152309791
3379690664
3062340766
3152213152
3152367494
3156097320
3057287580
00008306003369FB
3380694729
3039987036
3152231789
3062802360
00008306002FF6C9
3062339403
3062339720
3062821595
3057675118
3062682561
3156907334
0000838400062D57
3062792766
3062820793
3382143489
3153539519
3062790408
3062790708
2922986249
3152401542
3156212261
00008384000601E8
3152367462
3153107601
3156248682
3379596665
3057673730
3152399791
3152306622
3156553188
3062695283
3152186918
3152300242
3152186880
2934675931
3062810183
3152362048
3062779228
0000830600340DA8
3152322855
3156098344
3381589096
3062801988
3062779123
3152302778
3152218445
3379770732
3381479621
3379764950
3152310724
3062818256
3057679373
3156503665
3152221176
3062819914
3381151327
3062795933
3155441471
3152187965
3062795507
3062374320
3058564977
3382949556
3062187270
3382920368
3156517889
3153082804
3156566242
3381308378
0000830600335261
3062817284
3156492282
3039987408
3062691852
0000830600338303
3156044929
3062691388
3062683057
3062189387
3062218504
3152364319
3062792898
3152214494
3152318614
3152317911
00008384000450DE
3153116589
3152299669
3057674355
00008306003463EE
3379696633
3156221753
3382792655
3057286570
3156172748
3062791506
3152399453
3062817971
3152297267
2935707211
3156521751
3381371161
3057676288
3062682706
3057674533
3057675764
3062375698
3063357413
3062693524
3381621482
3058565933
3039986020
3062809513
3062796343
3062796527
3062778435
3062796118
00008306002F228F
3062795734
3058565802
3039987806
0000830600338727
3062680787
3062816323
3152297223
3152299121
3062795984
3153081033
0000838400064417
3152215956
3153074941
3156896874
3062347507
3062679903
00008306002EBB1B
0000832B002BE056
0000830600332F1A
3062337925
3149406789
3156221800
3062692417
3062690608
3057671791
3379687108
3155448656
3063448071
3062682012
3379584602
000083840006051B
3061962400
3152359272
3156263641
3156213748
3155441939
0000830600333F45
3062794422
3149445102
3380686345
3062681992
3156491110
3152401981
3152318568
3062688800
00008306002F44C2
3062682638
000083060029F214
3152308677
3156260492
00008306003350B8
3156491098
3062815452
3062789241
3156044932
3062790468
3063782914
3156229841
3152323562
3057672482
3152239761
000083060033803F
3156191396
3153108280
3152318906
3058565201
3062219935
3062808868
0000832B0022B3BD
00008384000162FB
3381793741
3152214427
0000830600340CDC
3062802186
3062796517
3062701140
3062824468
3381304904
3062690891
3062802979
2934832223
3062776382
3062809021
3156170442
3062809667
3062808625
3058565447
3153125598
3062815137
3062694438
3062684906
3062817753
3062695431
3062694812
3062792307
3061955607
3057288397
3039986311
3062817794
3039984664
3062796040
3062694338
3062792905
3062702287
3062371678
3062691165
3062803060
3062803416
3063697143
3063295382
3061990864
3062693520
3062341381
3062220485
3062691049
3062340736
3062374415
3062692377
3062818113
3062340815
3058566621
3062691547
3062219163
3062683993
3062814563
3057673193
3062810671
3062812475
3156226232
3062795315
3062806694
3062793692
3057678248
3057672385
3062777596
3062820508
3057671901
3062682871
3062801295
2936995088
3057678832
3062690638
3062819664
3062684622
3057288798
3061956042
3039985137
3061957850
3062803610
3057286453
3062819844
3380651234
3062812767
3062776985
3062812726
3062796407
3062821588
3062341778
3062701956
3062441462
3062341885
3062795451
3061960791
3062692105
3062337984
2936996188
2934652171
3062340029
3062803128
3062792447
3058567068
3058565441
3058567168
3039988551
3058564990
3061955553
3062347805
3062338379
3057671630
3061959056
3058568098
3062444669
3062698259
3057288742
3057288416
3062704128
3062703272
3062701204
3062793688
3062779074
3062695104
3062703056
3057678931
3057679115
3061956202
3381209694
3039987194
3062375017
3062374170
3039985157
3062694399
3039986240
3062702943
3062692298
3062703382
3062372344
3062822381
3062778579
3062776565
3062807573
3062802130
3062802429
3062690632
3057674985
3039986665
3062690482
3039987508
3061957845
3061957135
3057943838
3062817043
3058569405
3062219908
3062694989
3062787294
3155289429
3063357795
3057674531
3062820109
3057672181
3062694815
3058568078
3062344680
3062220511
3062693726
3062694196
3062694380
3062692059
3062682410
3039986371
3039983851
3062808224
3062789345
3062790259
3062371646
3062801957
3062443988
3062693623
3062371928
3061963197
3057693202
3062819658
3062800821
3057676096
3057672730
3062340737
3062808919
3062778231
3057923571
3381621672
3062795186
3062776125
3062788694
3062796013
3062677313
3062684518
3062187214
3062801361
3062690633
3062675711
3062217899
3062790191
3058565498
3062802450
3062808488
3062776870
3062778113
3062820471
3156051164
3062791185
3062817789
3057673268
3057674499
3057679213
3062796235
3062803411
3062777278
3062690781
3063723789
3062792565
3062790149
3061960008
3057676385
3062694843
3062795928
3062339962
3057674037
3062819567
3062822764
3057678723
3062681080
3062208979
3062681089
3062694068
3062207907
3062202116
3062690592
3062681063
3058567537
3062786550
3057673741
3061962079
3063355020
3062795661
3062823349
3062789926
3062787841
3062777528
3062684419
3381782607
3062684314
3062694621
3039983759
3039987642
3152311012
3062682280
3380718601
3062779090
0000830600344CE6
3061958029
3153107642
3039986179
3039987535
0000832B002BEE94
0000830600336A05
3062790230
3056326026
3063743246
3062788237
3062820284
3062216865
3062807960
3062777842
3062220712
3062682734
3152234062
3382613162
3379628552
3039985743
3062791603
0000830600340B48
3381015204
3039986669
3062790301
3039987922
3062371521
3062792901
3057678043
3155640576
3062791960
3156512639
3057672750
3057676377
3062790961
3062800629
3062820790
3062189038
3062819729
3062800811
3062806196
3062801645
3062793783
3062807393
3062816313
3062685135
3379623004
3156226930
3057708000
2934900697
3063697676
2922986480
2929579098
3062802760
3156218995
2922998327
2934672872
2935110113
3062822694
3062820254
3062791905
00008306002FFEB2
3061958443
00008306002FEC8B
3062692812
3057288071
3152367439
2929585158
3061965061
3062814578
2932204241
3040700236
3062805600
3152306479
3156516210
3058319439
3062704113
0000832B002B3D5F
3058565924
3062389902
3380664064
3153079089
3153339112
3062690639
3382938644
3062187510
3155448997
3039984522
3155431995
00008306002F1D19
3153166681
3152227582
0000830600301179
3061962924
3062823120
3152305486
3058566466
0000838400062A55
3062682604
3062678958
3062694823
3062219006
3062218477
3156066155
3062694134
3062801603
3062800863
3382138045
3382142618
3062794560
3156262514
3062795711
3380471271
00008306002EB350
3062796838
3058565499
3156490943
3062800438
3380389038
3063814079
3039985043
3057288247
3062817865
000083060033F895
3061956146
3062791118
3058567275
3380179478
00008306003A4F30
3058565751
3156563703
3063194277
3058567236
3382947828
3062693528
3058565413
3062793026
3056324804
3062818289
0000838400060A53
3057287207
3062804599
3056323921
3062693163
3062776203
3062793776
3039985124
2939119343
3058563550
3062777855
3382150426
3062373860
3062338514
3062777102
3062776655
3062779448
3062810185
3057942239
3062777574
3381809104
3062340662
3058567678
3381035080
3062776467
3152399254
3062793725
3057674529
000083060033ADDF
3062820240
3062794090
3062787949
3152317231
3152242874
0000830600336AF7
00008306002F1165
3152215960
3062778209
3062777147
3152359189
3152223721
3062340778
3156260187
3379689469
3062694400
3380477529
3156260269
000083840008B5FB
3061959367
0000838400065B19
3062796272
3381542986
3062806343
3062812212
3039983853
3063650386
3155845288
0000838400069694
00008306002F474B
3062813792
3061956913
000083060033F12B
3062805156
3153107598
3058566335
3382920306
3058565043
3058568281
3057675737
3153096681
3152401526
3062682787
3152214454
3062338204
3153100096
3062789127
3057830085
3039987909
3057673401
3381558781
3152398950
3058564110
3062692523
3062372898
3058567054
3062794894
3062778183
3062824329
3062776515
3061956740
3155840489
3062345718
3062208779
3062201075
3062801704
3062690546
3058320501
3058564945
3058323045
3062339828
3062678815
3062811186
3382134428
3156052832
3058565889
3380724968
3381818722
3152892926
3156393223
3062787002
3152242721
3152318662
2932233970
3381492441
3152301405
3156211731
3152322883
3155705026
3152307629
3381495130
3152367377
3063726604
3152300671
3381334704
3062795053
3156512997
3379597680
3062375716
3156174526
3062681252
3062694895
3153076102
3062339808
00008306002EBF76
3152299925
3152300205
3379628695
3156219275
3063776354
3062810724
3039985903
3057829355
3382885920
3153082708
3058318787
3156044927
3062218603
3156550186
3062694013
3156229553
3062681432
3156233570
3062817792
3062216691
3152893288
3062790855
3152361907
3062342000
3152231494
3062342775
3155862610
3152374093
3152308586
3156496245
3381793871
3062819521
3152229962
3152302991
3062340049
3156033217
3062684640
3152213021
3062691392
3062818865
3381288610
3062796344
3062221008
3062818715
00008306002F170E
3062810376
3062339874
3062795762
3062796639
3062796288
3062778390
3062776482
3062777105
0000830600337FF8
3062788961
3062777000
3062794494
3062777800
3062804991
3057672547
3057671692
2936996228
3062819444
3062820609
3153115568
3062819919
3062695362
0000830600334500
3062346143
00008306003455D0
3062691096
3062372081
3062342717
3062218653
3062796534
3058563114
3062221301
3057674362
3058563771
3058566701
3062693795
3062693019
3062819021
3062692814
3062776693
3062818490
3062357352
3063739123
3062676535
000083060033623C
3381582951
0000832B002A5D70
3152299654
3062807495
3381036220
3062372885
3039985797
3062681370
3057674241
3062777920
3062804112
3062788397
3062800772
3062795839
3058568978
3058563668
3062795764
3039985760
3062793659
3062441549
3062791503
3062790600
3062790971
3062819495
3061991131
3062702034
3062790609
3380497905
3153078830
3062818740
3152360898
3062802803
00008306002F1109
3062188772
0000830600332EB5
3062822806
00008306003353A9
3156568533
3156569264
3062792109
3062822908
3061957577
3156890440
3381766861
3152231482
3062371246
3062217463
3062216230
3057672425
3155046103
3153109307
3062816670
3156233028
3381792780
3153122259
3062701386
3062444831
3062790593
3057287771
3062793892
2937007095
3062790154
3062791627
3062792360
3062698521
2934892172
3152593795
3062678186
000083840003A588
3062701314
00008317000B2A87
3153075646
3062802333
3156815197
3062791688
3153095709
00008384000643F3
3062692514
3156461959
3152236769
3153492138
3062807926
000083840005FF00
3062340593
3062801683
3156080836
3062800361
3062801406
3057288211
3039988076
3039988246
3039988263
3156340265
3057822747
3062221357
3062776129
3381539454
3062681887
3380899023
3062791241
3062791349
3061989657
3381209549
3062822667
3383295294
3062677129
2936951448
0000832B002A2B71
000083060033F5D1
000083060033B895
0000830600336688
3062701036
3062795250
00008306002F0AB3
00008306003411F6
3062699789
3062701639
3156065228
3062701232
3062679602
3063657629
3062817988
3062788389
3061961663
3039987911
3039987903
3062818329
0000830600301769
3057674329
000083840000D4E0
3062779202
3062795403
3382172222
3062788182
000083840000134D
3062809656
3062786522
3062810358
3062787346
3062218386
3062218321
3152322038
0000830600341C7E
3062189359
3062218752
3062676494
3062342102
3062793153
3062819274
3062792660
3152231113
3062792562
3152363799
00008306002F1863
3057694835
000083060033E0F1
2934532413
2934354718
3062792969
2934317072
3379561703
3152319485
3057673820
3057678276
3057672038
3057674895
3062823590
3063357343
3062694493
3062791384
2934618969
3062823559
3061955698
3062822753
3062338035
3039987916
3058565921
3039987995
3062810594
3062795049
3062694330
3057674184
3153117088
3379687930
3062821508
3057826747
3057674088
3156526888
3062691870
2932216063
3156512624
3057674581
3062695072
3062699347
3062675316
3062703097
3062693321
3153101419
3153081803
3062218207
3062702607
3062818666
3062694924
3062187392
0000830600346283
3062676381
0000832B002C7BC2
3062818122
3062814640
3382933208
3062339267
3152230450
3152303692
000083840000191E
3039985122
3156044530
0000830600340131
3062803027
3062795093
3057672540
3062800861
3063774867
3058564734
3156191345
3057671790
3057674127
3156490992
2939156080
3057672187
3155419891
0000838400046462
3057927182
3156913327
3062692877
3155431998
3062801497
3062800457
3156502305
3062776908
3061955838
3379581670
3063708673
3062818366
000083170014D7D4
3039984140
3058566703
0000830600338DED
3057673823
3062794666
3062795187
3062796854
3057819844
3062778676
0000832B00272588
3152318572
3062778981
3062786759
3152226143
3062700731
3039987429
3062793935
3062680907
3062790660
3062701119
3152306293
3062703211
3039988433
3152316847
3058563204
3156516139
3156066071
3062689251
3062788726
3062810490
0000830600345F62
3062778711
3062794145
3156511722
3062793895
3062795128
000083060033895C
3062810572
3380694677
0000830600301925
00008306002F1114
3062690813
3062444558
3062444668
3063737897
3062818591
3057286309
3062690861
3062693286
3057288852
3057288480
3062691112
3062691957
3062820203
3062691895
3062390737
3062779362
3062811459
3383116710
3152362140
3062821407
3149602208
3156430243
3152186889
3062339307
3062219089
2935758074
3062188368
3062187470
3062677500
3062695389
3058566881
3062373090
3061957923
3063298035
3063357175
3063356403
3062371879
3057920449
3063354180
3062352271
3062371311
3062801214
3057830474
3063644903
3062692283
3062800542
3062793932
3062818786
3062800584
3062800776
3062796208
3062794490
3062777344
3062793626
3062794419
3062820306
3156496683
3062691662
3062778752
3062690908
3039986080
3057286704
3062803164
3062373752
3062803012
3062820521
3062800755
3062371617
3057671639
3062818934
3057673617
2934511063
3062800770
3057678500
3062809100
3062779014
3062390278
3062811768
3062691616
3057676503
3062694003
3062218126
3062691899
3062700089
3062694192
3062444879
3058565956
3062340026
3062803051
3152303930
3062816456
3058318657
3062688584
0000830600333639
3062787685
3062795594
3062818375
3062794827
3058568960
3062220167
3062794263
3062804246
3057288513
3062694748
3057288283
3039988403
3062692322
3062819962
3062693729
3062823330
3062801649
3152743802
3062691695
3062681859
3062778687
3062375756
3062374317
3057673391
3062812193
3058565489
3058566045
3062776698
3062442655
3062819839
3062802049
3058567418
3062444702
3062187399
3062221317
3062801347
3062703022
3057699067
3063714173
3063354989
3062796857
3062807541
3062208671
3057675748
3057674819
3062689253
3062802437
3058569072
3058570046
3062816626
3156248718
3058563097
2934523548
2934523292
2934464109
2934526001
2934512748
2934521756
2934523196
2934522670
2934521748
2934509892
2934471513
2934471485
2929389573
2929946475
2934318973
2929946494
2934400764
2934400876
2934343533
2934343225
3062792729
3062800690
3062795232
3156831140
3039985048
3062793275
3062806074
3057672758
3062345191
3061956455
3062788266
3155580782
3062800702
3062820472
3057673620
3155726537
3155748399
00008384000626F4
3062821939
3062819656
3062777766
3057673174
3039986117
3156212337
0000838400017680
3379593814
3062340701
3152305514
3063646716
00008306002F11B5
3156351472
3062340558
3062692267
00008306002F117C
0000832B002CCD2D
3381288586
0000830600337211
00008306003361D3
000083060034146A
00008306002FE8E2
3152298256
3153076069
3058566425
3062677904
000083060034C1B2
0000838400068C97
3062790825
3062691094
3062675675
3062341986
3062219222
00008306003457A5
3153117053
3057671920
3062343109
2934958547
3152213794
00008384000696B9
3039987033
3062373536
3039985783
3062817920
3156194791
3062820475
3062794528
3062820037
3062695276
3057894019
3057675948
3062345063
3057697819
3062822270
3062684216
3058564978
3062677879
3062676887
3039984668
3039985953
3062188995
3062822161
3057677575
3058562253
3062681877
3057676730
3058566601
3057675733
3062340557
3063669525
3057675174
3062822241
3057286318
3039987725
3062792784
3062819582
3062820282
3062792205
3062819171
3062803390
3058564920
3062803452
3062371777
3058569174
3063356902
3062683206
3057672206
3057673611
3058564496
3062819143
3058562416
3062202022
3062694344
3062218654
3062676382
3062694783
3061960778
3062822203
3062794753
3062787429
3062795555
3062794826
3062795768
3062788850
3062794138
3057288108
3062371675
3062793651
3061955812
3062693313
3057673831
3062341542
3062809192
3062818886
3062818206
3057672224
3057676566
3062796841
3062682868
3062821511
2934322681
2934322925
2934833195
2934315614
2934829002
2934681024
2934842400
2934833530
2934342980
2929946611
2934414229
2934523636
2934417983
2934405985
3152318594
3061956692
3056325378
3063782795
3381744254
3382105536
3381212061
3039988418
3381651096
3062801764
3062821203
3057672622
3381889856
3057672655
3381212576
3062339909
3062681534
3062372656
3058569082
3062219568
3062681648
3062340483
3062777121
3062801829
3382134239
3058565024
3062680695
3062801968
3062218776
3382603733
3057673319
3062802071
0000830600344BFC
3062819548
3062338656
3062801319
3062821014
3061957912
3057672672
3062802465
3062818755
3062347395
3152303992
3063337985
3062812703
3057898971
3062821941
3156231701
3152235908
3058319064
00008306002F1C74
3152228991
3152214342
3152239743
3062683503
3062693496
3057287284
3152321954
3062676916
3062189289
3381583706
3152397884
3062793777
3062803309
3062792418
3062338329
2934892254
3156232987
3152358823
3062373067
2934960328
3062186835
3062693241
3063297693
3057287663
3383362809
3039983794
3057288067
3062347799
3382624249
3062777364
2940239179
3062819947
2934959794
3381751090
2934680908
3062779181
3062796119
3062793988
3062788596
3062778789
3062776435
3062779185
3061961451
3057288731
3380329963
3381740864
3039985595
3062819013
3057288799
3062695186
2940242805
3062695509
3057287782
3062690634
3062694264
3382754915
3381816484
3062679868
3156026142
3062678875
3062189252
3156513846
3062676791
3062187186
3062703213
3382947810
3156264080
3057918367
3062789462
3062776272
3062817936
3062220899
3062776437
3156046794
3381460708
3062816101
3153095661
3062188219
3039984759
3058319689
0000838400045F2F
3156906033
3062819673
3152363355
3062812314
3057676580
3062778880
3062441347
3058319056
3062805610
3058565159
0000830600340C38
3057942737
0000830600346193
3062685069
3062375114
3152308095
3062802574
0000830600341CD9
3039986367
3062821265
3062219659
3062683226
3062684345
3062804591
3382882879
3063208283
3062188419
0000832B002BAEC8
3382195038
3152368819
00008306002EBB2B
00008306003349C8
3380982255
3380657352
3062684338
00008306003010FF
3062694115
3152363783
3039985460
3379689660
3061955420
3061958717
3058565180
2934508579
3058566678
2934586032
3062440502
3063194750
0000830600338778
3058568195
00008306002EC154
3062347349
3062786988
000083060033801F
3381808831
3062793824
3062814585
3062693292
000083840006827D
3058569695
3153332679
3062794216
3062819565
3062802068
3062801848
3062821883
3152984221
3062818524
00008306002FFD54
3062818810
3039988165
3062805484
3057678498
3379597005
3382156903
3058569627
3381585847
3057672193
3152295932
3057287310
3152233155
3039986134
3152363965
3062375276
3062694635
3061990560
3062776821
3058566522
3062790382
3062822399
3039983872
3062822318
3057678272
3062822472
00008306002EBFD9
3382169820
3061956197
00008306002FE0C0
3152365182
3063331167
00008306002F0AE7
3062681026
000083840006866D
3062418480
000083060039B9E8
0000832B00282C93
0000830600345447
3062694378
3062692068
0000830600337F42
3062373178
3381480073
3062819319
3062354137
3057671774
3057287967
3057287085
0000830600340B02
3062695475
3057288739
3061957607
3062795826
3061955940
3062444713
3062692822
3057918870
0000830600341393
3058318647
3152223827
3062372497
000083060033F9CF
3062695083
00008306002F477D
3062372284
3062355140
0000838400065CF9
3062694353
3058565170
3152367640
3062444597
3062680522
3062692779
3062675899
3062692434
3152362253
00008384000610EF
3152364060
3061962074
3152212544
00008384000651B5
3062677196
3062779154
3062777562
3062776465
3155865827
3062796009
3062796688
00008306003439D3
3062779395
3062802425
3062802569
000083060034009B
3062777124
3062802827
3062702203
3058568741
3063197779
3062776377
3152213088
3062676512
3058568626
3062817980
3062815679
3062819360
3058569302
3379621895
3152401757
3062800783
3062817919
3062803307
3062692393
3063515863
3062806819
3062375431
3062340784
3057288449
3039986635
3057287821
3152401890
3039987289
3153079614
3379632152
00008306003404B7
3062680391
3062375158
3159128706
3039987914
3057287736
3039988731
3039984387
3063325280
3062373755
3156336200
3152323956
3062776742
3062810289
3062808577
3062700697
3062803265
3062800594
3062373729
3062815338
3381047600
2932194692
3062779533
3062779081
3155854124
3062806309
3062776887
3062794427
3156358861
3062803026
3062819053
3062788385
3058567302
3057673659
3062792832
3062676318
0000830600337F46
3156557147
3062777934
3062801460
3152367973
3062681011
3062815276
3062372172
000083060033F860
3039988631
3062694848
3063295228
3156563558
3062681881
3153159937
3062681187
00008306003413C5
0000838400060B5A
000083060033B795
2931785096
2931995836
2934701553
2931984928
2934686881
2931785175
2932002665
2931795678
2931785393
2931786547
2931770053
2931984970
2931995534
2931995952
2931993590
2931995465
2931993768
2931993710
2931795498
2931783118
2931791493
3058567372
3381308780
2937007148
2931783121
2931990933
3064272033
2931991009
2931783046
2932009551
2932009910
2931936137
3057927083
2931964520
2931791637
2931782918
2937007157
2934629291
2931773810
2931857832
2931831307
2931851934
2931847900
2932216578
2934243107
2934243171
2929580028
2929579903
2931924058
2932000886
2932000476
3062684083
2931792355
2932000350
2931999606
2932000442
2931844927
2932000430
2934635584
2931786395
3063762275
2932003263
2932006264
2931792415
2934253945
2932221081
2932221392
3062794977
3062790486
3380965513
3156553764
3062776606
3062796461
3062796186
00008306002ED09B
2938827741
3062821283
3061956988
3062679514
3061955569
3062796760
3156640942
3062693657
0000830600343981
3062802705
3152241709
0000832B0023FE11
3063742981
3062794911
3062694533
3057288215
3062800720
3057288831
3057832651
3062803473
3058567274
00008306003386F8
3057676482
3058564212
3156549214
3058569774
3062692707
2934906562
3062813276
3057677273
3062441596
3057676097
3062443782
3063355359
3062374083
3155790894
3381588635
3062372553
3062691007
0000830600338455
3062218564
0000830600333798
3152324413
3381502626
000083060033AEF4
3062218749
3062790229
00008306002F16C0
2936996388
3062683783
0000838400068624
3062777622
3152236955
0000830600346450
3062823437
3152404665
3152320897
3062801020
3156516676
3062792049
3062793897
3062806903
3058564878
00008306002FF6B0
0000832B002BCDC6
3062347006
00008306003380E6
3039987513
3156260422
3062692421
3155675748
0000830600338D78
3156228020
3152404307
0000832B002C70AE
00008306002F46A2
3062374849
3062220893
3381502391
0000838400065C80
000083060033DADE
3156223095
3380676955
3062820047
0000832B00230A80
3062818681
3403175880
3062788380
3058566633
000083060033EAAB
000083060034670A
3062803336
3062803494
3153105720
00008306002F0B09
3062791467
0000830600338563
3062801731
3156549305
3062339304
3156490969
3062677332
3058566784
3058567336
3058566577
3156471535
3058567308
3058321662
3062702089
3380689450
3061955810
3152322807
3156052344
000083060033722C
3152231826
3152305956
3062692320
3063764299
3057288419
3062695140
3062695456
3062695376
3152365319
3156512130
3062342944
2935081539
3062691861
3062776139
3062794562
3062693681
3062816262
3062801943
000083060033FB06
3057712067
3057676495
3058567010
3062682617
3063355445
3057357429
3058565442
3152365276
3062790530
3058566134
3058566086
3058565698
3058565875
3058560787
3058565074
3058566089
3062801939
3062340672
3156883394
3062680684
00008306002F24A6
3152405040
3062819562
3062801770
3062822841
0000830600346420
00008306002F2345
00008306003005D0
3062694729
3057898715
3156227072
3062813701
3062681112
3062788141
3062679469
3058564984
3058321737
0000830600337BA6
3156901452
3062681662
3062691085
2934511390
3057673207
3382924168
3062690631
3382937216
3155200573
000083060033DA0A
3062778857
000083840005B488
3062220995
3062695208
3062795698
3062694777
3062810295
3062802302
3062776594
3062794613
3381315298
3062777069
0000830600341414
3062795760
3062776345
3062776218
3062682263
3062793691
3062778710
3380993232
3062778709
3062804210
3062794071
3058566062
3062822204
3062695559
2922999557
3062681670
3063350356
3062692485
3062694736
3057286933
3062676828
3039987241
3062824259
3153103926
3062801446
3380390885
3062341310
3063357351
3062794658
3063685846
3062789225
3062801338
3039984773
3062694770
3039985734
3153100164
3039985851
3156263302
3063686350
3062809450
3062695410
3062815031
3062816881
3156512948
00008306003016EA
0000832B00241AC6
00008306002EB306
3156066137
3062682273
2923882587
2923881645
2924088650
2923876956
2924092730
2924084950
2924084936
2923878576
2924092764
2924093068
2923878125
2923878149
2929479344
2922984080
2922983724
2922990452
2923002760
2922982930
2922982984
2923002525
2922993964
2922996126
2922994508
2922989178
2922996686
2922995000
2923874606
2929581977
2923002509
2923002346
2923002541
3403178039
2923002637
2924092288
2924092296
2929578129
2924087366
2924092714
2929580723
2924092722
2924087369
2924086384
3039986369
3057287856
2931994785
00008306002F1743
3061956523
3039987502
3057287740
3062800365
3381795629
2937007106
3153180435
3062680733
3062680828
3381492497
3156645965
3062818321
3062819807
3062818894
3062819640
3381585316
3063702266
3063738812
00008306002F1840
3152399450
0000832B00270D57
3062818981
3057672761
3062805307
3057673601
3058567498
3383070928
3063714433
3057671845
000083060033DB48
3062692876
00008306002F46B9
0000830600333070
000083840006613B
3152302910
3152323009
3057671922
000083060034D62A
3063813745
3062690605
3062695179
3152405102
2936944193
3155743745
000083060033AF0F
3062340833
3062682041
3058564215
3382017021
3062694109
3062220429
3062676117
3155348178
3062795123
3381301939
3062341546
3062693754
3062693188
3062692395
3062692492
3057676581
3062776726
3062779465
00008317000C2541
3062808764
3062807376
3156185544
3062776388
3062795899
3062807496
3063648242
3062807915
3063692769
3153120503
3152319328
3063648572
3062337844
3039985831
3155688613
3062695479
3062810361
3062789257
2935071101
3062680001
3062703262
3062443775
3063725906
00008306003388C6
3058566916
3152307092
3062684319
3380651036
3062684304
3062683599
000083060033724B
3062692691
3062678363
3062796236
3062692488
3062188319
3062690961
3153075199
3062342001
3039988097
3057287660
2922994822
3062818997
3062374305
3062817752
3381308464
000083060033E285
3152362031
3057679123
3152219961
3062818416
0000832B00282641
3058565526
000083060033E114
3062693944
3058565242
00008306002FE946
000083060033674A
000083060034613C
3152224852
3152189233
3057676692
3057672093
3062818628
3152397886
3061961560
3062787827
0000832B0027FDD1
3062778842
3152399778
3062804934
3152361935
3382931833
3058568751
3156044950
3062340669
3062779242
3062815243
3062219861
3152297436
3152318459
3152318805
00008306002FF98B
3062789154
3152215922
3058566906
3063744247
3062692410
00008306003403DA
3062221131
0000832B002AF03F
3062677480
0000830600301216
3061957322
3062678437
3062371961
3061991195
3156251257
3152367679
3152359452
3152216656
3063900808
3380736966
3379735140
3062217084
3062778093
3062794665
3062789574
0000830600300664
3039985096
3039984653
000083060033822D
3063201782
3062778452
3062778728
3062442562
3152371436
000083060034012F
00008306003010A3
2935627007
3156404301
3062693027
3062802549
3062681477
3062692332
3381986868
3062692655
00008306003400E7
3062820265
3063707714
3382948759
3381728438
3062693635
3062822075
3062819401
3381785179
3381511869
3382105612
3062694304
3062694190
3382720492
3062680759
3062219021
3062694306
3381795848
3156046632
3058565570
2939155556
3062693866
3062209712
3153325832
3382769238
3062188284
3058566158
3380728652
3062338967
3381793705
3063357156
3062808118
3062777196
3062777695
3062808057
3062691635
3062807366
3062808787
00008306002FF75A
3062807824
3156640001
2934854084
3156608712
3062808334
3062779354
3062778401
3380469593
3152361877
3152221167
3057676750
3062691510
3155143880
3062791675
3382166743
2934972850
3155434407
3062793308
2936955256
3039986629
3062345384
3381719051
3057286307
3062372151
3403047197
3057288415
00008317001568A9
3382184662
3039986858
3057287161
3062253275
3062676047
3058566525
3062441397
3062338410
2937007120
3057707670
3062216253
3062688889
3062818891
3156349188
3062821833
3057677912
3062682496
3156566388
3379597254
3062792216
3062821403
3381800499
3062790826
3062339966
3381151519
3062681276
00008306003016F6
3057922632
3156512962
3062816088
3062776603
3149450258
3062777062
3153298085
3062808287
3062340428
3062806491
3062794087
3062680863
3381788188
3152322816
3062219406
3058565597
3062822450
3057921629
0000832B0026BA9C
3402696206
3061957667
3062218482
3039987100
3156561621
3156694206
3062804896
3062692070
3039987729
3062794783
3062821401
3057678275
3062801958
3062689377
3062699464
0000830600339052
3062790228
3152304132
3062793025
3381537199
3062793656
3062694376
3058569507
3058567829
3062694279
0000830600338794
00008306002F0BCE
3058567093
3058565276
3062818390
3152212684
3062806342
3062694301
3062694585
3062791115
0000830600344C25
3062189418
3062187595
3062676272
000083840005F5C3
3152226427
0000830600334DC1
3061960663
3062796021
3061961999
00008306002FE8BB
3063764280
3062820105
3435394659
3062347916
3153105077
3062821557
3379629760
000083060033562A
3062800726
00008306002EBF7C
3062220540
3058567472
3156565313
3062778897
3062705704
3383143598
3155791753
3156373368
3156568078
3062187123
3152240987
3062693401
3156063595
3062704017
3061990914
3062801335
3057287998
3057675004
3039984900
3039986676
3380389391
3156698425
3057286573
000083060037FA49
3381288859
3062339853
3062818674
3062692009
3057288571
3057288577
00008317000C55BF
3062795583
0000838400069074
3062808300
000083060030100C
3156065268
00008306002EBB71
3152322732
3156496605
3152298212
3062795629
000083060034065A
3062816028
3063451039
2932192049
3062818200
3155916759
3156194739
3382721740
3062787624
3056762247
3152308557
3062802249
3063327463
3057674555
3062803417
3062691280
3062820210
3062819368
3062801508
3062788646
0000832B0026F44C
3062694688
3155537018
3154975631
3062791424
3155186159
0000832B002C7128
3062693191
3152884718
3062803302
3058565620
3062443269
3058567192
3039987396
000083060033F868
0000832B0025C6EF
3039987702
3039984870
3062200263
3062200590
3062208870
3062795728
3062816148
0000832B0026DA8B
3153076088
3062815890
3062789467
3062794026
3062787576
3062789587
3062816211
3383115696
3062819730
00008384000454B7
3062817626
3379657726
3152213247
3382886104
3403040796
3062693529
3062340798
3156919862
3058567660
3062776774
3062791156
3062681439
3058565693
3058566792
3062806072
3063187847
3062691845
3062374429
3062692692
3062692749
3062805014
3062803034
3062701587
2936976297
3058315321
3058566538
3061962325
3062804899
3057288783
3062690716
3062682169
3062692697
3061960354
3058569795
3061960188
3062692617
3057288590
3062372549
3062801358
3062216244
3062819641
3062375751
3062693687
3062677678
3061964366
3063742242
3062692785
3057674305
3062201900
3062220176
3062819182
3062791004
3062792734
3062676428
3062691983
3062373859
3058568286
3062702255
2936996184
3062685062
3062701199
3062820406
3062676866
3062342455
3062343081
3062676691
3062371700
3062691525
3062795561
3062219130
3062683904
3039984644
3062807767
3058570115
3061960472
3058568620
3062352653
3062694720
3062691063
3062695495
3062683123
3062691936
3062219392
3062217697
3062219697
3062218866
3062342444
3062187367
3062189470
3062694566
3062791759
3039986259
3062444832
3062820987
3062816551
3062818464
3062802404
3062695255
3062690748
2929583376
2929468047
2929583485
2929453469
2929580397
2929454265
2929497474
2929453667
2929580256
2922985247
2929453450
2929583597
2929585362
2929478294
2929478115
2929487632
2929478515
2924092418
2924092425
2929487894
2929461038
2929487579
2929479285
2929579863
2929579724
2929579190
2929585342
2929579321
2924092388
2929579661
2924086934
2929579716
2929478497
2929487160
2929491314
2929465779
2929466289
2929486916
2929472679
2929494874
2929580622
2929464312
2929580623
2929495037
2929482801
2929580774
2929578777
2929461918
2929461139
2929580655
2929489217
2929579687
2929468050
2929579646
2934247195
2932217034
2934246157
2931782432
2934245721
2932203697
2934247093
2931981983
2929496663
2929468267
3381308813
2929494684
2929486394
2929494906
2929494969
2929580646
2931831596
2931773979
2931831542
2931842439
2931776258
2931773999
2931846533
2931805663
2931839704
2931774023
2931774030
2931847113
2931776267
2929580765
2929494779
2929461429
2929473921
2929580741
2929490839
2929495505
2929578844
2929478887
2929492680
2929478469
2929478289
2929478864
2929578186
2929585330
2929491952
2934240876
2934241348
2934249526
2934248076
3057708888
2934245766
2934249532
2934249584
2934249268
2934249528
2934248135
2934249512
2934241063
2934240902
2932234011
2934241541
2934248429
2932228158
2929580671
2934706697
2931776532
2936944860
2931771895
2931841086
2931771829
2931810898
2931808075
2931806609
2931978897
2931782665
2931933006
2931944755
2931933468
3057697460
3063917684
2931979209
3063698761
2931933718
2931993338
2931984200
2931993519
2931993615
2931933311
2931993530
2931993393
2931979309
2931984077
2932207464
2932207870
2931841690
2932207860
2931800102
2934250974
2934734298
2932219499
2932205622
2934251560
2931805248
2931832337
2931776842
2931776884
2931772012
2931771751
3063715792
2931771579
2922986860
2922981874
2922986287
2929580787
2929495678
2932205552
2934250170
2934251503
2932207847
2932207494
3062374900
2934251700
2932207135
2934251290
2932204062
2931799368
2932233718
2932204368
2932203993
2931798851
2934250866
2932189553
3063737044
2934243669
2932234316
2932207335
3156263553
2934252160
2934248981
2931780612
2931789976
2931790279
2931780466
2931779550
2931779723
2931780560
2931780554
2931790222
2931780590
2931780550
2931780460
2931790351
2931780630
2931780624
2929583752
2929493554
2929583704
2929583728
2929461296
2929583696
2929468534
2929461208
2929493729
2929493566
2929580303
2929493521
2929493454
2929493287
3057945413
2931784818
2931999601
2931923389
2931994573
2931881201
2932005421
2931882292
2932005543
2931788003
2931784377
2931881099
2932003335
2931999638
2931994627
2931784569
2931863561
2931795066
2932225708
2934253798
2931989172
2932224836
3159082712
2931977376
2932215710
2931989065
2934254792
2934250900
2931795761
2931989344
2934257928
2931989728
2932225556
2931989004
3383117225
2931794158
2934253821
2931795187
2931795875
2931796123
2931791858
3381043345
2934250432
2934253685
3380985374
2929488659
2924092416
2929478441
2929578868
2929579898
2929491922
2929498256
2929479059
2929495075
2929496080
2929496357
2929478923
2929579000
2929496462
2929467854
2929487918
2923869431
2929583263
2929579394
2929478093
2929487962
2929495764
2929478243
2934236044
2929496527
2936996234
2934257887
2934243087
2932235356
2932194332
2934235820
2932208689
2932222553
2932194350
2932193739
3063194353
2932209627
2932193334
3063325742
2929494333
2929467513
2931800991
2931981787
2934245263
2934244661
3152362366
2931833231
2931800927
2931981901
2932218581
2931976596
2932219037
2931981756
3063742009
2931981809
2932219916
2931982001
2932187761
2932003158
2931979970
2932188196
2934512185
2934840195
3381288888
2932188068
2931830559
2934257903
2934254478
2931989267
2931989619
2931989551
2931796232
2931795739
2934254616
2936943971
2932208312
2932207959
2932208311
2934250350
2931810878
2934250691
2934250225
2931811962
3152300768
2932199276
2934249946
2932208209
2934250430
2934915193
2931811242
2931991169
2931829678
2932218936
2934260286
3057832324
2931799909
2931767293
2932204833
2934260672
0000831700151FE7
2932218836
2934260404
2931800267
2931800308
2934260541
2931800141
2934260446
2932218855
2932207121
2932207029
2932206944
2932219567
2932206996
2932219469
2932234513
2934260581
2934260720
2931800556
2932218967
2931800581
2931840922
2931800588
2931800768
2939130690
2932233478
2931799681
2934262126
2932233448
2932233644
2931800633
2931800513
2932233691
2932226652
2932198711
2934242826
2932198994
3381289052
2932198844
3057820305
2932226625
2934868141
2934245716
2934236535
2934236566
2931799977
2934245334
2934236749
2934245462
2934245684
2934245025
2932218918
2932219365
2934251678
2934251369
2932205454
3149417516
2932207051
2932207118
2931994251
0000830600332EAA
2932003464
2931994561
2931855111
2931833879
2931994637
2931784664
2932189278
2931916138
2931786161
2929946072
2931965240
2931957655
2931783127
2931917915
2936950931
2931916222
2932005822
2931997218
2932003513
2932189159
2931997180
2931963051
2932217207
2932217159
2934250318
2936996224
2932204459
2932203783
2932217370
2934251274
2937007099
2934250462
2934250482
3062792217
2932207318
2932203863
2932204303
2932217557
2932217258
2932205435
2931999756
2931994503
2931946345
3381303018
2932005555
2931999507
2931994244
2931994621
2929466512
2929466585
2929482319
2929474022
2929494428
2929473719
2929580636
2929577818
2929467265
2929498878
2929472031
2929466188
2929472571
2929469544
00008306002574BD
2929579946
2929582091
2929462731
2929486712
2929465631
2929472209
2929472164
2929463449
2929472453
2929469538
2929471869
2929469254
2932232343
2932230288
3152368908
2932214654
2932231975
2931832759
2931832711
2931976363
3381042108
2932232294
2931832701
2932232461
2932214414
2932230519
2932215677
2932230167
2931782362
2932230748
2931976463
2931782169
2929495067
2929578697
2929473767
2929498795
2929473832
2929495338
2929474033
2929470874
2929473883
2929578659
2929578646
2929578644
2929461974
2929584455
2929578768
2929462231
2922987520
2929499230
2931946326
2931863678
2931937357
2931919802
2931944322
2931946620
2931916735
2932005567
2931964674
2931920387
2931965161
2940239217
2931965100
2931964515
3063211999
2931942590
2931993248
2931918339
2932207001
2931957567
2932009646
2932200427
3380470124
3063740858
2931916238
2931918623
2932008888
2931997166
2932005706
2931840649
3381544144
3156246325
2931920219
2931842184
2931957375
2931920732
2931966495
2931957266
2931842060
2932199308
2931920191
2932205588
2934835827
2931865329
2931799964
2931800286
2934260406
2934260461
2931800114
2934260494
2931800537
2931830685
2934260255
2932219000
2931801388
3381514138
2934245187
2932218893
2932223002
2932222932
2932222158
2934242572
2934252627
2934236197
2932221919
3062779394
2932223010
2934254112
2934242639
2932223112
2934242722
2932191387
2932224219
2932222968
2932224442
2934241772
3063898995
2931983751
2931834453
2931918319
2932009830
2931994802
3063762285
2932216447
2932222861
2932209028
2934237317
2934254119
3063356986
2934256463
2934242831
2932209355
2932200731
2932223263
2932005030
2932005219
2932208993
2934237817
2932190236
2932005006
2934240650
2932005244
2932234227
2931798720
2932204344
2934249018
2934257358
2932233735
2932233840
2932207182
2934252236
2932234006
2932234231
2934248896
2932234445
2932234247
2932233964
2931791550
2932217493
2929579994
2932234299
3057919004
2932206923
2932219090
2934250739
2934581067
2932217686
2932205636
2932207737
2932219238
2934251441
2931801397
2934251450
2932207018
2932233631
2932207828
2931968699
2931994830
2931994002
2931956773
2931994438
2931920303
2932006206
2932000676
2932006611
2932006197
2931994136
2932000678
2931972016
2932006581
2931994131
2929967163
2931892694
2931985866
2931904162
2931891086
2931985864
2931986516
2931925440
2931986297
2931985505
2931994338
2931782838
2931969192
2931889998
2931782810
2931824915
2931890594
2931893688
2931919059
2932207331
2932204449
2932208254
2934250648
2934250234
2934249626
2932217425
2932203861
2932192260
2932203943
2934251667
2934250206
2932204294
2932207252
2932207515
2932208355
2934260213
2934260382
2934251343
2934260398
2934251633
2934251523
2934251684
2931800218
2934251604
2934251582
2931800058
2932218998
2931773377
2932187735
2931993333
2931785621
2932009877
2931842346
2932005654
2931921353
2931916422
2931963075
2931920022
2931917934
2932214172
2931783874
2932215697
2932215617
3063655959
2934247401
3063657415
3063658212
3063715057
2932194017
2934236949
2932200813
3063714081
2932200785
2932200922
2932194014
2934686930
2931981859
2934245044
2931833035
2931982016
2931800972
2931962965
2931942706
2931999751
2931773383
2931965432
2931935304
2931999894
2932207086
2931993294
2931993463
2932187621
2931779765
2931780508
2931837234
2931779700
2931776540
2931780040
2931780502
2932226113
2931828654
2931828208
2931832662
2931937485
2931832016
2931939138
2931938964
2934255998
2931939355
2932225953
2931830048
2931990821
2934242415
2932223267
2932209658
2934254389
000083060034568A
2932223608
2934239541
2934243200
2934245668
2932199598
2934236616
2934245639
2932191444
2932198719
2931779808
2931934557
2931770424
2931844018
2931778761
2931842398
2931844651
2932209691
2932226890
2934254418
2934237553
2931990395
2932001982
2931995434
3382774185
2931985723
2931996184
2931780167
2932001626
2931990419
2932001600
2934236887
2934236016
2934253540
2931785926
2936996178
2931961711
2931945628
3063459598
2931961811
2931917278
2931962049
2931964248
2931962534
2931938268
2931962845
2931963822
2931961470
2931942305
2931980518
2931961845
2931963513
2931965791
2931963109
2931981306
2931961976
2931979846
2931963257
2932207787
2932207994
2932208145
2931991571
2932207383
2934251908
2934251087
2932219213
2932218908
2932208078
3063791288
2931812611
2932217545
2931944672
2931934453
2931934060
2931979894
2931933279
2931786595
2931933283
2931943068
2932006300
2931979842
2931934620
2931812105
2931990935
2931782655
2931854490
2931858888
2931778874
2931766786
2931985739
2931998973
2931766807
2931859091
2931867594
2931883590
2931841730
2931769850
2931808891
2931812372
2931951110
2931769908
2934562196
2932208043
2934250078
2932208260
2932207974
2932233317
2932208038
2932217093
2932207262
2934250436
2932234508
2932207299
2932207220
2932208357
2934256906
2932218599
2934260638
2934260733
2934244749
2932219229
2932219755
2934548416
2934581253
2931799048
2932218673
2932219512
2931862908
2934244879
2931938241
2932219679
2932219862
2934244973
2932218375
2931799521
2931799788
2931799073
2932219847
2931862830
2931844687
2931844755
2932219884
2932219671
2934254181
2932220608
2934237488
2934237438
2934262962
2934237456
2934237584
2934236937
2932200900
2932005105
2934237540
2934237158
2934262531
2934262585
2932226766
2934236256
2934243225
2932209807
2932194216
2932226663
2932222848
2934253114
2932209366
2931782466
2934240469
2932224347
2932222799
2934262430
2934242841
2932222718
2932235464
2931800316
2934260815
2934262144
2932208133
2932207159
2932204615
2932217429
2932208384
2932205639
2932208008
2932208310
2934250042
2931780244
2932001908
2931780269
2931948590
2934404577
2931990465
3153106427
2931995051
2931945716
2931962376
2931946175
2931962311
2931961959
2931960964
2931966515
3153076204
2931947493
2931963309
2931947114
2931962651
2931965983
2932188856
3057694131
2931863975
2932225973
2934262229
2931799880
2934244709
2931844403
2931981989
2931801020
2931831968
2931799188
2931829080
2932219652
2931799276
2931844638
3063714102
2934262256
2929494518
2929467293
2929466599
2929474574
2929467278
2929457085
2929474729
2939094978
2931882255
2931777254
2931928138
2934236512
2929467095
3063690529
2929581620
2929578003
2929467170
2929489892
2929492160
2929585317
2934744488
2929487389
2929454035
2929486688
2929487033
2929465630
2929454019
2929581769
2929467627
2929498871
2936976286
2929467727
2929466962
2929577675
2929467713
2929473978
2931863661
2931837547
2931842494
2931884608
2931773362
2931885499
2931779149
00008317000A8E9C
2931864014
2931778899
2931813889
2931861368
2929465600
2932191572
2934243307
00008306003361E4
2934236232
2934236710
2934236591
2934243104
2934242887
2932199177
2934245054
2932190964
2934236261
2934245311
2934245281
2934236717
2934245073
2934242490
2932198513
2934245264
2932232720
3381319943
2934255092
2932232907
2931988592
2931988482
2931988967
2932232856
2931988500
2931988496
2932232492
2934254831
2932232872
2931988566
3153175325
2931933439
2931997736
2931933363
2931907506
2931979670
2931937118
2931977958
2931933191
2932000274
2931993637
2931933409
2934245153
2932191124
2934245022
2934235980
2932198662
3381468561
2934245345
2932198801
2934245317
2940239109
2932198817
2932226614
2934243066
2934245504
2931782834
2931892338
2931890504
2931986441
000083060033378F
2931782858
2931986263
2931889518
3382043285
2931892562
2931889385
2931986192
2931892542
2931782929
3381302346
2934252756
2932227891
2934252837
2931993553
2931984390
2931945390
2932003421
2931984522
2931993299
2931970209
2931934472
2931986763
2931932442
2931810434
2931779387
00008306002FDE91
2931933207
2931978158
2932005566
2938638766
2931795651
2931994026
2932000933
2931834392
2932001898
2932005407
2931995378
2931999205
2931788155
2931990804
2931921095
2931999418
2931784441
2931994182
2931990773
2931921736
2932229026
2932228986
2934259840
2934241325
2932234878
2934241682
2934241356
2934260031
2932229034
2934250504
2934259822
2934246016
2934241431
2932231603
2932234182
2932228176
2934260047
2934247164
2932232005
2932235300
2932234386
2932201041
2932191840
2932235122
2932234410
2932191866
2932228155
2932231775
2932234415
2931965410
2931938351
2931938393
2931967660
2931943598
2931966920
3057288793
2931963367
2931943836
2931965876
2931964024
2931965157
2931961382
2932200132
2931963920
2934236424
2934262214
2934256426
2934245559
2934243222
2932199223
2934255597
2934242924
2934242803
2932191548
2934239557
2932199212
2934235692
2934237505
2934242955
2932198814
2932191505
2932198826
3057942440
2929580781
2929495287
2929495478
2929580923
2929474777
2929495192
2929463281
2929455610
2929462245
2929482954
3057287431
2934237192
2932193515
2932222025
2934253054
2932222051
2934252653
2932209684
2932208812
2934252672
2934252608
2932209678
2934252587
2934252890
2934258167
2932216815
2932201422
3063764700
2932216783
2932201428
3057898170
2932201114
2932220573
2934263254
2932004435
2932216515
2934242540
2934246349
2934258053
2932193383
2932220529
2932220531
2934240926
2934242117
2932200716
2934237107
2932201030
2934241995
2932200964
2934237122
2934237312
2931773982
2931857839
2931857820
2931857240
2931857455
2931773968
3063330426
2931846779
2931773997
2931831939
2931857683
2931846867
2931846672
2931790087
2931881840
2931790303
2931789936
2931789947
2931790064
2931790570
2931780510
2931780498
2931779724
3156211791
2934842987
2931779702
2931790225
2931779411
2931790282
2931779841
2931780482
2929461886
2929462360
3382034046
2929455884
2929462359
2934255060
2931977594
2932225216
2932232495
2932224581
2932232090
2932224623
2932232347
2931988796
2932232144
2931988855
2935094470
2931977340
3062818153
2931977242
2932225273
2932232099
2932200772
2932200973
2932200657
2934240783
2934237265
2932210300
2932201064
2932200676
2932201083
2932224251
2929468100
2929455486
2929456760
2929494013
2929455605
2931794409
2931794783
2931919195
2934242203
2931794853
2932003494
2931984686
2931995320
2931794653
2931994235
2931984818
2931926477
2931794711
2931794099
2931918934
2931994258
2931794824
2931919338
2931718213
2929482940
2929455729
2929455649
2929456797
2929461503
2931986060
2931933022
2931783559
2931917955
2931986393
2931889290
2931905121
2931985082
2932003556
2932003921
2931986453
2931783896
2931986150
2931995304
2931889698
2931985954
2931986046
2931782942
2931782870
2931986527
2931985892
2931782962
2931889652
2931889569
2932208072
2932217327
2932207660
2932207877
2932217724
2932208057
2932189782
2932217754
2934242697
2937007093
2932209468
2932209560
2932209595
2934262680
2929497393
2929467851
2929579095
2929487611
3381341241
2932223300
2932222956
2934240913
2934242505
2932209749
2934241673
2932222895
2934242102
2932223357
3065194942
2932221770
2934241321
2934345720
2934242465
2934240958
2932221888
2932222269
2934242508
2934255459
3159102855
2931770784
2931784624
2931767069
2934260510
2932203831
2932233785
2932233782
2931770779
3383141854
2934249657
2931791839
2931770703
2934248873
2932204231
2932204164
2934249250
2932224341
2932224270
2932209563
2932209543
2934242649
2932209575
2932209654
2932231780
2932228093
2932228290
2932235102
2934260143
2932231912
2932231571
2934245872
2934245806
2932228027
2934246995
2934246922
2932228730
2934241941
2931770730
2932234381
2931770698
2934249427
2932203851
2932203947
2932233929
2931812948
2931798704
2932234237
2932234150
2932233814
2932207944
2929468001
2929478092
2929496174
2929477992
2929488104
2929467958
2929580122
2929489458
2929495851
2929579996
2929487585
2929479027
2924092436
2929478810
2929468287
2929468528
2929584472
2929584539
2931979287
2931934180
2931978155
2932006355
2931934256
2931933127
2931979945
2931782633
2932005698
2931978086
2931934598
2931978983
2931933621
2931933802
2931942995
2931993417
2931991149
2931791688
3065128473
2931979912
2931952180
2931942787
3057941378
2931995130
2931936967
2931812061
2931847240
2931847062
2931847102
2931834859
2931846723
2931831594
2931835591
2931847065
2931835062
2931857266
2936996382
2931846828
2931858031
2931858039
2931834915
3063728211
2934258748
2932000083
2931936908
2931999899
2931937152
2931907400
2931934487
3057362655
2931936975
2929468662
2929580625
2929462332
2929461943
2929584531
2932228579
2934245916
2932229072
2932234689
2932234034
2932228498
2934241020
2934927204
2932229118
2932228830
2934241158
2934241351
2934240985
2932235315
2934252583
2932234865
2932192033
2934241292
2934241579
2934240886
2932228099
2934250551
2934252504
2934543778
2932228140
2934250580
2934241557
2934241234
2934240910
3155860120
2934596315
2932234799
2932234434
2932194646
2932194628
2932194609
2932194744
2929461927
2929460719
2929461874
2929456868
2932191134
2934251320
2932194636
2934251669
2934244948
2934259813
2934259229
2932208788
2932208791
2934244966
3435394455
3382722805
2929462434
2929583461
2931793418
2931892478
2931891277
2931890570
2931890922
2931906411
2931893398
2931918904
2931893440
00008306002FE9C6
2931985659
2931783880
2931943704
2931964569
2931965008
2931944325
2932199835
2931962242
3063449429
2931984378
2931996566
2931964048
2938759699
2931962198
2934497500
2931916976
2931943819
2931962005
2932005494
2931846101
2931776247
2931846118
2931846790
2931832462
2931773905
2931857255
2931831739
2931834912
2931857580
2931835224
2931857561
2931773952
2931849988
2931857270
2931831767
2931857314
2931830811
2934239320
2932191041
2934242795
2932199451
2932198947
2934260573
2934242659
2934245734
2934242814
2937007147
2934246757
2934242692
2934239177
2939092916
2932199540
2934256378
2934239343
2932191027
2934239811
2932220907
2934236984
2932194801
2932220644
2932191334
2932235440
2934237075
2938613043
2932209204
2934259167
2932194542
2932190160
2932191156
2934258725
2932191384
2932194948
2934237000
2931938839
2931938069
2931944575
2931842207
2931934044
2931979870
2931928124
2931937893
2936962177
3156560299
3063668343
2934397979
2931856012
3057672375
2931927655
3381717200
3381688791
2931928012
2931938547
2931905344
2931905799
2931905651
2931905961
2931931000
2931905516
2931921380
2931928904
2931905733
2931986058
2931891554
2931985247
2931793557
2931825300
2932006483
2931905455
2931905767
2932010686
2931842737
2931806055
2931999025
2931885440
2931842899
2932001476
2932003215
2931885345
2932000726
2931842653
2932001260
2931994678
2931998817
2932002164
2931807999
2931978205
2931778739
2931993441
2931978402
2931979076
2931993517
2931984162
2931979069
3063780856
2931970157
2931994598
2931954398
2931840010
2932002398
2931836389
2931842214
2931863859
2932000543
2931999150
2931857457
2931773935
2931857971
2931854910
2931857296
2931857209
2931855125
3063779141
2931968840
2931783580
2931782943
2936996774
2931783238
2931825043
2931986104
2931888159
2931986431
2931986076
2931815101
2931984886
2931849298
2931769245
2931769265
2931870392
2931990471
2931777620
2931985336
2931773433
2932001984
2931984865
2931831740
2934555561
3057695759
2932209006
2934241316
2934241459
2932223559
2932222213
2934262632
2934563414
3063678626
2934237823
2932223049
3063900150
2934246542
2934249347
2932204454
2932204040
2934248926
2932217593
2932234022
2934250810
2932207198
2931798843
2931791864
2932233973
2932217703
2934245006
2931781971
2934252460
2934242451
2934245700
2932215661
2932216159
2932220129
2934252292
2932199356
2934646454
2934611471
2932208478
2934237848
2931841634
2932191463
2934612816
2932232199
2934239274
2932234708
2931781690
2932208543
2932215713
2934245525
2934245518
2932190266
2931842610
2934239215
2931778741
2931881894
2931778883
2931779511
2931837266
2931844967
2931871438
2931884761
2931840369
2931884618
2931884753
2931885029
2931842223
2931837014
2931841996
2931885096
2932233110
3380023442
2931799989
2932213690
2932214874
2932189393
2932214306
2932213498
2932215659
2932215518
2932215227
2932213589
2931990885
2931939096
2934256154
2931990822
2931938810
2931990921
2931937638
2931825903
2931990907
2931829207
2931907670
2931993328
2931933676
2931984174
2931993814
2931978255
2931993469
2931907761
2931978972
2931928630
2931939692
2931978411
2931938525
2931961871
2931942204
2931916834
2931965354
2931961901
2932005626
2931964068
2931962269
2931962047
2931966489
2931937856
2931988560
2932232578
2934255076
2934254795
2931988588
2932232691
2934254760
2931988436
2931832240
2934245276
2931833283
2931801303
2934260409
2931976185
2934245053
2931844834
2934245288
2931994863
2931780384
2931856262
2931976733
2931980824
2931994939
2931980896
2931855211
2931869598
2931812343
2931920272
2931917581
2931994340
2931984890
2931794159
2931919261
2931794545
2931918999
2931794219
2931994219
2931794279
2931994268
2931984486
2931794019
2931984868
3381227066
2931995834
2931801842
2931993762
2931814857
2931984914
2931993610
2931803869
2934680966
2931815358
2931804631
2931993694
2931993676
2931814707
2931985117
2931795602
2931814717
3159130651
2932213562
2932214938
2932213605
2932214986
2932213785
2932214025
3159090766
2934262431
2934242601
2931888926
2931994112
2931986012
2931932879
2931985882
2934748532
3057921884
2931929585
2931906043
2931891862
2931876903
2931995111
3381614609
2931955525
2932000784
2932223636
2932224078
2934241246
2934252899
2932223527
2934262446
2934242244
2932223947
2934242399
2932222108
2932209838
2934241934
2932223311
2932224318
2934240421
2932223656
2932223487
2932187849
2931767788
2932204052
3383130280
2932204092
2932217354
2932188027
2932192293
2932233909
2932217529
2932234088
2932207377
2931783842
2934249007
2934249057
2934262117
2932213800
2932215128
2932214011
2932215106
2932215303
2932213963
2932214987
2932207316
2932216524
2932223193
2932209537
2934242958
2934262367
2934236134
2934262550
0000838400043B47
2932197130
2932209671
2932191342
2934242777
2931782514
2934245627
2934262406
2932216397
2934262390
2932222720
2934242816
2929489418
2929491932
2929479478
2929585385
2929488180
2929583620
2929585321
2929479651
2929582083
2929579759
2929584523
2929475379
2929581879
2929463825
2929482818
2929584538
2929581872
2929582882
2929584124
2929479121
2929581993
2929582674
2929465220
2929472046
2929466176
2929478623
2929455948
2929473266
2929474099
2929469025
2929461514
2929473882
2929499071
2929473784
2929460751
2929473903
2929495341
2929578375
2929578230
2929478379
2929580113
2929492247
2929579064
2929579033
2929578503
2929489315
2929579072
2929478489
2929496045
2929579866
2929581450
2929583470
2929475201
2929583881
2929455346
2929455203
2929584682
2929583550
2929583358
2929455325
2929583478
2929584901
2931863699
3063714732
2931802012
2931841067
2932003979
2931802301
2931811297
2931809341
2931802175
2931773434
2931883749
2931809475
2931951048
2931883373
2936955321
2931773593
2931802265
2931907364
2931993563
2931993359
2931978997
2936950684
2931993584
2931993771
2931979649
2931978950
2931979094
2931993697
2932199630
2931993346
2931993371
2931993545
2931978680
2932000076
2931999952
2929579232
2929580128
2929489107
2931780196
2931778011
2931777891
2931777509
2931777684
2932001693
2931777612
2931777708
2931777434
2931777993
2931777758
2931777977
2931985774
2931777987
2932001748
2931780372
2931777752
2931985717
2929580229
2929478272
2929489781
2929495899
2929579777
2929479178
2929580012
2929489805
2929580148
2929479864
2929478332
2929495776
2929585424
2929580266
2929584875
2929467864
2929584820
2929467106
2929583564
2929453595
2934262648
2934392976
2932226721
2934252962
2934470781
2934245675
2932209514
2932209409
2932209440
2935672775
3057831437
2932209566
2932209790
2932222229
2934262311
2934253214
2932216426
2932209428
2935754454
2931917759
2931920311
2932000319
2932005427
2931929835
2932000706
2931994096
2931925051
2931815284
2932006125
2931994434
2931994552
2932000812
2931994110
2931838337
2931788226
2931779933
2931780454
2931870145
2931779956
2932228040
2932234705
2934241435
2934241196
2932191868
2932234673
2934662683
2934241976
2932228962
2934248199
2934248381
2934248182
2932234457
2932233982
2934241345
2934248374
2931776795
2931786156
2931771774
2931810963
2931832746
2931786130
2931812082
2931773534
2934685215
2931789473
3381738714
2931809915
2931776434
2931811381
2931771612
2931776470
2932214076
2932214045
2932215718
2932217167
2932215743
2932215496
2932205460
3153101168
2932215242
2932214051
2934247442
2932214184
2932214023
2932215904
2932214162
2931929070
2932006934
2932006730
2931935970
2931940869
2931928601
2931991659
2932006640
2931939838
2935457076
2931997712
2931844920
3381654100
2931938815
2931997836
2932006632
2935738393
2931769269
2931786650
2931939489
2931933232
2931785540
3382616048
2931783031
2931933281
2931928346
2931944966
2931928574
2932006498
3381744149
3063692885
2931782752
2931811917
2931782743
2931839261
2931808768
2931838679
2931838705
2931884738
2931840208
2931840572
2932002547
2931884799
2931840340
2931885075
2931840298
2931884889
2931842244
00008306002F1CFD
2931884762
2931885062
3057941861
2931842257
2931776700
2931834430
2931835511
3382606360
2931833232
2931776704
2931877569
2931835712
2931847699
2931877849
2931877521
2929579165
2931847409
2931776513
2931840851
2931776535
2929583523
2936976280
3381551565
2931792410
2931842949
2931994795
2931907472
3062371934
2931937731
3057694120
2931907724
2932006802
2931941026
2931938967
2931934000
2931934022
2931934013
2932006316
2931933937
3063740468
2931984316
2931978258
2931993589
2931779222
2931942849
2931778972
2931993830
2931933179
2935500334
2931933241
3152363833
2931993427
2931933255
2931934822
2931934642
2931978034
2931993711
2931978922
2931978399
2931933618
2931933653
2931933452
2932006304
2929578564
2929580811
2929580746
2929580833
2929578598
2929580825
2929582903
2929578576
000083170013C28F
2929580889
2929461836
2929477028
2929580730
2929580738
2929580706
2929476408
2929580928
2929580722
3062692607
2931821839
2931994866
2931985960
3057829970
2931821814
2931823861
2931986211
2931889876
2931985890
2931821314
2931924080
2931925228
2929454146
2929583440
2929454295
2929581007
2929579986
2934258245
2934263267
2932223203
2931793719
2931793598
2932216831
2934263334
2934235919
2934255484
2934244864
2932220551
2932217023
2932223341
2934255541
2932226576
2932220680
2932216851
2934236708
2934263362
2931793695
2929482346
2929453733
2929497591
2931847120
2931807280
2931771809
2931812422
2931810856
2931772010
2931771856
2931805889
2931806043
2931846755
3151991874
2931810948
2931771882
2936977636
2931776773
2931805866
2931773790
2931809605
2931773838
2931841039
2931803061
2931840892
2931996101
2931784724
2931770024
2934846502
2931804284
2931785255
2931993516
2931995580
3403177032
3149377357
2931995721
2936996385
2931785519
2931993479
3062221285
2931786365
2931993475
2931937119
2931979697
2931933108
2931769817
2931767361
2931861452
2931836872
00008306003417ED
3063784421
2931836857
2931870858
2931838297
2931870920
2931780500
2931776241
2931871530
2931870812
2931837174
2931866272
2931870871
2931870222
2931837151
2931986461
2931893195
2931890058
2931888557
2931782874
2931969897
2931986435
2931782816
2931986474
2931782968
2931823938
2931892726
2931890013
2931823697
2931919755
2931893523
2931986417
2931893574
2932231818
2932228739
2934247014
2932228079
2932234149
2932231872
3156552867
2932228638
2932231587
2934628154
2932231941
2934257737
2932234070
2934613165
3381670926
2934246985
2934246044
2932228698
2932234271
2931831641
3156044898
2931839662
2931854934
2931773835
2931847944
2935037281
2931857770
2931847976
2931805080
2931806702
2931834599
2931773515
2931806348
2931841288
2931771808
2931805897
2931846332
2931771914
2931771852
2931771917
2931807998
2931771727
2931771591
2931810155
2932006686
2931783288
3381349250
2931778035
2932006233
2932006583
2931940342
3381743691
3149157863
2931928771
2931997202
2932006922
2931997907
2931997287
2931928420
2932006722
2931997832
2931837190
2931779811
2931857788
2931835618
2931857853
2931773815
2931870084
2931788539
2931779838
2931794553
2934536561
3379628689
2934242414
2934242235
2931779901
2931780004
2931780516
2931779717
2931780492
2931779844
2931779899
2931779800
2937007156
2931790178
2931794659
2931779791
3383046757
2931779710
2931790159
2929453715
2929494710
2929495403
2929466327
2929494805
2929486561
2929461430
2934312220
2929488000
2922988494
2929499205
2929495308
2938242731
2929462828
2932219415
2932219494
2931832687
2931801420
2931800931
3435481522
2932218493
2931832739
2931801111
2932218320
2932219042
2932218364
2932220294
2931800903
2931982049
2931844333
2931995842
2931885445
3153097884
2931993652
2931776460
2932002662
2931815333
2931993636
2931995481
2931993650
2932001858
2931795503
2931993596
2935082908
2931804966
2931993480
2931948115
2929499177
2929495425
2929461359
2929494277
2929578199
2930354632
2929462625
2929496132
2936963148
2931776764
2931771889
2931773676
2931773719
2931773619
2931805934
2931786012
2931771876
2931805092
2934726414
2931771550
2931773730
2938634051
2931877197
2934481497
2931772015
2931776927
2931773809
3057673978
2931979356
2931933204
2931979717
2931933051
2931933097
2931933818
2931841939
2931979625
2931786245
2931934047
2931979939
2931933771
2931907797
2931933437
2931933521
2931861797
2932000260
2931933099
3152323520
2932224267
2934259853
2931793184
2934254326
2934262968
2932216888
2932210972
2932233836
2932005177
2932226192
2931793209
2932210906
2934262826
2931793244
2934236536
3381367495
2931799705
2931832261
3381663456
2934260277
2931799609
2931799348
3057831384
2931801290
2934262038
2934262212
2932219753
2931801365
2931799436
2934244681
2931799097
2934262070
2931781285
2932208635
2932216604
2934236112
2931767185
2931781277
2932216428
2932198658
2934236471
2932198654
3403062852
2934236343
2934242603
2934246962
2932198526
2932216413
2932198915
2931781231
2929478840
2929468055
2929580050
2929478833
2929496109
2931956384
2931920172
2931993969
2939138129
2931794365
2931857534
2931973647
2931857744
2931881419
2931995537
2932000787
2931888813
2931793676
2931883391
2931888485
2931851938
2931985092
2932000817
2931812001
2931906105
3063763943
2939156109
2931943231
2931776572
3382015709
2931944382
2931961726
2931964318
2931961791
2931917561
2931999904
2931917632
2931964808
2931962137
2931963974
2931983466
2932005496
2931965085
2931961449
2931965281
2931965425
2931855472
2931945499
2931966209
2929456202
2929495931
0000830600254FE6
2929496050
2929479689
2932232622
2932232428
2932232315
2932232179
2932232323
2931977666
2931805945
2931810424
2931771739
2931786274
2931776918
2931841057
2931806010
2931776233
3057899403
2931808366
2931776890
2931779407
2931779137
2931779381
2931814123
2931779230
2931779457
2931779385
2931779425
2931779314
2931779482
2931779435
2931779489
2931779073
2931814100
2931789992
2931787334
2931813439
2931813474
2931779684
2931776481
2931787422
2931871830
2931787441
2931869893
2931788599
2931773576
2931803385
2931995946
2931769921
2931802253
2931932619
2931801710
2931803309
2932005268
2934237214
2932223099
2934256390
2932194161
2931842642
2932002096
2935757898
2931842719
2931812261
2931813934
2931932822
2931842747
2931857016
2934562194
2931851914
2931855103
2931847794
2931773830
2931857995
2931855145
2931773992
2931855047
2931851943
2931773827
2931798957
2932234033
2932234077
2932204387
2931781561
2932217786
2932233766
2932233756
2932000938
2931984342
2931769318
2931782639
2931782681
2931970343
2931785951
2931997322
2932223736
2934417102
2934242159
2932224415
2934257941
2932223612
2934241151
2932223524
2932223640
2932223708
2934262571
2932198865
2934262523
2932223631
2932223556
2935049034
2934241769
2931994788
2931770536
2932002465
2931784062
2931767511
2931780087
2931798659
2931837361
2931798610
2931770670
2931798683
2931858722
2931790567
2931767442
2931767487
2934242867
2934245061
2931782444
2932199150
3380983654
2932199468
2934242870
3057708952
2934242157
2934246051
2934237970
2934237850
2932191374
2934237520
2934254262
2932200778
2932200664
2932200633
2934254215
2934236933
2932200596
2934237643
2934240704
2934237105
3063713546
2934240449
2934237198
2931988835
2934247374
3063452217
2932225727
2931988947
3156361055
2932232828
2932225443
2934254888
3063769579
2934242506
2934242217
2934242874
2932198609
2932199604
2932228478
2934253271
2932191883
3057924783
2932198900
2932232448
2932225530
2932232421
2932224511
3063799631
2932225348
2931988992
2931988806
2931989336
2931977260
2932191876
3063353806
3155210095
2934246028
2934247126
2932216347
2934245750
2932234081
2932228084
2929456308
2929456200
2929474118
3383152398
2929455638
2929467091
2934240549
2932222760
2932198443
2934262421
2932224206
2932224197
2932216723
2932194049
2934242863
2932222908
2934262630
2934240239
2932222640
2934242636
2934255583
2934240104
2934245520
2929577792
2929467051
2929467175
2931999527
2932000412
2931929049
2932006318
2932006558
2932000414
2936995079
2932000217
2932000995
3063741985
2931999632
3063714201
2931994325
2932000590
2932006367
2931999951
2932000142
2932003109
2932005443
3062814025
2931805466
2931999078
2931839917
2931807358
2931994737
2932003250
2931807545
2932191961
2932002384
2936995101
3058566171
2931840028
2932003377
2931953925
2932001513
3381562413
2932000603
2931840553
2934259949
2932228387
2932228617
2934241409
2934241169
2932228446
2932228403
2934246037
2932191109
2934246886
2934240906
2934260053
2932228850
2934241004
2934246839
2932228333
2931965920
2931963169
2931963633
2932005504
2931966024
2931964104
2931993176
2931979817
2931965071
2931962223
2931999809
2931976785
2931979337
2931965643
2931964226
2931793707
2931981580
2931946875
2931986422
2931893172
2931986233
2931904944
2931888873
2931904636
2931919850
2931792565
2931892766
2931986469
2931905030
2931782935
2931986407
2931986455
2931986579
2935759628
2931892072
3062791393
2931893125
2931780200
2932001554
2931996006
2932001671
2931791074
2931777640
2931780236
2931791146
2931780222
2931777772
2932001798
2931780279
2931942446
2932001659
2931943473
2931990443
2929579258
2929579731
2929578968
2929478467
2929580676
2929478792
2929580202
2929478596
2929578953
2929580194
2929578945
2929580226
2929580059
2929468005
2929579853
2929579845
2929579837
2929578779
2929489297
2932191591
2932208420
3063905650
2934245460
2932198586
2932191470
2932234764
2932198475
2932191614
2934242957
2932190296
2932231351
2934243168
2932221469
2932190579
2934245374
2932192158
2934245529
2932192295
2934241575
2934246079
2932234913
2932235145
2934241504
2934240936
2934240896
2932235406
2932234559
2932234655
2932234588
2934241128
2932235182
3152324585
2934241175
2932228547
2934257689
2934241014
2934245744
2931986095
2931890182
2931985888
2932000200
2931924849
2931889937
2931823512
2934237119
2932209531
3064156509
2934263128
2932193310
2934255106
2932223899
2932222677
2934237798
2934255390
2934824094
00008306002F1C0B
2934263250
2934253471
2932209403
2934254212
2931986018
2931924912
2931782802
2931994090
2931891188
2931968854
2931986016
2931986042
2931985606
2931994124
2931989559
2932190891
2932200332
2932221748
2931989573
2932190920
2932225683
2934251975
2931989141
2934250815
2932232469
2931794226
2934250854
2932215621
2932190612
2932011346
2932011323
2932228296
2931818904
2932226406
2932228772
2931884639
2932011448
2931984867
2932222790
2934244012
2931995027
2932005713
2931767333
2931785544
2931933155
2931932871
2931782671
2931861872
2931786570
2931993403
2932006371
2931979795
2931934409
2931785524
2931933516
3381171193
2932000928
2931921218
2932009599
2932188645
2931921155
2931956535
2931997698
2932008819
2931907032
2931933795
2931935926
2932009913
2932009791
2931921621
2932008828
2934662547
2931783055
2931945611
2931977013
2931962943
2931980274
2931944190
2931963938
2931960613
2931981266
2932219750
2931844361
2931832288
2931844322
2932219447
2931799753
2931831913
2931801228
2931982171
2931981908
2931975766
2931799124
2931844599
2931982187
2931919125
2932220072
2931975907
3063186909
2931892110
2931892868
3381297360
2931782848
2931986514
2931986547
2931782826
2931890060
2931986287
2931892004
2931782824
2931889036
2931892716
2931986328
2931986504
3152024672
2931782796
2931904129
2931889610
2931891616
2931991586
2931933915
2931965713
2931916566
2932010010
2931991749
3057819305
2932187799
2932204915
2931999773
2932009950
2931798899
2931798808
2931798985
3057709215
2931798920
2931798830
2934248987
2932203836
2931798891
2932203969
2932233777
2931993206
2932187844
2931984021
2931944362
2931991065
2932214606
3057825521
2932214771
2932191486
2934241007
2932191115
2936996401
2934240693
2934242015
2934241661
2934241909
2934241963
2934241726
2931831993
2931832055
2931938560
2932219985
2931976038
2931801209
2931843895
000083840000BD6C
2931982279
2934662086
2932219633
2931938174
2934255828
2934262293
2931779833
2931840004
2931773352
2931773326
2931864367
2931839927
2931840117
3058568192
3382171200
2931836877
2931842666
2931838322
2931837096
2931885595
2931769835
2931770220
2931864354
2931839653
2931990962
2931990587
2931858934
2931990742
2931990713
2931877262
2932233300
2931839492
2934260853
2932232990
2932233485
2931826359
2931830315
2932189410
3057811659
3057707540
3057355338
2931842208
2934256758
2932232932
3057826607
2931792306
2931880901
2931784830
2932005509
2931834427
2931999289
2931859125
3063211890
3057919118
2931795352
2931770754
2934250712
2932193934
2931840865
2934237071
2932209091
2934258865
2932209105
2934244974
2934245413
3152364642
2932194152
2932232792
2932234157
2932228754
2932234766
2932231727
2934245853
2932234671
2932228299
2931981223
2931855467
2931966108
2937007105
2931962301
2931964541
2939156087
2931977085
2939156089
2931699356
2932232444
2932231926
2931832841
2932205491
2932214424
2931782422
2931833463
2931782097
2932230376
2932231782
2932232125
2932232327
2931781327
2932232220
2932230108
2931782081
2931988753
2932225503
2931988686
2931989789
2934250767
2934252360
2929946470
2934845500
2934839292
2934822048
2934598253
2934488129
2934474093
2934474383
2932232037
2931781794
2931781271
2932232899
2932232053
2932214446
2932232385
2932214719
3382708626
2932188119
2932188642
2931870500
2931976833
2931976132
2931784239
2931980574
2931767551
2931981786
2931767493
2931981134
2931767383
2932199914
2932231853
2932232013
2932214858
2932231914
3403040364
2932214767
2932231750
2932232851
2931804176
3383136307
3063727478
2934239786
3382733457
2934842753
2932221494
2932209494
2934254078
2934240149
2934253647
2932222629
2934237819
2934253425
2932222402
2934245961
2934243100
2934253440
2931780528
2931779848
2931780562
2931780077
2931780002
2931779992
2931780586
2931779925
2931779962
2931779662
2931780512
2934255940
2932225449
2934256191
2931840621
2931937874
3153292394
2932225763
2931861945
2931938197
2931938498
2931937959
2931840693
2932226137
2932226081
2931937675
2931861919
2934256202
2931939159
2934245544
2932191541
2932190663
2938766422
2932234582
2932190462
2932199241
2932198905
2931774022
2931857681
2931846950
2931857348
2931846454
2931846469
2931846251
3063743288
2931774018
2931776237
2931831525
2931857558
2931832339
2931841561
2931846748
2931847183
2929499118
3382610142
2929486406
2929486224
2929471509
2929494989
2929493963
2932220155
2931938638
2931843935
2932220116
2932219605
2931841900
2934244845
2934248570
2931939077
2931799845
2932219895
2932220260
2932233370
2934244876
2931982021
3152364182
2931844795
2932219889
2931935909
2931984472
2932188792
2931978652
2931934428
2931978649
2931933643
2931976188
2931993495
2931996466
2931944883
3156553502
2931884921
2931881907
3155189898
2931935990
2931993787
2934689314
2934554395
2931993499
2934698982
2931978599
2931933467
2931921814
2931993681
2931782707
2931993783
2931993443
2932196221
2931993757
2931979773
2931841255
2932188794
2931993785
2931983624
2931865953
2931865899
2932208504
2932190432
2932234614
2932198718
2934239247
2934242818
2931795642
2931996099
2931810084
2931995533
2931996206
2931785293
2931995713
3063741362
2931996125
2931814904
2931773996
2940239106
2931834082
2931786180
2932200606
2934237778
2934237451
2932200662
2932233295
2932200638
2932200640
000083060034056B
2934237874
2932200960
2932233392
3063346455
2934237572
2932194750
2932200617
2932194926
2934237090
2934237551
2934237011
2934241733
2931806657
2934246884
2932191947
2932231876
2934247016
2934246871
0000838400068FD7
2934251143
2931781557
2934246875
2932191413
2932234368
2934246086
2934247049
2934247001
2932231953
2932231700
2934417442
2932224051
2934926542
2932223003
3380193533
2932224088
2931793583
2932224024
2931793403
2932201848
2931793129
2932201892
3403029193
2931794026
2932226255
2931793249
2932220894
2932223800
2932223923
2932223896
2936995883
2931943641
00008306002FF973
2931771837
3381633848
3381290677
2931840913
2931771873
2931832615
2931773687
3381109446
2931773736
2931771912
2931773705
2931773795
2931806750
2931771931
2931839952
2931771598
2931771626
2931841269
2931771807
2931806078
2931808735
3063340467
2931805142
2931773715
3061961892
2931771584
2931985941
2931803611
2931986268
3381632060
2931770405
2931770385
2931842379
2931770402
2931784906
2931784775
2931842436
2931779674
2931844569
2931770310
2931986376
2932199209
2934236213
2932191534
2934242731
2932199017
2934236829
2934829051
2929494846
2929487002
2929498968
2931971999
2931888081
2931973921
2931793414
2931888304
2931974393
2931888584
3058524636
000083840003AC91
2931888773
2931888039
3063793348
3057696997
2931824715
2931807424
2931975005
2931922559
2934242379
2934242443
2932191049
2934863641
2934242406
2934242396
2934242474
2934242139
2934245236
2934244672
2934244926
2934242728
2936976309
2934244734
2934244654
2934245063
2934245295
2934236970
2934245141
2934260653
2934243128
2934245268
2934245027
2931782573
2932208622
2932191300
2934245249
2932191540
2934244756
2932235373
2934244780
2934610504
2934483252
2934244726
2934242304
2934243094
2934320450
2934242246
2932190854
2934242271
2932003737
2931778061
2932009099
2931921460
2932001303
2931769475
3381517632
2931770713
2931921517
2932009065
2932003440
2931780390
2932003455
2931769991
2932001330
2932001223
2931950862
2931948178
2931780362
2932204974
2932204987
2931767187
2932205084
2931767098
2932204760
2932204814
2932189390
2931767081
2931767021
2932205192
2932189350
2931767219
2932204740
2932204470
2931767105
0000830600301630
2931812438
2931810853
2932233399
2931800967
2932213642
2934257163
2932213593
2932234135
2932215144
2932234263
2932213578
3063757427
2929486599
2929486251
2929495128
2929486564
2934261961
2932213662
2934262036
2932213614
2932233144
2932213641
2932213685
2931786930
2931953357
2936996190
2931995024
2936976312
2931924201
2931785600
2931995170
2932000371
2934236581
2932198673
2932190446
2932226165
2934237193
2934250822
2932208475
2934250919
2932198683
2934259292
2931994924
2934235732
2931786230
2931786146
2931995132
2931994886
2931923947
2931922119
2931925636
2932000997
2940239103
2931965301
2932000279
2934680932
2931786462
2931999501
2931995078
2931785931
2934672295
2931930433
2932009309
2931930289
2931889529
2931986097
2934318414
2931985376
2932009175
2931985404
2931985466
2932001101
2934826363
2931944820
2931769523
2931769480
2932003869
2931889574
2931924569
2931994936
2931924084
2932006143
2931973511
2932000863
2932003081
2931994931
2931786154
2929498842
2929482610
2929499038
2929495189
2937007162
2932221289
2934686590
2934236836
2932221214
2934251719
2934252567
2934251628
000083060033B785
2932230280
2937007119
2931781745
2931993490
2934251571
2931970568
2931994822
2931972596
2931969463
2931974178
2931974599
2931969965
2931975076
2931793487
2931793038
2931975435
3063442274
2932000189
2931973710
2931972100
2931929142
2938606623
2931974017
2931973228
2934722350
2931785900
2931994664
2931954876
2931793542
2931971276
2931972584
2931924243
2932003345
2931977113
2931970734
2934345473
2931927322
2931864180
2931974061
2931855251
2931928193
3057822728
2931971646
2931976813
2931793043
2932199645
3383118762
2931981091
2931976882
2932189011
2931855375
2931980020
2931955218
2931955349
2931995041
2932196129
2931955397
2931856004
2931778057
2932009118
2931969199
2931955803
2931957310
2932000582
2932003463
2932003543
2932003563
2931956316
2931935154
2931917136
2931934301
2931961285
2931934792
2931934160
2931947647
2931917484
3382033414
2931934153
2931933822
2931965750
2931943970
2931917248
2931934556
2931933606
2931933999
2931993186
2931942269
2931966417
2931934731
2931985978
2931979526
3381536127
2931893646
3381725447
2931986498
2931783214
2931821452
2931994011
2931924980
2931888768
2931924852
2931889756
2931893627
2931782967
2931892296
2931994489
2929482586
2929482563
2929498899
2929456604
2929474656
2929455274
2929461049
2929460938
2929456572
2929490369
000083840006022E
2929474669
2929498755
2929578552
2929577693
2929500026
2929580651
2929456250
2929578595
2929577769
2929585410
2929585276
2929489887
2929478100
2924092424
2929489104
2929491890
2929479346
2929479679
2929585292
2929492193
2929478082
2929579944
2929585324
2929492003
2924092409
2929476087
2929476099
2929498384
2929462843
2929484269
2929500170
2929476292
2929462678
2929485638
2929476129
2929498365
2929476173
2929498353
2929463512
2929475942
2929462657
2929498385
2929578684
2929580934
2929580902
2929580918
2929580807
2929482074
2929578762
2929455478
2929580910
2929578770
2929578545
2929578713
2929580783
2929580926
2929577804
2929580845
2929455573
2929580799
2929578890
2929483832
2929483532
2929464012
2929478408
2929484591
2929581513
2929580955
2929475089
2929483503
2929475179
2929453703
2929483647
2929581158
2929455976
2929584545
2929468974
2929473987
2930354877
2929474078
2929577878
2929577536
2929474015
2929473967
2929473690
2929468337
2929463510
2924092444
2929495714
2929496247
2929496071
2929585366
2929489955
2929495734
2929496442
2929578826
2929488174
2929479077
2929585318
2929579995
2929478657
2929585488
2929579806
2929585462
2929477952
2929580057
2929580250
2929581675
2929585499
2929489252
2929489276
2929579476
2929474000
2929473773
2929474295
2929473725
2929493829
2929494506
2929473914
2929473796
2929473705
2929473820
2929498907
2929494262
2929476990
2929473938
2929579552
2924092274
2929581627
2929460892
2929579965
2929490805
2929482595
2929460924
2929455749
2924092233
2924092289
2929490517
2929461908
2929500177
2929490050
2929581783
2929580415
2929577665
2929583731
2929500049
2929477050
2929461962
2929461956
2929580888
2929500155
2929493441
2929479811
2929493358
2929493374
2929493746
2929482082
2929493598
2929493323
2929493646
2929493681
2929493398
2929493599
2929578649
2929493705
2929582602
2929475519
2929477211
2929499897
2929583867
2929583835
2929584144
2929584091
2929583955
2929583926
2929493183
2929584147
2929584065
2929582610
2929584143
2929499047
2929461945
2929468429
2929483368
2929493459
2929498703
2929461226
2929466487
2929499050
2929473995
2929486481
2929495559
2929499133
2929499238
2929489824
2929473131
2929496651
2929486477
2929487178
2929578624
2929486511
2929486253
2931995305
2931793941
2931854637
2931984917
2931919553
2932005759
2931981636
2932188558
2931994979
2931784661
2931784485
2931796855
2931983635
2931784375
2931777194
2931778186
2932002538
2932218092
2932002980
2932008049
2931784469
2931785441
2931983363
2931983516
2931956297
2931957116
2931793596
2931794334
2931995374
2931955824
2932003628
2931925966
2932006524
2931793442
2931794005
2931927896
2931968805
2931928094
2932003598
2931793954
2931984700
2931984680
2931921983
2931694945
2932203717
2931781224
2931800202
2936995076
2931841960
2934248879
2934250142
2931770789
2932203963
2932234068
2931991445
2932203957
2932204046
2931767076
2932204196
2931767696
2932203758
2931994154
2932006609
2932000404
2931843532
2932001009
2932000314
2931793664
2931793468
2932198025
2932226428
2931793336
2932199252
2932004992
2936948081
2932226607
2931787686
2932210395
2931786739
2931786804
2931787618
2931952430
2931953240
2931787886
2932220121
2931787714
2936962267
2931884537
2931884035
2932226282
2932213402
2932011264
2932223023
2931792544
2931793309
2931793381
2931793341
2931843275
2931793128
2931841829
2931855875
2931769412
2931818453
2931819119
2931792244
2929580482
2929486416
2929462129
2929490505
2929495204
2929495091
2929486535
2929500150
2929482174
2929495463
2929461407
2924092328
2929495260
2929486297
2929495315
2929468878
2929495362
2929577530
2929467396
2929461020
2929471784
2929578587
2929482193
2929578673
3382602022
2929490596
2929462017
3062796732
3156904305
3062691755
3062789070
3062677279
3061960380
3156185171
3039986395
3039986975
3062683051
3062818496
3153095825
3062800476
3152308447
3153075681
3063287525
3435660918
3063297818
3062817317
3057673810
3062794030
3062821699
2936962292
2929579049
2929489176
2929477926
3057831910
2929464295
2929578138
2929492083
2929584876
2929578793
2929580019
2929584931
2929492560
2929580106
2929578900
2929583862
2929494088
2929583838
2929474006
2929498800
2929490006
2929493853
2929495472
2929584114
2929494177
2929583957
2929490413
2929493130
2929493761
2934371987
2934479894
2934381232
2934478157
2934313955
2934381343
2934478596
2934476962
2934834904
2934599909
2934822006
2934511049
2934824369
2934822019
00008317000C61CC
2934484100
2934511111
2934823184
2934766643
2934465651
2929949575
3402696085
2929948836
2929949853
2929951631
2934511083
2934481298
2934397370
2934567793
2929970069
2934318295
2934481971
2934490269
2934835569
2934318325
2934317199
2934574825
2934393908
2934844465
2934828271
2934344773
2934845112
2934822636
2934819819
2934322587
2934324430
2934478955
2934324436
2934324506
2934313748
2934478764
2934483034
2934832098
2934837569
2934830980
2934820751
2934846458
2934846642
2934850930
2934822312
2934378629
2934378476
2934381501
2934394419
2934482927
2934390030
2934378551
2934347053
2934567167
2934379004
2934317088
2929946705
2934322436
3063968384
2934317051
2934322563
2934544150
2934315766
2934357066
2934356422
2934315562
2934477949
2934597471
2934596913
2934597066
2934596930
2934404307
2934823376
2934823387
2934760825
2929967553
2929967561
2929948423
2929959237
2929967608
2929967572
2934481860
2934475372
2934825962
2934825792
2934505761
2934323369
2934765444
2934781066
2934818385
2934554573
2934338845
2934823262
2929950864
2934316386
2929950890
2929950921
2929950888
2934825975
2934323854
2934323816
2934323874
2934323527
2934474981
2929389741
2934323996
2929389881
2934600340
2934817986
2934578281
2934825288
2934578347
2934512734
2934485077
2934601973
2934404180
2934404569
2934599495
2929984595
2929967595
2929967596
2929967687
2934553647
2934597288
2934488796
2934328594
2934553621
2934829472
2934783507
2934783833
2929950423
2929951426
2929951219
2934765487
2934316209
2929942520
2929388213
2934827150
2934851321
2934823865
2934851332
2934851364
2934827186
2934847209
2934847520
2934847652
2934849948
2934840197
2934322578
2934602004
2934840187
2934837762
2934387096
2934820591
2934354963
2934327261
2934794314
2934597761
2934597730
2934485450
2934511488
2934597710
2934597272
2934510014
2934563005
2934578408
2934577170
2934601414
2934577992
2934547478
2929951144
2929951472
2934312254
2929951200
2929951188
2929949296
2934793785
2934518409
2929938940
2934794632
2934793812
2934522579
2934820525
2934393741
2929389453
2934323944
2934851356
2934851001
2934851333
2934584849
2934827356
2934353002
2934488286
2929946267
2934391641
2934828013
2929946549
2934390583
2934474964
2934822659
2934822680
2934313628
2937007125
2934824224
2934845728
2934316493
2934311374
2934316684
2929383168
2929383079
2934483220
2934823827
2934823867
2934823544
2934819910
2934396385
2934413310
2934345768
2934321313
2934844581
2934312893
2934619551
2934821126
2934599930
2934404538
2934545751
2934547009
2934823056
2934840127
2934825194
2934847186
2934823898
2934827013
2934356583
2934383945
2934825828
2934323573
2934464248
2934384133
2934384322
2934464305
2934829846
2934823068
2934530341
2934832458
3063356165
2934823318
2934823330
2934823077
2934836986
2934313819
2934837187
2934824711
2934837453
2934837167
2934836305
2934452765
2929974343
2929974148
2929970391
2929940476
2934599472
2934538969
2934519733
2929989570
2929971644
2929949785
2929955223
2929955216
2934466479
2934466412
2934466239
2934772756
2934314933
2934314975
2934314876
2934820929
2934822026
2934488472
2934829518
2934419247
2934820770
2934504677
2929389292
2934413302
2934392941
2934405222
2934509881
2934558589
2934513268
2934820677
2934826336
2934820669
2934530427
2934823287
2934405347
2934555903
2934487806
2934317060
2934842281
2934828652
3153222409
2934842620
2934322508
2934842439
2934322532
2934820575
2934474191
2934546800
2934836824
2934842568
2934354628
2934836315
2934394016
2934513061
2929938609
2934316189
2934316201
2934564749
2934564747
2934316158
2934513110
2934841781
2934324803
2934592933
2929383118
2934523079
2929386629
2934845924
2934315740
2929976564
2929985219
2929985218
2929976620
2929976572
2934554551
2929389566
2934455755
2929389734
2934372317
2934858144
2934342158
2934547252
2934581762
2934405037
2934405193
2934578788
2934828873
2934833743
2934570374
2934399419
2934520067
2934825851
2934573489
2934769074
2934774938
2929948450
2934774035
2929966634
2934785106
2934784031
2929967077
2934329255
2934329123
2934844016
2937007128
2934478087
2934478260
2934324543
2934320128
2934821197
2934378755
2934380081
2934379742
2934338227
2934370096
2934481110
2934320098
2934480454
2934531141
2934530383
2934479772
2934480358
2934380920
2934401706
2934827747
2934854021
2934823768
2934853477
2934825915
2934356514
2934578310
2934343948
2934336963
2934837103
2934578292
2934837634
2934544836
2934819769
2934836289
3063758687
2929973845
2929973659
2929973645
2929985194
2934628886
2934537779
2934502947
2929964845
2934501891
2934318095
2934343175
2934818548
2929944610
2934309724
2934355869
2934569398
2929941029
2934602001
2934828591
2934595907
2934405395
2934322544
2934519493
2929967345
2934310185
2934398364
2929966036
2929950873
2929945068
2929959504
2929939580
2929950725
2934313879
2934479634
2934313893
2934471449
2934480380
2934846750
2934479835
2934528246
2934546179
2934525721
2934418621
2934400777
2929389372
2934393503
2929389950
2934562384
2934535554
2934826329
2934826326
3057695950
2934821317
2934847349
2934599378
2934390558
2934485162
2934381112
2934558816
2934558867
2934535618
2934487783
2934535791
2934528710
2934598739
2934825264
2934508962
2934826143
2934509003
2934826216
2934562341
2934818184
2934562537
2934782783
2934315955
2934564878
2934485563
2934512450
2934829490
2934825837
2934345563
2934345378
2934345530
2934345375
2934318739
2934577159
2934829144
2934825189
2934547047
2934345600
2934827684
2934342154
2934829121
2934410269
2934470018
2934342666
2934494271
2934577521
2934823032
2934823037
2934840119
2934596367
2934574758
2934820911
2934824679
2934581507
2934319018
2934377365
2934512413
2934582236
2934509703
2934582269
2934482332
2934470945
2934315188
2929946690
2934418650
2934391970
2934841826
2934841814
2934840299
2934824620
2934824617
2934835169
2934841874
2934836093
2934597229
2934847490
2934820618
2929946573
2934829221
2934422270
2934558916
2934826231
2929950731
2934558539
2934831441
2934849868
2934488661
2934512405
2934520007
2934579065
2929939117
2929939128
2934575861
2934403138
2934373906
2934850652
2934555005
2934416163
2934416155
2934402582
3382605806
2934315535
2934401444
2934402098
2934417645
2929938601
2934312184
2934316514
2929938528
2934312239
2934311420
2934312297
2934312290
2940239197
2929965544
2929957932
2929965570
2929965576
2934796586
2929975887
2929950375
2929973997
2934855820
2934529765
2934843468
2934855792
2934826398
2934565533
2934831921
2929973469
2929939203
2929939155
2929939385
2929968354
2929949419
2934562199
2934547261
2938655819
2934510951
2934562237
2934522020
2934522132
2934522291
2929951388
2929938728
2934756869
2934826229
3379890194
2934826224
2934535647
2934829474
2934561763
2934315108
2934494200
2934494207
2934383660
2929389523
2934396684
2934418399
2934836459
2934471943
2934836541
2934401866
2934341913
2934401123
2934504921
2934322644
2934322926
2934393638
2934400953
2934823722
2934568327
2934397749
2934825211
2934323743
2934818283
2934571292
2934820920
2934827720
2934507818
2934821994
2934821976
2934319024
2934345168
2934345294
2934345252
2934391462
2934317130
2934356758
2934382951
2934475133
2934382984
2934356539
2934829321
2934825880
2934356121
2934577293
2934582322
2934577515
2934577488
2934405039
2934535416
2934577158
2934840160
2934840155
2934840138
2934509828
2934383759
2934818806
2934455681
2934829852
2934829756
2934483158
2934355235
2934381415
2934507187
2934507247
2934484737
2934313777
2934842238
2934820147
2934408073
2934358114
2934363593
2934363563
2934820135
2934598039
2934830797
2934512818
2934512883
2934586961
2934831310
2934599424
2934485050
2934329187
2934827056
2934828222
2934828778
2934836421
2934509548
2934309771
2934822770
2934826979
2934337834
2934822656
2934474423
2934323552
2934322901
2934390556
2934586202
2934322950
2934383790
2934827689
2934586279
2934835953
2934555845
2934512329
2934509791
2934510214
2934820557
3381312781
2934516976
2934596090
2934313722
2934562637
2934835066
2934852182
2934313617
2934842039
2934496473
2934841426
2934483439
2934496238
2934761586
2934783504
2929949767
2934783618
2929942843
2934783800
2934787516
2934511638
2934343084
2934315413
2929946715
2934830708
2934322934
2934344608
2934406615
2934833443
2934823011
2934405151
2934322304
2934824678
2934824303
2934554553
2934840901
2934818213
2934850074
2934581258
3063705734
2934850076
2934843216
2934832584
2934847406
2934847276
2934581227
2934833297
2934843472
2934850254
2934833273
2934839746
2934853296
2934858518
2934843469
2934842000
2934488469
2934397351
2934518892
2934601332
2934840832
2934524102
2934511016
2934562966
2934567290
2934825729
2934826558
2934576511
2934357433
2934498645
2934563905
2934566421
2934573448
2934575987
2929963216
2934793847
2934340732
2929963017
2929970337
2934819923
2929940553
2934506545
2934819922
2934819917
2934414565
2929966891
2934328832
2934317037
2934567009
2934567000
2934505686
2929982126
2934347002
2934342005
2934823636
2934483412
2934322268
2934833042
2934322634
2934322643
2934322959
2934383826
2934510226
2934318429
2934318439
2934514603
2934794504
2934524533
2934793932
2934455784
2934495563
2934825179
2934476083
2934822576
2934826479
2934555001
2934847026
2934823432
2934587295
2934354874
2934502308
2934370590
2929989574
2934501623
2934519796
2929944550
2934407175
2934417061
2934794545
2934497529
2934318465
2934314801
2934318202
2934318469
2934318474
2934338090
2934370376
2934352374
2934479314
2934370229
2934828733
2934384372
2934364133
2934322430
2934393839
2934399961
2934828401
2934823878
2934322459
2934317079
2934378978
2934824799
2934568774
2934825961
2934476338
2934475303
2934481899
2934512542
2934493961
2934474700
2934475337
2934474636
2934826951
2934320229
2934820672
2934818572
2934472082
2934469995
2934325061
2934378789
2934470258
3152359591
2934369790
2934369680
2934463971
2934481168
2934480987
2934365066
2934832504
2934463991
2934464071
2934481155
2934322525
2934317055
2934317096
2934322455
2934322538
2934371377
2934317048
2934322601
2934828396
2934327579
2934582311
2934528550
2935433906
2934821106
2934850140
2934545602
2934404416
2934852398
2934323689
2934394260
3150188521
2934323336
2934827020
2934313612
2934828745
2934455627
2934381110
2934383946
2934581506
2934530875
2934581501
2934825257
2934582138
2934545901
2934574918
2934581510
2934582094
2934577479
2934554415
2934820764
2934827515
2934820746
2934831300
2934831098
2934820747
2934555049
2934841445
2934585178
2934514503
2934601149
2934835949
2934517438
2934821070
2934601115
2934381424
2934478930
2934844073
2934313682
2934344363
2934381312
2934313688
2934313837
2934599552
2934405418
2934852497
2934856096
2934849856
2934602092
2934600103
2934852418
2934599460
2934826176
2934339076
2934825099
2934378900
2934824913
2934828582
2934824925
2934315327
2934824889
2934828552
2934357594
2934494707
2934471216
2934824227
2934481862
3380463646
2934320451
2929389432
2934318102
2934318025
2929389855
2934473452
2929389382
2929946662
2934499875
2934488644
2934455788
2934504838
2934479266
2934345774
2934413700
2934344529
2934466257
2934840203
2934405035
2934488573
2934599984
2934405080
2934577510
2934405085
2934825852
2934825770
2934315566
2934828802
2934481227
2934493453
2934819983
2934825840
2934315064
2934858306
2934822935
2934858320
2934826436
2934819887
2934827479
2934836223
3381509508
2934829875
2934794275
2934482988
2934824349
2934509161
2934504474
2935097384
2934527039
2934530251
2934314853
2934509395
2934514139
2934314998
2934417223
2934417765
2934416309
2934848425
2929946433
2934596851
2934596301
2934596299
2934558588
2934596335
2934825180
2934598553
2934485978
2934596847
2934314347
2934414456
2934417823
2934416165
2934402141
3403035203
2934341198
2934402145
2934396824
2934396795
2934344950
2934321285
2934344524
2934345036
2934469778
2934483423
2934821836
2934469927
2934822588
2934470561
2934315172
2934470753
2934338059
2934364203
2934822780
2934821903
2934481411
2929946309
2934823952
2934383417
2934481257
2934836531
2934845989
2934827145
2934488021
2934851237
2934582744
2934832801
2934823791
2934827159
2934582068
2934546503
2934470226
2934369978
2934314014
2934371696
2934531107
2934844353
2934313655
2934313964
2934546704
2934372132
2934508022
2934574741
2929946728
2934538993
2934597641
2934833137
2934827693
2934853565
2934322834
2934823788
2934322631
2934823758
2934343705
2934495527
2934824747
2934554733
2934495340
2934476036
2939156113
2934318522
2934383916
2934323189
2934526956
2934481289
2934339376
2934481593
0000838400003E1E
2934318318
2934323273
2934820967
2934840875
2934822030
2934554496
2934356374
3057677381
2934822235
2934370066
2934313665
2934320239
2934596541
2934480190
2934325080
2934380755
2934384529
2934320138
2934826341
2934855458
2934820947
2934507741
2934556062
2934562539
2934546499
2934825258
2934574899
2934372715
2934345367
2934400476
2934505374
2934525277
2934345570
2934336903
2934503958
2929389539
2934822966
2934323636
2934372157
2934826387
2934484102
2934601310
2934496538
2934562049
2934850238
2934829746
2934822436
2934315263
2934382735
2934357370
2934845892
2934342699
2934827744
2934342621
2934830680
2934827785
2934817997
2934830685
2934827680
2934323083
2934497018
2934568754
3057823050
2934312913
2934569906
2934548905
2934851934
2934567159
3381525455
2934829539
2934838142
2934820803
2934825275
2934834506
2934561770
2934838137
2934509394
2934581941
2934383418
2934818803
2934826546
2934315101
2934828994
2934818805
2929941942
2934342359
2934836357
2934554636
2934837283
2934818305
2934351412
2934553937
2934826186
2934838384
2934565376
2934856106
2934404492
2934404392
2934847727
2934488542
2934826206
2934825764
2934474705
2934474344
2934321597
2934323337
2934825788
2934323570
2934323558
2934313769
2934475556
3063302807
2934380681
2934390690
2934364043
2934837916
2934837082
2934818763
2934394008
2934847161
2934846117
2934827835
2934824492
2934823543
2934823479
2934602065
2934846119
2934827630
2934817973
2929581352
2929481231
2929498613
2929581305
2929454000
2934341287
3156046832
2934417859
2934417309
2934402742
2934385708
2934417354
2934402722
2934556173
2934556132
2934556130
2934827872
2934484807
2934843438
2934827845
2934854444
2934529893
2934832370
2934855287
2934855253
2934826421
2934855255
2934847612
2934850288
2934827877
2934833945
2934783197
2934564188
2934783138
2934782809
2934783135
2929951337
2934316382
2934316481
2934506184
2934794409
2934526675
2934514342
2934794257
2934506281
2934794331
2934518887
2934519284
2934323302
2934844220
2934402745
2934417193
2934402544
2934416188
2934320250
2934401614
2934498976
2934498979
2934417358
2934314864
2934401607
2934417690
2934314968
2934417312
2934314725
2934401942
2934600609
2934390688
2934324053
2934827782
2934511547
2934382733
2934830614
2934820261
2934358251
2934356073
2934386696
2934387108
2934323858
2934401666
2929389314
2929946311
2929389797
2934401271
2934821121
2929946241
2934470964
2934822818
2934410307
2934364322
2934315168
2934763369
2934401370
2934323281
2934471328
2934469894
2929973827
2929959135
2929949498
2929975700
000083840003C5FC
2929959126
2929957883
2929959161
2934837515
2934555796
2934555844
2934577828
2934837329
2934578130
2934581349
2934578234
2929946438
2934316954
3063904748
2929946768
2929386573
2934792026
2929951951
2929951989
2929966443
2929951013
2934792131
2934792146
2934776607
2934501050
2929946578
2934530570
2934355557
2934347220
2929967350
2934340859
2934564877
2934847111
2934847480
2934832216
2934581204
2934854684
2934833321
2934854990
2934854386
2934847894
2934327897
2934386733
2934322820
2934312749
2934404122
2934837644
2934323118
2934313775
2934500148
2934479644
2934478151
2934491543
2934320184
2934416082
2934478952
2929389469
2934477215
2934571131
2934852597
2934383555
2934582657
2934821138
2934601588
2934577546
2934824846
2934825119
2934577958
2934508381
2934381076
2934831547
2934826121
2934547272
2934528372
2934535724
2934820652
2934314108
2934547227
2934582244
2934824786
2934824814
2934530847
2934828589
2934577893
2934577364
2934824861
2934585754
2934359364
2934353751
2934353762
2934586092
2934602144
2934359326
2929982231
2934825582
2934562865
2934416150
2934402413
2934355255
2934401793
2934529827
2934314932
2929453876
2929500405
2929464019
2929497717
2929465327
2929475367
2929491338
2929481222
2929453748
2929453939
3159139218
2934848013
2934847969
2934564978
2934826118
2934843935
2934850066
2934843234
2934854590
2934596760
2934846786
2934823269
2934823274
2934821285
2934846782
2934829149
2934823271
2934839452
2934840177
2934839447
2934561900
2934601806
2934561953
2934403830
2934403827
2934558699
2934345593
2934347266
2934345171
2934314350
2934345161
2934318821
2934336714
2934344942
2934345069
3435468263
2934821189
2934324773
2934856050
2934324699
2934500171
3152398057
2934856040
3156274351
2934821194
2934475296
2934601312
2934820903
2934562764
2934488478
2934820776
2934601181
2934383329
2934510310
2934834856
3382620999
2934515142
2934516095
2934513977
2934782299
2934794610
3382602645
3381751792
2929961260
2934515736
2934363406
2934599811
2934484247
3381336381
2934834874
2934539148
2934827113
2934558527
2934577457
2934562000
2934517610
2929941053
2934570201
2934504584
2934570334
2934570302
2934540687
2934503191
2934375178
2934505240
2934571917
2934503527
2934535053
2934375213
2929389347
2934387357
2929389514
2934401205
2929946103
2934341668
2929389307
2929946300
3381493276
2934838151
2934481842
2934323387
2934818817
2934495488
2934829649
2934822476
2934404053
2934601650
2934565005
2934479206
2934477186
2934381125
2934564917
2934313720
2934479039
2934844104
2934313840
2934313618
2934820779
2934484139
2934488490
2934476526
2934829140
2934509516
2934820818
2934820816
2934850248
2934820956
2934601876
2934601740
2934599202
3383128437
2934596737
2934596728
2934404910
2934404877
2934315436
2934315153
2934823259
2934315180
2934825757
2934332548
2934482961
2934851048
2934827383
2934578031
2934819894
2934858334
3381621515
2934827381
2934827176
2934315274
2934825953
2934323307
2934476523
2934383075
2934476557
2934315289
2934383914
2934837745
2934564934
2934564912
2934832946
2934581229
2934840437
2934843964
2934828132
2934829531
2934597014
2934834842
2934487871
2934829553
2934822032
2934821066
2934821974
2934829533
2934504770
2929941013
2934504922
2934548524
2934355447
2934504726
2934521467
2934503376
2934314494
2934318629
2934318254
2934318389
2934314487
2934539875
2934318256
2934543732
2934318617
2934318190
2934534861
2934312723
2934387928
2934556966
2934557004
2934380899
2934853568
2934479573
2934320106
2934480498
2934510812
2934794562
2934850170
2934363296
2934323808
2934794611
2934514595
2934517356
2934519257
2934763085
2934510254
2934478353
2934586443
2934489382
2934763813
2934851461
2934487840
2929971429
2934562771
2934601198
2934821090
2934601155
2934601157
2934512478
2934840461
2934821924
3057700133
2934826279
2934821929
2934818308
2934818502
2934835378
2934369826
2934345562
2934384486
2934470253
2934818677
2934364163
2934384198
2934824720
2934824730
2934842162
2934849784
2934599295
2934847097
2934846974
2934848071
2934835651
2934855884
2934345322
2934319175
2934318043
2934318922
2934539705
2934318855
2934320923
2934416154
2934355254
2934342867
2934831951
2934510770
2934394059
2934510631
2934820356
2934380680
2934510755
3382720655
2934394248
2934379946
2934844847
2934480075
2934478648
2934322342
2934381489
2934381497
2934324922
2934488933
2934547166
2934602124
2934507867
2934393066
2934562504
2934329182
2934512851
2934821342
2934827394
2934832130
2934827562
2934827349
2934832120
2934834296
2934832143
2934832185
2934827400
2934826141
2934562257
2934535644
2934535550
2934840214
2934839520
2934826343
2934415690
2934514186
2934352801
2934352674
2934415606
2934318745
2934320777
2934351784
2934387279
2934848508
2934828298
2934400353
2934818766
2934409852
2934827932
2929453891
2929491278
2929453860
2929491436
2929462833
2929454577
2929498329
2934410139
2934342163
2934472598
2929946528
2934342971
2934418845
2934342978
2934341954
2934318274
2934401278
2934397296
2934397206
2934363318
2934318398
2934318205
2934326986
2934414764
2934503851
2934504714
2929941816
3381354663
2934570307
2929938869
2934572829
2934503583
2934505082
2934539046
2934827681
2934821821
2934823756
2934483442
2934391937
2934391470
2931852528
2934314407
2934403306
2934483049
2934543130
2934397402
2934596474
2934318590
2934374656
2934571516
2934571978
2934509496
2934363264
2934581751
2934510306
2934509417
2934318458
2934834344
2934846993
2934833560
2934827539
2934834314
2934829190
2934565249
2934839820
2934855860
2934829459
2934826402
2934833066
2934530835
2934839932
2934530801
2934847854
2934847791
2934850334
2934850322
2934371939
2934478241
2934313729
2934478691
2934499929
2934405315
2934381205
3057811728
2934820546
2934855114
2934401481
2934520301
2934557009
2934556910
2934556971
2934529455
2934569484
2934354886
2929463453
2929475915
2929462852
2929498430
2929462771
2934546079
2934545969
2934820278
2934512896
2934574799
2934488665
2934315324
2934825075
2934315130
2934828470
2934324478
2934464260
2934379769
2934369677
2934324486
2934539204
2934539202
2934822406
2934821817
2934839982
2934539179
3152216642
2934596209
2934316892
2934413088
2934419287
2934316939
2934318618
3063716825
00008306002FDE95
2934412856
3381824559
2934313731
2934830984
2934833282
2934584790
2934832753
2934829344
2934383316
2934825802
2934829351
2934835115
2934561998
2934535484
2934598155
2934507405
2934598142
2934379565
2934528563
2934833371
2934547444
2934514360
2929971399
2934362357
2934388660
2934529717
2934414063
2934408532
2934403303
2934397814
2934818164
2934827321
3156623703
2934830884
2934823684
2934823690
2934823674
2934818163
2934834210
2934850953
2934387311
2934314097
2929946510
2929945174
2929946659
2934410056
2934473645
2934828806
2934509606
2934523554
2934475879
2934317144
2934510880
2934515634
2934827085
2934493323
2934825445
2934357511
2934493378
2934481814
2934827092
2934493400
2934495817
2934596450
2934575825
2934515664
2934486121
2934567855
2934513039
2934524491
2934601392
2934822064
2934565081
2934597150
2934535328
2934600917
2934535308
2934836133
2934577619
2934820730
2934313639
2934530795
2934562149
2934821173
2934317089
2934375175
2934517793
2934589182
2929941509
2939132242
3383257747
2934598993
2934599005
2934546018
2934488681
2934314088
2934820566
2934530991
2934820568
2934574804
2934318235
2934318330
2934314467
2934316877
2934318222
2934414767
2934318141
2934316875
2934325118
2934832975
2934555895
3381350080
2934405335
2934837503
2934854731
2934361717
2934832649
2934317131
2934517315
2934317167
2934419631
2934405340
2934825331
2934362532
2934849286
2934511824
2934848704
2934476492
2934483444
2934850759
2934850829
2929580174
2929462675
2929499971
2929463526
2929463669
2934499963
2934838156
2934822540
2934476033
2934562738
2934841607
2934324457
2934369676
2934464225
2934324507
2934384116
2934369834
2934380296
2934464232
2934599903
2934828449
2934472464
2934322604
2934322592
2934345370
2934321314
2934351698
2934318426
2934308915
2934406462
2934413092
2934405305
2934542206
2934317132
2934313580
2934318191
2934794571
2934313619
2934390680
2934473869
2934479254
2934455608
2934381121
2934363819
2934828965
2934390587
2934414642
2934577169
2934562929
2934517662
2934502107
2934513399
2934834018
2934820675
2934517435
2934404627
2934559068
2934561758
2934558923
2934562241
2934601302
2934558927
2934315397
2934315122
2934312754
3380484965
2934494176
2934836504
2934824196
2934384166
2934369756
2934464068
2934481186
2934481218
2934384128
2934481035
2934481206
2934839869
2934847378
2934818612
2934317197
2934831232
2934855894
2934839845
2934848082
2934839138
2934825765
2934474997
2934824202
2934847053
2934855600
2934315249
2934327780
2934320222
2934324535
2934858178
2934852018
2934851036
2934480315
2934480998
2934833353
2934851020
2934364514
2934473719
2934393538
2934321269
2934336962
2934324416
2934844050
2934477362
2934500252
2934314103
2934313649
2934499711
2934845162
2934840821
2934835322
3062340968
2934380777
2934824195
2934835274
2934384532
2934818337
2934371524
2934477234
2934835392
2934509504
2934821937
2934511095
2934509531
2934318938
2934413417
2934311960
2934319006
2934317021
2934401655
2934318692
2934855613
2934840498
2934855852
2934379960
2934826042
2934384494
2934370154
2934499949
2934338031
2934370185
2934837578
2934846444
2934832339
2934840834
2934575232
2934837952
2934782651
2934598014
2934820922
2934855244
2934839876
2934818687
2934344369
2934318705
2934834834
2934478285
2934825794
2934317206
2934320309
2934401453
2934394363
2934821939
2934404835
2934821968
2934587323
2934499913
2934828156
3062820206
2934337284
2934409847
2934597208
2934845568
2934338591
2934499817
2934337901
2934355450
2934578636
2934346659
2934355856
2934578839
2934828907
2934822638
2934315083
2934315129
2934477324
2934455803
2934495594
2934393301
2934381224
2934503877
2934341986
2934505059
2934341826
2934823358
2934479709
2934840092
2934482907
2934499989
2934393235
2934324667
2934836059
2934413958
2934553662
2934822988
2934822172
2934530056
2934827407
2934839698
2934600331
2934843417
2934840816
2934818750
2934328308
2934333137
2929941223
2934539784
2934510396
2934474591
2934825822
2934494741
2934822885
2934482170
2934344019
2934825356
2934383554
2934847250
2934829480
2934581961
2934834042
2934826221
2934409885
2934600282
2934313673
2934831361
2934401067
2934384085
2934380506
2934598445
2934324437
2934829175
2934393891
2934394555
3063814955
2934390562
2934390630
2934488897
3063737027
2934407382
2934854833
2934555055
2934846957
2934832320
2934821423
2934819777
2934835979
2934855798
2934855774
2934849968
2934854556
2934837574
2934822769
2934822715
2934826789
2934829775
2934357564
2934479309
2934479549
2934337813
2934818695
2934496177
2934578466
2934824721
2934829742
2934482278
2934576262
2934823900
2934822748
2934829762
2934822720
2934379697
2934379906
2934822746
3063714288
2934383391
2934493521
2934357512
2934401747
2934369823
2934380538
2934394557
2934394371
2934394469
2934828331
2934393757
2934370161
2934338586
2934474893
2934828917
2934828064
2934828649
2934828541
2934828661
2934828253
2934828328
2934828384
2934828501
2934846509
2934827516
2934823238
2934856077
2934856098
2934833114
2934405190
2934584865
2934581629
2934354686
2934379036
2934378918
2934322585
2934575915
2934309765
2934498312
2934568818
2934826909
2934393847
2934828625
2934394406
2934327620
2934394421
2934394300
2934828924
2934474460
2934829102
2934831914
2934847404
2934829426
2934599907
2934839596
2934601005
2934839801
3063646709
3063739846
2934843805
2934313595
2934414480
2934401908
2934414216
2934523906
2934354538
2934820340
2934566256
2934576248
2934825588
2934823949
2934529068
2934528956
2934562471
2934562441
2934313757
2934825175
2934545939
2934577705
2934577621
2934577703
2934317123
2934565006
2934839701
2934826054
2934839650
2934826288
2934833579
2934484333
2934832986
2934834136
2934854581
2934826098
2934827344
2934820796
2934392849
2934415644
2934319094
2934379767
2934379921
2934378530
2934390072
2934478903
2934321493
2934826111
2934855858
2934847077
2934847549
2934842123
2934827437
2934838073
2934480491
2934479910
2934394209
2934826906
2934828426
2934829111
2934851383
2934827648
2934827615
2934578030
2934858304
2934827382
2934827200
2934328049
2934328188
2935093757
2934826712
2934380539
2934826833
2934327923
2934343681
2934317164
2934509784
2934512245
2934523523
2934483318
2934472032
2934484513
2934554370
2934599553
2934830812
2934495149
2934472694
2934357522
2934481755
2934320384
2934320406
2934481436
2934320409
2934320097
2934835362
2934822225
2934825154
2934834847
2934511496
2934484665
2934827322
2934836259
2934834361
2934337708
2934479357
2934846464
2934841879
2934836095
2934854512
2934843365
2934847646
2934847358
2934833583
3057363556
2934824168
2934831348
2934364291
2934342529
2934477901
2934840728
2934378857
2934384470
2934478656
2934828740
2934483190
2934323338
2934320103
2934483212
2934475807
2934478529
2934478216
2934481740
2934473973
2934481540
2934394205
2934394115
2934394461
2934820109
2934390634
2934394021
2934829758
2934821414
2934822518
2934401897
2934318579
2934835219
2934402143
2934314869
2934485199
2934357792
2934820985
2934338400
2934844527
2934481826
2934822585
2934481910
2934495726
2934493373
2934481990
2934493172
2934357221
2934820708
2934821156
2934821166
2934822059
2934601407
2934535337
2934822058
2934821841
2934569005
2934318862
2934843397
2934833346
2934843340
2934484623
2934843330
2934839656
2934833362
2934843911
2934414980
2934820735
2934598499
2934820908
2934820907
2934577616
2934825774
2934319004
2934345200
2934318899
2934318948
2934319000
2934824441
2934836653
2934836707
2934636119
2934836917
2934836741
2934835281
2934399166
2934399340
2934333397
2934403278
2934322717
2934415657
2934318669
2934403234
2934381308
2934475603
2934474719
2934823159
2934492377
2934530351
2934832481
2934823161
2934823162
2934530393
2934823331
2934823332
2934483299
2934344531
2934345327
2934345399
2934351869
2934344914
2934341818
2929389624
2934323330
2934826990
2929946212
2934562414
2934315666
2934836509
2934842466
2934322514
2934821163
2934483019
2934826328
2934826370
2934831950
2934823279
2934394312
2934571207
2934555906
2934481890
2934825861
2934492399
2934323864
2934481520
2934494615
2934481716
2934828884
2934320386
2934394116
2934829471
2934529876
2934821907
2934819947
2934343710
2934480955
2929970655
2934386367
2934837829
2934835963
2934836202
2934818738
2934824520
2934836235
2934841462
2934836211
2934828386
2934562419
2934485909
2934828313
2934821144
2934577386
2934581119
2934381156
2934370250
2934323556
2934825890
2934383527
2934828973
2934394358
2934469668
2929945342
2934385894
2934363032
2929942372
2934363021
2934361844
2934386521
2934825092
2934345279
2934320017
2934397208
2934394465
2934402140
2934600286
2934821046
2934831944
2934833497
2934833698
2934820667
2934846498
2934565272
2934413696
2929946682
2934317801
2934345476
2934345777
2934393594
2934358297
2934819949
2934321297
2934842306
2934319160
2934318850
2934474508
2934390560
2934828034
2934475633
2934500146
2934821428
2934512239
2934819765
2934386650
2934819811
2934835023
2934370069
2934835082
2934338254
2934826359
2934831393
2934484401
2934833619
2934821358
2934835211
2934380756
2934825614
2934829257
2934821370
2934844188
2934480192
2934320233
2934844000
3380383706
2934380646
2934322453
2934842482
2934322460
2934322572
2934822829
2934826793
2934826799
2934846997
2934839857
2934847693
2934847580
2934847600
2934581960
2934582754
2934530825
2934386886
2934343673
2934342362
3063736204
2929389493
2929389353
2934553484
2934393945
2934821045
2934369726
2934510037
2934464129
2934384071
2934464253
2934599891
2934574760
2934546861
2934825146
2934485748
2934820571
2934508253
2934601600
2934830893
2934831683
2934318724
2934321309
2934504401
2934318734
2934619588
2934818704
2934327600
2934383614
2934840478
2934318978
2934488139
2934416493
2934568981
2934416409
2934409675
2934314991
2934575636
2934480379
2934322987
2934844641
2934336914
2934500060
2934483972
2934381281
2934500280
2934406543
2934324760
2934381195
2934380202
2934380002
2934500385
2934485600
2934562452
2934485967
2934562478
2934512635
2934512197
2934840287
2934835243
2934823990
2934841340
2934840944
2934314101
2934824631
2934345827
2934352284
2934336670
2934342972
2934410931
2934843442
2934842129
2934483047
2934308923
2934405307
2934328238
2934317161
2934794543
2934822827
2934819520
2934317150
2934824824
2934378620
2934464292
2934320005
2934601710
2934822366
2934599342
2934547498
2934826207
2934599215
2934485702
2934419549
2934509702
2934521667
2934794554
2934323298
2934321482
2934546805
2934596811
2934314528
3063738360
2934596818
2934821134
2934820725
2934821941
2934829238
2934833690
2934825164
2934596245
2934529966
2934388527
2934500320
2934464273
3381316794
2934598222
2934388719
2934388686
2934381927
2934327544
2934826585
2934327844
2934328015
2934818800
2934328230
2934327877
2934328082
2934327945
2934370341
3381173754
2934379956
3057917785
2934599494
2934595915
2934370227
2934820413
2934374142
2934394020
2934390723
2934393850
2934394152
2934819934
2934356008
2934323562
2934828025
2934313693
2934836458
2934390607
2934372695
2934828764
2934826984
2934369948
3381833930
2934367878
2934480060
2934323300
2934599206
2934820862
2934340737
2934823277
2934555108
2934854796
2934847168
2934855515
2934833625
2934826079
2934555546
2934554682
2934854818
2934358306
2934358299
2934820343
2934567270
2934542887
2934354220
2934513856
2934380656
2934369476
2929967298
3153506076
3381355010
2934419731
2934490120
2934397374
2934542261
2934568276
2934543280
2934318444
2929966816
2934359055
2934318313
2934381872
2934364515
2934318607
2934417229
2934403183
2934414687
2934575315
2934318381
2934484617
2934840864
2934840925
2934824238
2934484217
2934831276
2934562994
2934840334
2934834489
2929498381
2929498454
2929486013
2936995019
2929578031
2934410276
2934316986
2934322662
2934343118
2929946628
2934343228
2934381646
2934419843
2934472416
2934828754
2934828759
2934493959
2934481571
2934481874
2934357314
2934482014
2934827068
2934492984
2934820896
2934831260
2934820777
2934831290
2934820789
2934820960
2934485547
2934529352
2934512675
2934486004
2934832409
2934485988
2934486006
2934361801
2934361835
2934361918
2934502699
2934501689
2929953633
2934674137
2934386527
2934519555
2934828631
2934322372
2934828450
2934575723
2934345248
2934413578
2934403664
2929474458
2929474412
2929474435
2929494022
2929474535
2934369138
2934480146
2934368767
2934314067
2934321575
2934844413
2934380051
2934343902
2934369128
2934849976
2934578247
2934530791
2934827642
2934827118
2934578246
2934827801
2934581926
3381564466
2934318297
2934513830
2934568678
2934372286
2934419520
2934782737
2934542851
2934338952
2934396408
2934399911
2934473805
2934312047
2934342421
2934342278
2934826085
2934474303
2934823290
2934818396
2934827602
2934834027
2934581963
2934323280
2934320396
2934323622
2934371518
2934482630
2934475079
2934476477
2934323405
2934821459
2934476813
2934357156
2934829307
2934829291
2934828921
2934821512
2934475847
000083060030044A
2934374687
2934315184
2934825941
3062812371
2934475820
2934545847
2934497049
2934485923
2934562480
2934485959
2929967246
2934793810
2934793821
2934568970
2934518634
2934793867
2934314362
2934505609
2934782281
2934793803
2934581756
2934405088
2934602038
2934404204
2934405120
2934405421
2934826246
2936995075
2934601998
2934826777
2934822809
2934822810
2934818788
2934826913
2934829847
2934826923
0000838400001307
2934826822
2934343570
2934343234
2929946525
2934323009
2934393701
2929946403
2929946410
2934401350
2934343236
2934849989
2934833107
2934564947
2934581222
2934824228
2934328184
2934843951
2934854604
2934849984
2934850048
2934507726
2934827126
2934820933
2934838153
2934577453
2934858156
2934825248
2934558928
2929467951
2929580004
2929584853
2929579133
2929495633
2929495904
2930354634
2929478849
2934688334
2929479848
3435427661
2929496221
2929579204
2929580020
2929489434
2929477882
2929477834
2934341748
2934505018
2934504363
2934416107
2934344778
2934319277
2934545927
2934313345
2934511060
2934612699
2934545928
2934566520
2934576342
2934576215
2934341905
2934364522
2934473661
2934418904
2934311951
2934393738
2938806382
2934419878
2934598811
2934600278
2934842838
2934488827
2934315590
2934315690
2934315726
2934480630
2934370098
2934380720
2934819997
2934836731
2934379695
2934829243
2929389322
2934829255
2934381876
2934782617
2934831264
2934840346
2934509712
2934568299
2934381869
2934843838
2934565440
2934393483
2934822051
2934565474
2934843832
2934597152
2934565475
2934843847
2934493166
2934493767
2934494975
2934382707
2934822850
2934822872
2934826905
2934357652
2934357620
2934480626
2934470071
2934480574
2934380745
2934325113
2934325085
2934525481
2929971723
2934515331
2934510522
2934581065
00008317000C596C
2934528937
2929961960
2934794649
2934356843
2934356800
0000838400015F8B
2934842962
2934315459
2934495800
2934356993
2934853026
2934322448
2934315683
2934496158
2934381168
2934824611
2934829096
2934363970
2934338810
2934483133
2934379604
2934841708
2934384199
2934479366
2934499632
3057698040
2934818742
2934834914
2934818267
2934824283
2934562416
2934596840
2934356834
2934357186
3062373937
2934848354
2934848190
2934356882
2934471224
2934479238
2934321565
2934318057
2934473573
2934499633
2934313667
2934508160
2934369921
3057822055
2934835272
2934824121
2934835961
2934835743
2934554013
2934841349
3381556462
2934510128
2934823276
3155126353
2934820773
2934831409
2934826356
2934820918
2934830862
2934596637
2934323859
2934481744
2934320375
2934357467
2934382650
2934383164
2934481548
2934383843
2934820713
2934825176
2934825169
2934821161
2934512288
2934545819
2934511998
2934512177
2934821160
2934841577
2934824212
2934841174
2934470621
2934317121
2934481673
2934328194
2934314862
3063782796
2934351693
2934556060
2934847389
2934314472
2934567820
2934318060
2934355237
3153116753
2934478573
2934381317
2934479991
2934499895
2934320153
2934380964
2934473601
2934394246
2934828697
2934322495
2934394467
2934828196
2934851224
2934848860
2934827470
2934829578
2934829633
2934849038
2934581463
2934508257
2934546745
2934546645
2934820562
2934546721
3062824460
2934585206
2934508308
2934820560
2934471816
2934509013
2934828291
2934509096
2934332691
2934820974
2934830828
2934839428
2934847413
2934831320
2934826639
2934823947
2934328224
2934829835
2934497029
2934829826
2934829827
2934328247
2934380888
2934472823
2934344818
2934344354
2934401406
2934400380
2934380921
2934352493
2934381421
2934834456
2934577487
2934475825
2934820973
2934823281
2934822990
2934847456
2934404039
2934824172
2934833425
2934600332
2934833535
2934555057
2934581142
2934827522
2934829250
2934826056
2934372198
2934379768
2934389968
2934320058
000083840003F066
2934337070
2934477398
2934371785
2934477276
2934477382
3063200865
2934476976
2934829212
2934826873
2934826852
2934822855
2934818812
2934829658
2934829645
2934829659
2934834530
2934829543
2934820281
2934831280
2934834536
2934820934
2934820785
2934535558
2934822185
2934838140
2934843596
2934565549
2934825324
2934834738
2934827595
2934831462
2934833818
2934822150
2934389913
2934828679
2934828195
2934394054
2934828083
2934828256
3156553887
2934845145
2934480802
2934364098
2934324989
2934481134
2934845026
2934369977
2934836993
2934823740
2934380287
2934565121
2934855838
2934833011
2934837098
2934826051
2934822007
2934585159
2934834866
2934818447
2934585100
2934562931
2934578211
2934314519
2934822013
2934596723
2934822011
2934401898
2934417156
2934839256
2934314742
2934487604
2934516028
2934851524
2934405374
2934376705
2934793972
3063464439
2934601182
2934381009
2934478513
2934381087
2934499843
2934381419
2934468976
2934317985
2934392937
2934352587
2934794547
2934598075
2934598045
2934562763
2934585160
2934509694
2934820767
2934514606
2934317151
3152364391
2934414246
2934355510
2934402848
2934414043
2934575722
2934397771
2934402873
3435672698
2934530086
2934832883
2934832881
2934820915
2934512564
2934512557
2934512207
2934512546
2934512552
2934485541
2934818731
2934824226
2934483366
2934837019
2934836107
2934324505
2934379778
2934507800
2934822513
2934821139
2929476162
2929585378
2929467041
2929474269
2929497199
2929578507
2929478600
2929580091
2929484778
2929476138
2929478381
2929580003
3381758395
2929578976
2929941156
2934824714
2934833456
2934553405
2934370184
2934820766
3380961320
2934827133
2929945990
2929938996
3381620156
2934399388
2934539990
2934328738
2934575157
2934510706
3382700610
2934388135
2934510347
2934568553
2934544760
2934568716
2934380844
2934529694
2934556281
2929579074
2929585322
2934842485
2934511775
2929941535
2934509438
2934820214
2934825006
2934356077
2929454571
2929498421
2929498630
2929455338
2934824603
2934515102
2934794591
2929978523
2929978517
2934515558
2934562699
2934488555
2934555722
2934596613
2934575274
2934358066
2934850190
2934821897
2934599989
2934313754
2934511404
2929961958
2929971716
2934384117
2934517911
2934464212
2934525476
2934518145
2934482012
2934320412
2934323629
2934481748
2934481763
2934495476
2934567853
2934499037
2934312901
2929967383
2934409649
2934567852
2934567307
2934317134
2934825531
2934825566
2934825543
2934825001
2934825562
2934824953
2934825844
2934482113
2934481275
2934358106
2934562955
2934599799
2934581305
2934599383
2934581833
2934599733
2934599815
2934581385
2934313761
2934477191
2934824672
2934409802
2934314096
2934481433
2934313762
2934478519
2934314090
2934828776
2934828783
2934827049
2934828769
2934821080
2934383586
2934471852
2934818151
2934455640
2934315273
2934380627
2934315133
2934315292
2934315128
2934378532
2934828211
2934464052
2934389871
2929497900
2929581533
2929476179
2929475972
2929497934
2929498574
2929579581
2929497845
2929581354
2934481987
2934482064
2934481703
2934481993
2934481900
2934383421
2934842542
2934481945
2934577486
2934535428
2934404574
2934840134
2934512443
2934581671
2934405033
2934370121
2934337882
2934497394
2934364042
2934369917
2934325146
2934480694
2934844994
2934825132
2934378821
2934378702
2934315280
2934828484
2934828663
2934824850
2934315212
2934393556
2934344317
2934322734
2934342783
2934839310
2934319168
2934392765
2934314527
2934480092
2934324662
2934320214
2934480668
2934844204
2934401409
2934480214
2934383694
2934381427
2934828866
2934464257
2934464276
2934828871
2934856258
2934484372
2934849120
2934854700
2934843333
2934832987
2934841202
2934488601
2934577614
2934821168
2934577197
2934577222
2934820704
2934581115
2934581121
2934577362
2934820912
2934833679
2934826235
2934827107
2934846608
2934832594
2934530082
2934828664
2934848144
2934315369
2934852400
2934852994
2934828089
2934825016
2934828712
2934322443
2934818280
2934841008
2934818516
2934818455
2934818469
2934818457
2934835170
3382281894
2934818281
2934323223
2934825893
2934826032
2934481340
2934323735
2934498782
2934474071
2934475385
2934474999
2934582220
2934404171
2934404132
2934404158
2934582063
2934823016
2934535423
2934577492
2934577161
2934393899
2934338993
2934581582
2934327767
2934379766
2934318078
2934381465
2934322316
2934379947
2934824994
2934819763
2934818577
2934840530
2934825695
2934824337
2934824420
2934818740
2934320374
2934357598
2934357518
2934826954
2934822731
2934493365
2934357263
2934495871
2934495727
2934320372
2934536319
2934321850
2934388734
2934536853
2934347030
2934530900
2934346876
2934568620
2934370517
2934822467
2934829005
2934383791
2934328216
2934822511
2934826618
2934826597
2934826670
2934826258
2934832024
2934556001
2934831969
2934834457
3381348689
2934820765
2934470076
2934836175
2934820883
2934476275
2934762960
2934381527
2934370384
2934338018
2934380713
2934384554
2934370193
2934381425
2934322472
2934481529
2934494317
2934481696
2934356502
2934323765
2934481506
2934481708
2934577963
2934822068
2934763391
2934332686
2934596243
2934763771
2934821908
2934522728
2934527071
2934847036
2934522422
2934523188
2929982239
2934522805
2934384211
2934384317
2934455521
3382280633
2934369880
2934455721
2934383863
2929389442
3152212535
2934383920
2934481556
2934851310
2934851394
2934833809
2934827503
2934851329
2934850998
2934827194
2934478760
2934337703
2934370068
2934479301
2934370383
2934337933
2934370225
2934499781
2934337683
2934499530
2934399048
2934314544
3383133303
2934574828
2934314525
2934573766
2934354810
2934387028
2934318131
2934558982
2934598702
2934827660
2934859872
2934832952
3063294763
2934823517
2934859893
2934404009
2934850018
2934830844
2934529884
2934837921
2934487765
2934852332
2934834481
3153108445
2929946744
2934391503
2934389468
2934371445
2934317029
2934400319
2934418920
2934338364
2934396488
2934818264
2934848642
2934818095
2934383626
2934827224
2934558813
2934848798
2934404310
2934363817
2934820110
2934510763
2934510697
2934394005
2934828030
2934394099
2934394198
2934512572
2934318523
2934318528
2934410783
2934329195
2934388307
2929966810
2934515767
2934418802
2934342488
2934418733
2929946486
2934341979
2934342966
2934342670
2934418840
2934846751
2934475142
2934822173
2934831967
2934323528
2934828046
2934390716
2934393756
2934390644
2934320500
2934354195
2934833729
2934833770
2934835048
2934841996
2934835981
2934475696
2934818556
2934840624
2934822487
2934821463
2934821451
2934327341
2934822492
2934822441
2934821475
2934826615
2934821361
2929475948
2929491076
3062790422
2929474987
2929581272
2934577928
2934847773
2934601037
2934852578
2934850312
2934847816
2934535413
2934847795
2934582320
2934577582
2934851465
2934818707
2934841601
2934818322
2934357418
2934824036
2934477263
2934324504
3403043947
2934405195
2934599899
2934577788
2934405200
2934405142
2934485013
2934584846
2934825863
2934762987
2934323311
2934315553
2934323306
2934829801
2934369882
2934477788
2934380414
2934380750
2934843924
2934496228
2934836225
2934571198
2934829214
2934826595
2934832347
2929581361
2929477656
2929475278
2929581350
2929486019
2934339085
2934314145
2934339301
2934845461
2934369050
2934845687
2934572483
2934844385
2934850529
2934489134
2934827810
2934822141
2934482475
2934363257
2934318258
2934403629
2934489140
2934318409
2934404629
2934315167
2934820897
2934315265
2934835923
2934835977
2934314100
2934600307
2934353724
2934321084
2934455531
2934323621
2934455736
2934323916
2934476558
2934323399
2934379694
2934379730
2934338167
2934825707
2934836123
2934493727
2934482004
2934482041
2934494505
2934493757
2934494048
2934827019
2934495775
2934481666
2934826959
2934535781
2934825198
2934832906
2934577195
2934598448
2934598443
2934554075
2934512268
2934512347
2934370054
2934845196
2934338248
2934845077
2934384445
2934325014
2934370059
2934480502
2934483424
2934481772
2934475772
2934492429
2934475616
3057918215
2934492370
2934481481
2934474001
2934494928
2934475539
2934481939
2934386653
2934481440
2934481830
2934494876
2934320416
2934474305
2934481811
2934320368
00008317000D212C
2934492408
2934481446
2934473953
2934482022
2934826964
2934476507
2934543731
2934596678
2934321951
2934321942
2934539901
2934568941
2934573792
2934568846
2934486311
2929463778
2938236884
2929463823
2934825720
2934494331
2934829024
2934825367
2934491993
2934476846
2934821474
2934495589
2934383700
000083840001CCE8
2934403876
2934316854
2934558817
2934314420
2934556064
3152308430
2934558479
2934839297
3153166763
2929485856
2929581383
2934836041
2934818736
2934840578
2934834952
2934835921
2934824553
2934818600
2934824759
2934489547
2934474614
2934475127
2934323823
2934825787
2934475181
2934320427
2934323742
2934490314
2934381719
2934490030
2934358807
2934490761
2934353190
2934585854
2934597232
2934490323
3063676747
3063714766
3063716270
3153100230
3063804892
3063464318
3063805625
3063288414
3063341183
3153210322
3063287282
3063693603
3379637995
3063694054
3040692811
3057820098
3152912556
3040691830
3040700744
3040692023
3063781840
3156264121
3063287835
3063656523
3063660835
2938602291
3057706782
2939134830
2935020767
2934844386
2936977670
2931964388
2938612225
2934247030
2934482074
2929581329
2929389530
2934504504
2934314063
2934368918
2934844428
2934317003
2929942051
2934314075
2934369209
2929946460
2929946583
2929971676
2929389325
2929946291
2929389355
2934410695
2934322684
2934312750
3063743944
2934835018
2934364626
2934357096
2934844973
2934842622
2929961259
2934511962
2934397096
2934514670
2934392381
2934510604
2934513342
2934513366
2934522461
2929486185
3403050426
2929486093
2934842786
2934356464
2934823224
2934474631
2934830782
2934404618
2934842921
2929479581
2929492525
2929492716
2929583150
2929488273
2929488184
2929490175
0000830600255AA1
2929492501
2934828502
3057944120
2934828483
2934322535
2934826654
2934828999
2934826220
2934600031
2934831345
2934831061
2934843676
2934831014
2934824722
2934327613
2934828692
2934394347
3152918216
2934394106
2934344272
2934824716
2934828574
2934381620
2934828444
2934419083
2934844943
2934328157
2934826885
2934381641
2934782596
2934473879
3062690436
2934318570
2929580452
2929495636
2929496473
2929495779
2929467937
2929496408
2929496242
2929496021
2934848238
2934825534
2934848192
2934842856
2934484399
2934315576
2934824739
2934315511
3381288722
2934317800
2934318863
2934504146
3152308855
2934322207
2934353778
2934353138
2934395766
2934556058
2934539236
2934820724
2929389430
2929946609
2929389640
2929946358
2934843808
2934391629
2934839662
2934848021
3159142719
2934832571
2934847244
2938192537
2934854429
2934849816
2934587390
2934318090
2934586676
2934489706
2934318034
2934343276
2934577298
2934849404
2934853142
2934834243
2934848773
2934827232
2934827327
2934823462
2929495615
2934842592
3057820876
2934322557
2934378866
2934332566
2934322289
2934828225
2934481609
2934474401
2934474049
2934481924
2934481299
2934323861
2934403924
2934848830
2934597061
2934833674
2934489407
2934831619
2934821021
2934823411
2938613114
2929389304
2929496310
2929496271
2929492295
2929495621
2929579566
2934827927
2934499089
00008306002F236E
2934567795
2934394103
2934358637
2934393787
2934394417
2934481865
2934828841
2934481347
2934481963
2934482107
2934410473
2934818105
2934830863
2934830925
2934568234
2934818112
2934854002
2934832111
2934834360
2934854000
2934834337
2934831992
2934832027
2934832022
2934393783
2934394561
2934394113
2934394253
3381478581
2934315519
2934378813
2934828562
2934394000
2934828659
2934828647
2934497371
2934824474
2934322364
2934834467
2934823253
2934323368
2934554249
2934571237
2934382787
2934571263
2934822950
2934320391
2929946405
2934317884
2934391813
2934413190
2934323054
2934392147
2934418964
2934314126
2934321628
2934413576
2934367927
2934371422
2934342075
2934352662
2934396380
2934323650
2934323591
2934470274
2934824186
3153224647
2934836881
2934841544
2934325388
2934829904
2934822595
2934315293
2934470865
2934470580
2934470813
2934401776
2934315189
2934825913
2934405354
2934820554
2934546599
2934546664
2934846553
2934577427
2934513374
2934827131
2934582009
3403052818
2934818124
2934827715
2934817989
2934817967
2934845881
2934833307
2929389398
2934850301
2934382659
2929953415
2934818376
2934356950
2934571287
2934853110
2934320442
2934823053
2934840170
2934596373
2934825181
2934512408
2934845721
2934485524
2934419597
2934854018
2934850504
2934597395
2934831550
2934823717
2934823780
2934823703
2934833706
2934499669
2934849396
2934834649
2934413779
2934475908
2934825943
2934484996
2934351848
2934327665
2934482801
2934344478
2934487854
2934405113
3152307605
2934487893
2934840179
2934487928
2934599898
2934577164
2939126386
2934824452
2934338620
2934840672
2934826395
2934842002
2934842030
2934831975
2934827901
2934492219
2934854588
2934822297
2934356927
2934827874
2934826396
2934464244
2934384152
2934384084
2934320362
2934384316
2934324520
2934380259
2934562613
2934546041
2934513386
2934546641
2934574771
2934817987
2934582721
2934512117
2934513333
2934531073
2934833138
2934833890
2934847164
2934833263
2934832235
2934839973
2934833154
2934823107
2934571164
2934835633
2934841040
2934332545
2934841286
2934836149
2934818315
2934824333
2934841204
2934841216
2934840405
2934387698
2929953986
2934524267
2934355819
2934419370
2934347008
2934500456
2934355776
2929971495
2934346880
2934837815
2934818255
2934396343
2934841674
2934824180
2934581806
2934484874
2934818131
2934817966
2934581765
2934577549
2934405428
2934558522
3381768078
2935221593
2934936307
2935221700
2938656617
2938657074
2934889584
2934913554
2935035821
2938192343
2935011586
2929482695
2929579015
2935759232
2935155400
2935668893
2934641347
3063968640
3063969308
3063967607
3063906220
3063904287
3063897913
3063969086
3063966825
2934843250
2934511555
2934599346
2934833170
2934833192
3063806020
2934596502
2934535341
2934324539
2934320350
2934481094
2934322322
2934842471
2934464264
3156227125
2934380467
2934399473
2929946065
2934510313
2934399396
2934399308
2929940779
2929944325
2934398900
2929940784
2929383035
2929382960
2934558819
2934835573
2934831494
2934508946
2934337214
2934821079
2934831843
2934558862
2934822209
2934490431
2934515138
3156542014
2929966912
2934515505
2934585818
2934419038
2934513198
2934342566
2934470170
2934470108
2934322703
2934325089
2934825607
2934840844
2934475768
2934601966
2934384474
2934470133
2934315359
2934824988
2934390071
2934345403
2934824957
2934364672
2934828203
2934828084
2934389948
2929946336
2934542611
2934410135
2934316990
2934401072
3156505416
2934351489
2934372016
2934327649
2934828640
2934828498
2934828102
2934384112
2934393904
2934380678
2934394568
2934828632
2934324472
2929479246
2929580230
2929478920
2929580222
2934833058
2934847342
2934847351
2934845724
2934837055
2934853484
2934530196
2934854622
2934316856
2934412785
2934318526
2934309751
2934380378
2934318350
2934395556
2934312934
2934513311
2929941914
2934406585
2929944304
2934542631
2934539603
2934398786
2934511061
3062796070
2934539794
2934542685
2934315457
2934598533
2929940270
2934455579
2934826124
2934578147
2931794134
2934386612
2934344486
2934318328
2934314450
2934499274
2934414357
2934497532
2934414422
2934484137
2934554532
2934315854
3058122467
2929479618
2929383085
3057825260
3153291784
2929383227
2929383128
2929383149
2934557894
2934316508
2934336954
2934393941
2929946349
2934831483
2929389772
2934823726
2934834800
2934554392
2934484747
2929950397
2929383263
2929938799
2929948180
2934827378
2934530388
2934827195
2934819864
2934858316
3063740938
2929479364
2929492189
2929580278
2940239220
2929579538
2929488787
2929488487
2929580528
2934848684
2934848888
2934849662
2934849345
2934831104
2934849488
2934818216
2934849517
2934391761
2934371472
2934410101
2934504115
2934480173
2934370189
2934492480
2934826551
2934596634
2934480974
2934600951
2934848176
2934405492
2934496411
2934316441
2929950740
2929975927
2934311164
2929974597
2929950295
2934470785
2934402096
2934320124
2934354735
2934389916
2934389960
2934389865
2934379011
2934380027
2934399892
2934398527
2934542332
2934398507
2934542551
2934539896
2929953439
2934529432
2934388615
2934544546
2934414759
2934388294
2934314587
2934517666
2934382158
2934359274
2929471953
2929500120
2929465192
2929466228
2934581633
2934828719
0000830600334318
2934581584
2934598329
2934581586
2934599976
2934577816
2934577784
2934315675
2934403733
2934836399
2934820456
2934539260
2934852914
3063642979
2934315638
2934475521
2934498276
2934325189
2934495217
2934481922
2934828143
2934481539
2934481843
2934566278
2934819806
2934824299
2934835417
2934836265
2934318715
2934837285
2934324602
2934818355
2934319213
2934406467
2934401413
2934419726
2934319194
2934351955
2934319187
2934352279
2934546425
2934352210
2929389736
2934827840
2934503991
2934836241
3063356571
2934383283
2934358688
2934511184
2929945962
2934540891
2934511578
2934539410
3380800159
2934511026
2934511235
2934418007
2934510091
2934379739
2934848277
2934842900
2934824574
2934315516
2934842480
2934842842
2934529731
3381308318
2934825325
2934578178
2934596543
2934822346
2934599550
2934484902
2934846481
2934847918
2934839722
2934564977
2934850088
2934839682
2934824708
2934850044
2934843628
2934833610
2934832970
2934511311
2929941361
2934418059
2934328365
2929940888
2929941313
2934328880
2934343986
2934396982
2934400680
2934419110
2934322802
2934474925
2934320447
2929946369
2934320449
2934381675
2934389867
2934828425
2934389915
2934828094
2934393748
2934824829
2934390074
2934390049
2934324770
2929454036
2929465935
2934370100
2934315545
2934510102
2934825748
2934577514
2934842919
2934834289
2934848414
2934530060
2934510399
2929465407
2934416269
2934539130
3057707422
2934825846
2934323390
2929465307
2929486694
2929487024
2934393695
2934322687
2934471641
2934322713
2934364313
2934400658
2934338332
2934338485
2935266666
2935153956
2935148404
2935149434
2935149780
2935149914
2935148371
2935148741
2935156135
2934512503
2934581718
2934821128
2934546976
2934546966
2934404545
2934600029
2934404543
2934509856
2934596842
2934825172
2934512086
2934509585
2934494626
2934820699
2934511939
2934562475
2934530497
2934832323
2934847673
2934823137
2934529932
2934826408
2934763686
2934403222
2934847606
2934820615
2934344698
2934318067
2934581588
3152359119
2934405143
2934487946
2934595873
2934392770
2934577846
2934413921
2934762932
2929943777
2934353467
2934323918
2934762940
2934489327
2934762931
2929943784
2934763804
2929938961
2934510684
2929941550
2929945189
3381348808
2929941232
2934333173
2934328301
3062800532
2929946029
2934401279
2934358762
2934475548
2934410733
2934318460
2934820898
2934378565
2934320202
2934313798
2934566195
2934413205
2934473681
2934379743
2934482975
2929465830
2929486708
2929491025
2929582683
2929582436
2929480332
2929497172
2929463280
3063186809
3063692910
2934619315
2934660948
2934641372
2934642231
2934641499
2934633457
2934596017
2934641174
2934686455
2934624511
2934596529
2934622285
00008317000C59D2
2934641874
2934342208
2934322973
2929946574
2934343268
2929946289
2929946515
2934342487
2929389532
2934322978
2929455445
2929480309
2929456972
2929582681
2934621819
2934621601
2934651485
3063532228
2934651384
2934625788
2934613344
2934621840
2934590684
2934629347
2934651331
2934651469
2934595529
2936976275
2934652409
2934686720
2934652392
2934651627
2934852252
2934835019
2934509920
2934482581
2934856176
2934854881
2934833784
3063452212
2934530229
2934824628
2935115269
2935731435
2935680233
2935115162
2935661109
2935668572
2935668834
2935173264
2935668898
2935183226
2935170319
2935668967
2935669111
2935114907
2935104864
2935438563
2935114999
2935170270
2935668448
2935115035
2935127706
2935092789
2935093716
2935127754
2935092847
2935128727
2935093714
2935097088
2935127539
2935127786
2934552271
2934511964
2934570402
2934541626
2934565664
2934541429
2934580649
2934570827
2934566422
2934566397
2934580648
2934511246
2934628029
2934570862
2934580543
2934580574
2934548487
2934566364
2934627618
3381001457
3380975243
2935128442
3057919115
2934647778
2934651736
2934550684
2934612420
2934550768
2934642858
2934653736
2934622209
2935158160
3151866657
2929480488
2929455490
2929455613
2929499558
2934516464
2934531854
2934531994
2934520723
2934623017
2934608195
2934704927
2934562270
2934566329
2934562222
2934968414
2934581399
2934652054
2934580979
0000838400000AAE
2934562953
2934492082
2934617902
2934622782
2934582097
2935111950
2934652367
3155772971
2934563019
2934853404
2929966928
2934317196
2934497480
2934854062
2934476358
2934493824
3057819593
3062677862
2934587634
2934354789
2934515056
2934523568
2934547796
2934698864
2934531404
2935102615
2935114543
2934636994
3062682207
2934559855
2934519870
2934517060
2935114491
2935131485
2935131035
3063799565
2935131432
2935128700
2935127835
2935109519
2935127466
2934558340
2934593530
2935114726
2935102356
2934595665
2935660791
2934652627
2934548978
3063447071
2934652879
2934641258
2934651555
2934636116
2934651586
2934660248
2934660037
2934643049
2934637523
2934696942
2934635569
2934642160
2934543178
2934643118
2934642037
2934660155
2934643011
2934594614
2934697246
2934643228
2935128690
2935115486
2935083418
2935093667
2934559932
2934631243
2934665052
2934699096
2935435297
2935127945
2934568954
2934664988
2934588411
2934664949
3382026512
3063737185
2934693163
2934592688
2934643090
2934693209
2934593685
2934644223
2934693271
2934701949
3381489277
2934593624
2934635524
3063783800
3152215822
2934644918
2934637858
2934693314
2934693281
2934592726
2934847887
2935148654
2935668025
2935185548
2935454695
2935454650
2935667486
2935148738
2935454275
2935454998
2935678751
2935138782
2935630252
2935454258
2935137181
2935678748
2935667663
2934531607
2934664535
2934664583
2934703883
2934631298
2934704826
2934555183
2929486831
2929583432
2929490851
2929579615
2934552861
2934683050
2934703852
2934554321
2934703892
2934665362
2934559480
2934554919
2934665462
2934550700
3039985289
2935643952
2935125869
2935744110
2935135312
2935669123
2935135068
2935451526
2935456843
2935136072
2935457285
2935457148
2935456641
2935457209
2935135309
2935187389
2935456420
3063739306
2935668313
2935669120
2935668790
3058542073
2936944113
2935661263
2934618283
2934638139
2934637064
2934598432
2934564289
2934598114
2934684466
2934619546
2934660944
2934661031
2934641685
2935123611
2935457304
2935196434
2934444940
2935127329
2935456202
2935183200
2935158881
2937007121
2934629146
2935093709
2935454072
2934617877
2935453969
2935128838
2935081379
2935680741
2934685612
2934614287
2934651468
2934631977
2934652988
2934594752
2934653860
2934686934
2934614316
2934599711
2934647851
2934562190
2934645596
2934642385
2934691672
2934653992
2935090538
2934645945
2934662896
2934662527
2934642225
2935198957
2934604121
2934638209
2934662673
2935781369
2935123506
2935124033
2935119570
2935451792
2935104293
2935123655
2935156208
3152213770
2934859015
3056729829
3063765834
2935770739
2935770826
2934548165
2934592787
2934594269
2934592516
2934592786
2935836619
2934548023
2934593822
2934555529
2934593098
2935089438
2935850948
2934643688
2934686870
2934565169
2934552047
2934511278
2934598239
2934623235
2934561604
2934577953
2934511292
2934511411
2934566372
2934551840
2934566494
2934551662
2935197597
2934686563
2934565299
2934511260
2934628090
2934565481
2934420401
2934511328
3152018075
2934641559
2934653014
2934629413
2934635353
2934559218
2934565522
2934561539
2935089613
2934624090
2935089544
2934644163
2935089561
2934624028
2934557541
2934615573
2934595923
2934641308
2934685042
2931710115
2934641785
2934548234
2934570539
2934687249
2934598067
2934636832
2934637220
3063901241
2934645985
2934614844
2934691622
2934692545
2934659789
3063728772
2934411541
2934645811
2935080910
2935109808
2935131384
2934620505
2935455598
2934618101
2935680930
2934550095
2934570046
2934570575
2934549421
2934625541
2934627965
2934613426
2934564576
2934589988
2934653853
2934631985
2934621879
2935158473
2935759652
2935197519
2935759826
2935093237
2935759069
2934617833
2935158322
3057357159
2935129945
2935129018
2935129156
2934619406
2935641446
3057695891
2935111210
2935111139
2935110735
2934617720
2934691589
2934638595
2934641387
2934641379
2934684717
2934594486
2934637016
2934617411
2934636712
2934687518
2934580976
2934694577
2939130356
2934696488
2934635410
2934635451
2934694452
2934635376
2934541249
2934632399
2934690116
2934601723
2934694904
3063288779
2934682466
2934664700
2934615026
2934560024
2934698589
2934591030
2934664689
2934355310
2934664946
2934503214
2934567304
2934554060
2935455665
2935088718
2935088191
2935434182
2935433970
2935088042
2935087998
2935087526
2935088712
2935126570
2934642816
2934643145
2934620121
2934642809
2934642185
2934637596
2934697012
2934588471
2934642434
2934549251
2934642841
2934696812
2935130767
2934560002
2935170370
3063649817
2935169966
2935180984
3063443459
2935102564
2935131143
2935102555
3062817668
2935681066
2935093620
2935147389
2934540934
2935130749
2935096965
2935172673
3057943508
3057832148
2934620851
2935096475
2935762065
2934642432
2934643120
2934643008
2934619917
2934698992
2934543865
2934701184
2934977497
2934697037
2934642131
2934620871
2934543737
2934549449
2934602313
3063292115
2934544082
3057832925
3063698322
2934613657
2934698853
2934581051
2934563057
2934643414
2934560316
3063642480
2934658540
2934640886
2934682741
2934593640
3063803014
2934560470
2934519580
2934702981
2934354670
3152236762
2934531698
2934354581
2934531519
2935092684
2931928646
2935093033
2935093661
2935128910
2935109866
2935083711
2935083466
2934618178
2935127762
2935172370
2935762060
2924092265
2934625555
2934611492
2934653923
2934620138
2934623028
2934629179
2934619589
2934680980
2929471246
2934654019
2934620168
2934626681
2934691992
2935097449
2935083368
2929578009
2924092333
2929577939
2924092249
2929578007
2924092281
2924092257
2929471269
2935102547
2935096754
2935759803
2935109336
2935097461
2935109327
2935128196
2935083419
2935759154
2935097086
3057822151
2934491986
2934581957
2934510494
3380269252
2934492714
2934492632
2934581677
2934492881
2934580546
2937007153
2934581947
2934492624
2934492565
2934509471
2934492678
2934549693
2929581619
2929577895
2929584104
2929584346
2929583906
2929493970
2929584376
2935178350
2935088433
2934995218
2935126023
2935087585
2935753243
2935454127
2935088762
2935178547
2934677756
2935173374
2935718055
2935668923
2935174544
2935115160
2935667541
2935174645
2935667763
2935173637
2935669040
2935668798
2935115076
2935668534
3063336744
2935667885
2929584338
2935158965
2935759654
2935454016
2934841314
2935158414
2934621589
2935454105
2934621912
2935082275
2935182777
2935726566
2935158364
2935101574
2935759814
2935688696
2935453934
2929583890
2929584368
2929580300
2929584096
2929583870
2929474045
2929584392
2929583894
2929582551
2929580450
2934631629
2934601369
2934643582
2934643890
2934643993
2934688503
3381499286
2934699260
2934406979
2934404742
2934648805
2934606639
2934344415
2934655434
2934404821
2931998882
2934590758
3156065671
2929584407
2934660789
2935667590
2935438977
2935174104
2935174372
2935173918
2935667808
2935667557
2935668422
2935115205
2935680926
2935700641
2935704686
2935183625
2935680740
2935170384
2934637300
2934651210
2934253828
2934488830
2935761821
2935088921
2935087909
2935126397
2934590681
3063717217
2934629267
2934653213
2934636287
2934629447
2934647858
2934652739
2934659935
2934594610
2929579157
2934541560
2934540293
2934636499
2934621654
3063217266
2934549184
2934629361
2929579748
2929578975
2934540546
2934551348
2934627597
2934262230
2934551508
2934540378
2934540595
00008306002FF7FF
2932215684
2934580780
2934582125
2934565163
2934580660
2934581669
2934582055
2934580843
2934570858
2934580653
2934580514
2934511838
2934500789
2934580513
2934492154
2934570928
2934608627
2934511217
2934541076
2934540350
2934540955
2934580583
2935435323
2935435416
2935435436
2935435336
2935093613
2935435440
2935435273
2935439289
2935435377
2935435313
2935083754
2935083252
3383118999
2935096748
2935128316
2935093094
2935759689
2934693155
2934641946
2935114724
2934550353
2935114581
2935186021
2935660756
2934660572
2935114721
2935660800
2934558205
2935660826
2935679905
2934549902
2934618347
2934594426
2935131244
2935114360
2934613139
2934608562
2934608113
2934622027
2934613229
2934582343
2934501498
2934510061
2929579141
2929579149
2929578091
2929482210
2929579804
2929579118
2929492318
2929489911
2929457028
2929579721
2934608163
2934686623
2934595844
2934622548
2934613236
2934613120
2934622464
2934608763
2935762113
2935127508
2935759690
2935759948
2935158176
3381499294
2935081529
2935726621
2935680988
2935082323
2935681035
2935680982
2935759657
3057695864
2935082240
2935157810
2934242843
2935680958
2935759127
2935128886
2935097425
2938819301
2935127591
2935092266
2936995078
2935127681
2934660826
2935093666
2935170691
2935127628
2935128743
2935092554
2934558633
2934691904
2935092902
2935092584
2935083241
2935171474
3058518393
2934368508
2935138349
2929479510
2929581554
2935099621
2935191616
2935433517
2935099454
2935150246
2935151773
2935099934
2935149217
2935150553
2935668415
2934665376
2935667778
2935103662
3152306424
2935435162
2935757774
2935758550
2935729895
2937007100
2929455149
2929583287
2929583311
2934585512
2934636988
2934637065
2934617037
2934634269
3063187718
2934636056
2934634335
2934636989
2934703807
2934636438
2934623627
2934636831
2934633629
2934636749
2934651967
2931734048
2934652408
2934647777
2934620294
2934652771
2934614083
2934686031
2934651413
2929455353
2929583362
2929455298
2929463995
2929583303
2934703784
2934554986
2934631250
2934559418
2934704264
2934656077
2934559266
2934665429
2934553550
2934554956
2934665420
2934664754
2934554914
2934553598
2934590452
2935680078
2935729379
2935729531
2935105170
2935744782
2935680593
2935171034
2935704690
2935744622
2935744258
2935173986
2935678933
2935115032
2935184524
2935115641
2935680299
2935680951
2935680595
2935668966
2935174012
2935174286
2935136694
2935668317
2935668887
2935137357
2935174744
2929581356
2929583402
2929584771
2929497436
2929583327
2935170987
2935680072
2935680124
2935185416
2935170744
2935704857
2935105104
2934651245
2934558381
2934595475
2934636372
2934651630
2934651817
2934629585
3382100929
2934635492
2934636476
2934652906
2934636089
2934703941
2934655910
2934656382
3062378669
2934698657
2935135763
2934664428
2934615250
2934580838
2934545335
3063172802
3057685060
2934614992
2934546783
2934604285
3149154360
2934559511
2934589632
2934588574
2929453709
2929581555
2929581010
2929483908
2934635377
2934613841
2934635205
2934608370
2934656893
2934608861
2934609127
2934607277
3381301469
2934603439
2934338358
0000832B0026E60B
2934700663
2934692482
2934596458
2934601532
2934608670
2935097309
2935102544
2934549973
2935114389
2935131158
2935660864
2935109947
2935114942
2935102611
2935114787
2935102237
2935184998
2935110154
2934620105
2935114484
2935762297
3152365354
2935729409
2935171110
2935104571
2935183417
2935704715
2935729725
2935704625
2935681062
2935158295
2935092802
2935096643
2935761987
2935096533
2935093753
3057706698
2935158215
2934644659
2934607337
2934613523
2934700643
2934609391
2934609191
2936995094
2934608741
2934700740
2934613961
2934609165
2934603490
2934614847
2934694972
2934608894
2935680517
2935744626
2935704649
2935680441
2935680702
2934496478
3063444349
2935129903
3057899221
2935758773
2935170189
2935129091
2935641635
2935103585
2935641292
2934605671
2934649827
2934599649
2934648965
2934592331
2934655225
2934599739
2934649709
2934407212
2934616297
2935667734
2935668285
2935174489
2935158147
2935667770
2935681140
2935667949
2935123196
2935667623
2935174401
2935183543
2935680433
2935680948
2935705058
2935680797
2935680897
2935680779
2935680949
2935744543
2935183360
2935680586
2934598309
2935680706
2934694815
2934615340
2934695657
2934608452
2934609628
2934609332
2935626883
2934608435
2934615276
2934609224
2934700499
2934609135
2934613828
2934623921
2934607152
2934387488
2934561530
3062681440
2936977222
2934688360
2934547710
2934637046
2934640887
2934562301
2934613656
2934509362
2934562555
2934613979
2934685375
2934609910
2934616926
2934612229
2934607414
2934635208
2934700515
2934696005
2934695191
2934647035
2934609298
2934656690
2934615043
2934566399
2934578006
2934540275
2934548212
2934621347
2934570924
2934578681
2934565427
2934627750
2934505887
2934611247
2934582722
2934566435
2934595764
2934627806
2934566400
2935092777
2935083317
2935182648
2935096550
2935093764
2935083714
2934549890
2934619348
2935114725
2935114611
2935131206
2935102347
2935102712
2934620116
2934570240
2934558611
2935180808
2934558576
2935138654
2935110817
2935758695
2936990920
2935114949
2935110590
2935129882
2935111179
2935129900
2935128995
2935758559
2935111306
2935110644
2935103431
2935093801
2935101918
2935097262
2935159083
2935186013
2935759694
2935679961
2935093230
2935082395
2935159166
2935092950
2934621764
2934562185
2935183152
2935182713
2935668760
2935680589
3063784315
2935700425
2935184466
2935700411
2935672249
2935115298
2935729658
2935704726
2934651445
2934696637
2934652194
2934617798
2934652391
2934652642
2934619667
2934636198
2934652944
2934652697
2934653126
2934543717
2934653028
2934590713
2935173400
2935138685
2935667553
2934626268
2935438679
2935446209
2934694321
2935667698
2935446188
2935175634
2935175470
2935172670
2935147667
2935438371
2935759284
2935157813
2935092781
2935759203
2935759356
2935097426
2935092632
2935759858
2935759906
2935158084
2935439338
2935148416
2935147316
2935446262
2935438280
2935175521
2935446145
2935102208
2935439162
2935439244
2935667690
2935439233
2934696190
2935148793
2935438469
2935438765
2935438405
2934691872
2934619158
2935110594
2935111354
2935093226
2935130443
2935111560
2935110771
2935758587
2935097460
2935093334
2934628165
2935111382
2935103617
2935127823
2934617028
2934641644
2934549775
2934616885
2934617040
2934634216
2934661243
2934617158
2934617697
2934659049
2934552486
2934561958
2934635626
2934699223
2934635834
2934601139
2934688450
2934635594
2934688509
2934699277
2934635592
2934634166
2934545165
2934585781
2934683175
2934554307
2934685802
2934634635
2934637023
2934615741
2934539412
2934619310
2934616118
2929497981
2929485902
2934503671
2934503069
2934499148
2934498766
2934506410
2934559770
2934532301
2934503228
2934502916
2934833577
2934503711
2934503081
2934559822
2934687993
2934503022
2934502998
2934503130
2934503142
2934688041
2938198614
2929498528
2929498338
2929498370
2935705028
3063906581
2935680033
2935744927
2935729715
2935705053
2935680521
2935704606
2935680672
2935170463
2935731419
2934240126
2935704644
2935170823
2935170538
2935105360
2935170675
2935174379
2935123286
2935184636
2935680893
2935174592
2935668755
2935174692
2935136919
3063464322
2935668024
2935704987
2935173922
2935667649
2935174572
2935680710
2935680696
2935679110
2935707153
2935115134
2935680557
3063744246
2935115455
2935170232
2935128997
2935129284
2935183890
2935183993
2935184802
2935736946
2935700224
2935717546
2935672648
2935700396
2935184615
2935131471
2934968734
2935170172
2929498346
2929498628
2937007155
2929498598
3057692992
2929484233
2929477394
2929483568
2929483544
2935081951
2936995097
2935082018
2934355903
2935759064
2935082134
2935101419
2935158359
2935759602
2935083180
2935147457
2935158776
2935759774
2935158798
2934316959
2934829463
2935707071
2935627616
2935626796
2935627574
2934552096
2935182443
2935707050
2934641218
2935627578
2935627090
2935627531
2935626999
2935438576
2935438605
2935438759
2935438238
3063693347
3063693104
3063694160
3063723694
3063694195
3040698794
3063285290
0000830600301A4E
3381573772
0000830600332CD1
2934328164
3063742787
3063758588
3063739514
3063743465
3153107016
3063713351
3063713269
3063714064
3063676384
2938603272
3063685538
3063715181
3063791357
3063205212
3063651685
3063765212
3063347966
3058541462
3063651691
0000830600335393
3063651461
3063642362
3063339556
3063328088
3063328165
3063328958
3063196201
3063303245
3063328110
3063194340
3063778701
00008306003016EF
2929460959
2929461511
2929460887
2929455892
2929455952
3063459089
3063201998
3063357720
3063199582
00008306002EC16A
3063344263
3383133803
3152241765
3383254177
3057707624
3063709502
3063708574
3063710180
3063709477
3063738117
3063707808
3063708087
3153117323
3063445904
3380646638
3063449730
3063449828
3063451050
3063446101
3058543363
2929455872
2929455936
2929471029
2929471050
3063172450
3063171608
3063173995
3063650708
3063175499
3063170623
3063171640
3063174775
3063290730
3063288790
2936977149
3063180222
3063293243
3063295306
3063287783
3063175907
3063665398
3063295895
3063642226
3063657426
3153159250
3063641903
3063653952
3063658797
3063639022
3063643053
3063193565
3062352906
3063697410
3381614652
3063709783
3063698153
3381687658
3063816024
2934543747
3063287930
3063298027
3063293208
3063286962
3063292669
3063180359
3149394074
3063288003
2929577576
2929456872
3063650256
3063651460
3063651168
2934582329
3063651031
3063647666
3063650288
3063650535
2929460855
2929455777
2929455932
2929460879
2929455810
2929455920
2929474843
2929467080
2929467743
3063295267
3063288478
3063295615
2934693367
2934660845
2934644295
2934659257
3063640578
3057926468
3063656042
3063641440
3063295889
3063644709
3063643717
3063640872
3063657317
3063453457
3063552714
3063763422
3062391375
3063756447
3058569505
3063551078
3063553812
3380462277
2929467544
2929495311
2929493981
3063212047
3063212718
3379696717
3063451171
3063293599
3381228481
3063295644
3063212173
3063211061
3063212206
3063740486
3153101413
3152306776
3063738124
3063738232
3152305952
3039987333
3057697736
3152299787
3063639856
3063290920
3063323363
3063328235
3063775532
3040698274
3063170929
3063174175
3063171006
3063357484
3063170576
00008306002F0C54
3063721665
3063720827
3063343361
3063720094
3381570176
3063720596
3156704240
3379621498
3063679255
3063685421
3063676283
3063677062
3063676751
3063685542
3063685326
2929474066
3063775871
3063778923
3156624836
3063798087
3063800304
3063781613
3063799152
3152305768
0000830600301156
3063708863
3063741344
3063652779
3063741161
3063741183
3063444409
3063452224
3063452684
3063292030
3152188035
3063441642
3063450180
3063448192
3063445456
3063444175
3063448753
2929580393
2937007122
3063741636
3063651423
3063352418
3063742173
3063292824
3381793729
3063651576
3156631508
3381498050
3063770603
00008384000460A2
3063814615
3156567411
3063813782
3063814675
3063815407
3063773347
3063774705
3063739762
00008306003361DE
3063768262
3063782009
3063715032
000083060033F9A8
3063738156
3063783262
3063816252
3383119642
3063174301
3057698037
3063172932
3063174802
3063170939
3381021787
3153082584
3152304361
3153105296
3381540970
3063325750
3063348838
3156565211
3153222177
3063293216
3063293270
3058542154
3063357515
000083060033859F
3058542345
3063354643
3058541238
3058543559
3058541329
3058541813
3379596973
00008306003AD79F
3152214382
3063180519
3381965861
3062342203
3063294473
3153098085
00008306000A5139
2929467120
3153116502
3063710081
3063713458
3063901057
3063713734
3063293225
3063670816
3063295038
3063656522
3063657131
3063295331
3063451236
3063663436
2929467392
2929483977
3063195767
3063195642
3063195946
3156612076
3063186527
3063969184
2934673483
3063769556
3063288474
3063294729
3063436861
3063290023
00008306003371D0
3063713538
3063714625
3063763665
3156565046
3063713759
3063764519
3063448453
3063448211
3063447873
3156697093
0000832B00228A0E
3156246235
2936944038
0000830600341C5A
3063328414
3063287612
3063744670
3063658190
3063638924
3063706178
3063706716
00008306003468CC
3152310712
3156565700
3057898282
3063746154
3063707555
3063745326
2939097085
3152361931
000083060033EAB0
3058541355
3152300712
3380193485
3063723640
3063723128
2934253195
2939095030
2934910468
2934962976
2934910612
2934910704
2934910649
2934936159
2935509816
2934859779
2934605399
2934670991
2935020628
2934610999
2934678193
2934670977
2934862857
2938192813
2938232008
2924092439
2929491864
2934553522
2934656129
2934518789
2934620773
2934620796
2934619234
2934581732
2934554590
2934548651
2934655822
2934619256
2934553656
3063168444
3156229429
3381305400
3063356879
3063174854
3063169661
3063172735
3063170901
3063799441
2929585004
2929585175
3063797197
3155136239
3063801076
3063800598
3063767641
3155862595
3063767294
3063767783
3063800618
3063738319
2934827709
2934602169
2934827601
2929964807
2934520450
2934846073
2934827116
2934846012
2934818120
2934827123
2934823802
2934827160
3063450954
3063803028
3063445826
3380694160
0000830600333870
3063805534
3063804545
3063343059
2929584982
2929583119
3063649307
3063175255
3063348818
000083060033AC49
3063346789
3063170277
3063175440
3063168649
3063168760
3063346566
3152303191
3063200971
3062820216
3063197003
3063199167
3063197707
3152240044
2937007146
3156906060
2929584805
3403033028
2929492383
3063355284
3381832422
3152398846
3063761765
3063357592
3063726825
2934397603
3063728650
3063206706
3063346204
3152300211
3063210707
3063211757
3063287869
3063211358
3063188306
3156212052
3063211134
3063678932
3063711520
3063710471
3382704294
3063710666
3063928820
3063763531
2929488364
2929585052
2929492336
3063728802
3063355266
3063355051
3153105518
3063743087
3063327626
3063356050
00008306003430EB
3058542386
3063326476
3063357488
3063355851
3379691428
3063175601
3379703897
3063174999
3063174730
3063174252
3063173909
3063338653
0000838400045FDA
3063340218
3063342454
3063345178
3063341617
3063342572
3063342341
3063675215
3379941498
3063715551
3063714340
3063674582
3063673752
3063674585
3381614881
3153082979
3063674157
2929580997
2929491857
2929487266
3152231449
3063171394
3063196579
0000832B00294363
3063651314
3063332394
3063171343
2934875717
3063763597
3063766502
3063689197
3063689660
3063718598
3063684735
3063765067
3381644449
2934787450
3063196641
3040697362
3381798751
3381819007
3063188210
3380654207
3156066075
2929585014
3156459159
3063297435
3063667726
3063453717
3381891632
3153116545
3063447466
3063449776
2929585077
2929585109
2929585033
2929499831
3381105541
3381378458
2929478890
2929478842
3063713762
3063715572
3063715445
2939130374
3063717222
3152876814
3063714065
3063677147
2936950940
3062701603
2929487734
2929487231
2929489197
3156385737
3063646946
000083840006022F
0000838400068B4E
3063742772
3063768793
3063742580
3063909177
3063449086
3063444972
3063450540
3063449694
3156374156
3063448383
3152318099
3156376892
3063190544
3063186623
3063699381
3063673764
3063188697
3063193618
3063942614
3063647521
2936944078
2929495845
3063334584
3063337392
3153148150
3153107846
3063195372
3063291071
3063738131
3063801216
3063331760
3063640133
3063297054
3063643138
3063643002
3063640687
3063643133
3063644969
3063642881
3063642980
3155860092
3381288707
3063746649
3156212050
3063462169
3063463738
3063460007
3380653482
3063462924
3063941967
3063922204
3063714289
3063713283
3063940044
3063763686
3063764164
3063450564
3063452471
3063444846
3153120210
3156348608
3152225765
3063450660
3063450803
3063449586
3063772321
3063710217
3063710034
3152226041
3063673432
3063675748
3379620269
3063708178
3063708272
3063708000
3063690059
3063709993
3063747588
3063710591
3063783369
3063742506
3063708214
3063714967
3063736483
3379644050
3063783024
3063783134
3063739425
2929581732
2929478120
2929578841
2929585496
2929584891
3058541390
00008306002FE81F
3063294425
3063297863
3063294728
3063294145
00008306003457AC
3063297901
3156548808
3063644573
000083840006765F
2937007142
3063969126
3063967923
3063968325
3063968092
3063968963
3063967212
3063969302
00008306002EC11E
3156066079
2929580066
2929478257
000083840001CEC9
3063722928
3040697797
3063724378
3063724617
3153486817
0000830600333011
3063287427
00008306002EC0EA
3063901538
3063901056
3063901854
3063763585
3063791653
3063436529
3063799833
3156884889
00008306002ED0C8
3156380333
3063776877
3063784124
3063799821
3382165149
3063801403
3063188060
3063694093
3063694920
3063743746
3063739808
3149425419
3152363379
2935630438
2935446154
2935175212
2935175518
2935102493
3156623646
2935131595
2935102436
2935130927
2935182305
3063741032
3063327401
3063325749
3063301200
3063195537
3063710273
3380654489
3063718236
3063708800
3063708500
3063714639
3063743353
3063713853
3063773274
3063801995
3063800472
3063782534
3063718014
3063776393
3063767614
3381350110
3063717617
3062253292
3063195326
3382145232
3063686970
3063713799
2929584044
2929474915
2929582025
2929494120
2929494586
3057828229
3063801543
3063643137
3064591815
3063656043
3063641164
3063642233
3063772189
3063772785
3057696863
3063697681
3152231765
3063771485
3152296328
3057286668
3063771706
3063689564
3063791394
3153116788
3153122735
3156550969
3156234381
3063790033
3057693289
3063353748
3063516601
3063342455
3063342376
0000830600340A6F
00008306002F1035
3063708980
2937007150
3382935696
3063187098
2936977678
2929494445
2929497060
2929498860
2929494251
3063652898
2934478983
3063659054
2936995740
3063294163
3063657934
3063657926
3063641910
3063657894
3155134145
3063639235
0000830600345BFA
3063190424
3063657055
3063658098
3063337363
3063642966
3381288592
3063643953
3063293787
000083060033F696
3063294325
3380683278
3063197876
3058541615
3063355963
3063346894
3063207498
3063357664
3063357418
3063355876
3058542998
2934828713
3063714300
3063717631
3063738782
3063716499
3063708287
3063710360
3152367422
3156496536
3063728333
3063673214
3063741787
3063967320
3063333356
3063715164
3063742272
3063742436
3063710211
2929471078
3058542148
3149366582
3058543413
3063449678
3058542934
3058543297
3058542689
000083060033DD72
2934613274
2934693468
2934660721
2934693157
2934603993
2934652574
2934693322
2934652394
2934686158
2934693214
2934686034
2934846878
3152231772
2934634002
2934594525
3063188144
3063187704
00008306002F2423
3063288781
3063188187
3063297457
3063294021
3063291527
3063287028
3152311397
3063298011
3063293257
3063292308
3063286740
3063646894
3063646385
3063646503
3063647677
3063647850
3063648482
3063197584
3152396393
3156076697
3063206120
3057694416
3153082911
3063206278
3156430298
3156262795
3063206459
3063449962
3153100271
0000830600301890
3063444558
3063449850
3063449845
3063444170
3063446573
3152230844
3063347243
3063357759
3063347413
3152218474
3063326413
3063347623
3063347637
000083060033855C
3063348741
3156228015
3063516931
3063727759
3063291664
3063740290
3063718092
3063740333
3152404376
2934327379
2934820715
2934833369
2934484911
2934479846
2934321720
2934363412
2934599288
2934317099
2929460968
3063200365
3063351045
0000830600336B69
3063353558
00008306002FD943
3057673880
3063353737
3063352190
3152242765
2929471052
3063197500
3063197657
00008306002F22CC
0000830600339A76
3155204223
3063675295
3063740008
3063740805
3063674464
3063536202
3063739698
000083840006931F
3156376785
3063739265
0000832B002274DF
3063779770
3063742796
3063736650
3063735878
2929456968
2929462098
2929455840
2929493123
2929456026
2929471034
3063767900
3063727086
0000830600338D7F
3381288855
3063794358
3063173694
3063171059
3063717651
3063174113
3063173243
3063170669
3062691892
0000838400062619
2929468489
2929471057
2929456240
2929460920
2929456984
2929484743
3063342910
3063350936
3152299570
3063187798
3063187313
3063540469
3063697549
00008384000460B9
3155294424
3063175089
3156635129
0000830600343096
3153123305
3152308279
3152323414
3063171253
3063174112
3063693905
3063772849
3063743479
3063728661
3063736097
3063814984
3063768327
3063783253
3063774704
3063774924
3063783014
3063815099
3063774693
3063727097
3063714908
3063714138
3063714583
3383157567
3063728322
3057812212
3063714136
3062355984
3063554881
3063553110
2934671569
3063553149
3063702326
2938638748
3063461686
3381288771
3063445247
3063447049
3063645970
3063294577
3063450486
3063447409
3063180431
3063742693
00008306002F1C73
3379689575
3063644996
3152218476
3062339608
3379693988
00008306002F1169
3063718086
00008306002EC19C
3381788509
3381308432
3063739216
0000838400045DE6
3152310281
3063782473
3057813973
3063336747
3063337348
3063642576
3063186812
3063336496
3063335778
2929488600
2929479018
2929584827
3152398818
2929580008
3063195870
3063194356
3063328381
3152366197
3063194644
3380978845
3152219167
3063195198
3062249865
3063355788
3156491171
3156520234
3063194628
3063770113
3063194858
3063771107
3063196677
3156034462
3063443329
3063451218
3153116558
3063445052
3063450599
3063445543
3152231469
3152218126
3156436298
3063327290
3152300718
3058541006
3156706382
00008306002EB684
3063776562
3063899060
2929580140
2934971266
3156252164
3152234141
3063444863
3152303891
3063446478
3155697266
3063453651
3063646115
3063647018
3063303662
3152212666
3063323656
3063201681
3156485359
2929578828
3063293504
3156506283
3063285641
3063744322
3063643326
3063742907
3063639203
3153097900
3063693484
3063293302
3063285853
3063294995
3063742343
3379663682
3063744044
3152239597
3156259856
3062676135
2929584883
2929478136
3063764629
3063764716
3063790703
3063766144
3063764741
3063764497
3063764383
3063766690
3063689382
3063298044
3063288055
3063774963
2934934611
3063194910
3152323290
3057823976
0000832B002C5758
3063512372
3379664712
3063195956
3063190659
3152397567
2936976288
3063287968
3063774659
3063337134
3063200087
3063437272
3156335525
3063762178
3063766314
3063764600
3063790885
3063763853
3063921967
0000830600340212
00008306002EBFC3
2932191908
3063716872
3063743124
3063737706
3063726621
3063768154
3063714075
3063736735
3063739930
3063187166
3063191247
3063554109
3063352826
3063724964
2929584859
2929479175
2929487857
3063642470
3156232271
3063743487
3063643272
3063192090
3063708960
3063742690
3063764934
0000838400064E88
3063764053
3063739545
3063710294
3063763396
3063738250
3063356151
0000830600338D1B
3156551989
3063672372
3063341626
3063669627
00008306002F1D24
00008306003010CA
3063341920
2929580115
2929583424
0000830600255766
2929583605
2929583526
2929453434
3063651180
3063651184
3063649758
3063651452
3063651621
3063646241
0000830600337378
3063206822
3156336344
3063618688
3063742563
3063710345
3063198538
3063326737
3063300304
3063724928
3063740578
3381793699
3063767380
3063783937
3063778784
3063815214
3063674580
3063801298
3063742183
3063776909
3063736403
3058541316
3063453026
3063188013
3058541342
3058541412
3057707793
3379609121
3063461231
3058541369
3152234172
3152298272
3063208031
3063334984
3152305656
2937007114
3063187737
3152225380
3380486393
3152185285
3063743011
3063708154
3152231365
3063720661
3156038196
00008306002FF806
3063344946
00008306002EFFC4
3063715506
3063765362
3063765273
2934380715
3063676750
3063354860
3156627693
0000838400062686
3063968459
3063967332
000083060033812A
3063286433
3063293550
3063447762
3063654638
3382770248
3063441739
3149128762
2929454150
3063445363
3063203933
00008306002F1CA6
0000830600340286
3152297393
0000830600301802
3063212517
3063210672
3063203096
3063651681
3152298030
3380701740
3063648578
3063195498
3063642934
3063194548
3063194287
000083060033ACD5
3152404948
3152227583
3063710933
2934944869
3156898392
3063723245
3063710667
3063765176
3063720400
000083840006064E
3063679092
3063664178
3063670533
3063662458
3063663920
3063451427
3063453336
3063452924
3063671319
3063288546
3063452428
3063451706
3063461337
3063775810
3063919963
3058542848
3058541714
3382939798
3063464383
3063463372
3063464150
3063464411
3063344832
3063719029
3063300048
3063348861
3057820875
3063710590
3063708797
3063708088
3063707932
3152219147
3063746522
3063736076
3063326845
3063335450
3062252120
3063667131
3063450809
3063449545
3058542426
3063355677
3063356610
3063355461
3063355392
3063357285
3063679084
3063901444
3063899147
3063678774
3063711806
00008306002FF02A
3152213052
3156185225
3152299670
3156496642
3156048446
3152367702
00008306002EC099
0000838400009BC7
3063773696
00008306002FF6EB
0000830600300537
0000830600300533
3063188167
3156212289
3063737576
00008306002EC15D
3063190623
00008306003412B3
3152363250
3063747106
3063459705
3063448640
3152214404
3156189962
3063445083
0000832B002256FC
0000830600337200
0000832B002C43FA
00008306003017C7
000083840006909E
3063693604
3152300175
3063695377
00008306003400EB
000083840004896D
3380680997
3063773492
3063791400
3063763535
0000830600340B3C
3381492071
0000832B002C5C41
3152401794
3153108951
3063685145
0000832B002C5791
2929454104
2923882515
3063705767
3063700039
3063324249
3063706071
3063746791
3063745570
3063746924
3063745595
3063747077
2929454361
3057695989
3063186987
3063287653
3057672404
3063187096
3063186386
3063532262
3063775101
3152242851
3063293659
3055879761
3063338095
3063294680
3063345540
3063444327
3063453478
3063771973
3063771991
3063693902
3063302649
3040701333
3040700217
3063302203
3040701675
3040699261
3063211130
3063325640
3061973137
3063205801
3062884102
3058543160
3058542649
3057386709
3063202522
3063187666
3063207665
3063659168
3057383443
3063660973
3063727331
3063674432
3063796138
3063741645
3063742899
3063647779
2936996193
3063207202
3063694391
3063693813
3063736496
3063553452
3153088066
3063740000
3063700833
3063700834
3063695056
3063727931
3057822802
3062821229
2929462624
2929463498
2929485586
2929462552
3063641052
3063643705
3382926945
3063189259
3063642850
3063642668
3063189179
3063655505
3063647100
3063650395
3063353850
3063650718
3063333320
3063346633
000083060033839E
3063172563
3063195049
3063708086
3063709787
3063709695
3063710169
3063709474
3063691960
3062444454
3063331715
3156456763
3383053275
3062353519
3062443403
3063710029
0000830600335B1A
3063905872
3156905973
3155251948
3383050204
3063741583
3063909910
3063701883
00008306002F04FD
3381532109
3063766484
3063288727
3063450797
3063448275
3063448398
3063295307
3063446010
3063446616
3152301689
3063714063
3063713872
3063967771
3063714843
3063715630
3156645386
3149178418
3063650897
3063196820
3063649605
3063650826
3063646239
3063647881
3063737350
3063783137
3063766798
3063744328
3152300048
3382183964
3063738330
2931986149
3063815723
3063772935
3063772249
3063773558
3063813744
3063769755
2929462507
2929477453
3063968450
3063966767
3063898345
3063968321
3063967520
3057828503
3063968983
0000830600345BEC
3063968802
3063901159
3063765134
3063929548
3063708243
3149179989
3063678621
3063728120
3063709734
3063764701
2929484739
2929581065
2929484806
3063195650
3381767112
3063968968
3063196214
3063968630
3063905476
3156883432
3063969425
3063713193
3063685591
3063685674
3063677144
3063712101
3057708605
3063715503
3152236440
3063712715
2929462982
3063741834
3063737806
3379697325
3063693418
3063739751
3063738014
3063357345
3063345289
3063986331
3063983738
3063744353
3063903994
3063710265
3063743936
3156562020
3063771584
3063771767
3063968370
3156047072
2934827794
0000838400040C25
3063772077
3156496488
3063772341
2929485683
3063770845
3063769538
3063771927
3156516679
3152227620
2937007141
3063770538
3063769652
3063532380
3063290204
3063294958
3063642400
3381393317
3063289120
3063293782
3063743451
3156041103
3063297732
3063775510
3063813609
3063648914
3058540968
3063710240
2938198680
3063726735
3063744501
3156370599
3156611317
3063743251
3156246321
2934535384
3063673658
3063709628
3063678575
2936962329
3063940036
3152231225
3063718528
3156335897
3063739389
3156379434
2934836411
2931920601
3063710118
3063709868
3063195921
3063300737
3063338514
3063294176
000083060033F437
3063294461
3063775530
3063297881
3063657750
3063774100
3152374372
3063775446
3379591544
3382924371
3379681292
3156907588
3379621440
3153093637
3379688459
3153060074
3382155273
3379628913
3382880994
3382155334
3382155479
3382192088
3063178114
3152322248
3063180460
3063179932
3382991576
3152199047
3153529797
3156907227
3380999154
3382988444
3152231724
3156905423
3063295420
3380057447
3063678438
3152801185
3382881003
3063679533
3063677254
3156337274
2934831418
3063717655
2934844802
2934324600
2934313828
2934320271
2934320254
2934390073
2934378624
2934828706
2934315191
2934828496
2934490077
2934480046
2934417814
2934389881
2934565141
2935083012
2934506454
3063650735
2935717716
2929461931
2929456514
2929461811
2929462024
2929463368
2929584496
2929462262
3063770116
3063983414
00008306003388B0
3058541148
3152305558
3063984781
3063986439
0000830600333855
2929471119
2929461772
3063521719
3063744550
3063175164
3063708425
3063739955
3063744480
3156377124
3063741974
3063741894
3063742934
3153082975
3063650659
3063642335
3063655909
3063776355
3063657402
3063774173
3063775562
0000830600300FD0
2929490085
2929577932
2929579976
3063770759
3063716161
3063685908
3156373170
3063694643
3063694645
3062794721
3063694779
2929461855
2929473713
3063737282
3063744738
3058543063
3063297787
3063658574
3063656452
3063657090
3063738568
00008306002F234B
3058542951
2936995080
3063326666
2935114260
2935109849
3156047045
3062695066
2934621848
2935102608
2934564227
2934552154
2929462000
2924092232
2940239199
2929577815
2929577893
2929577867
2929578067
2929579977
2929490458
3063194265
3063198749
3063188512
3063188852
3063739636
3063735393
3063708912
3063713544
3063198931
3063198790
3063188614
3063349020
3063195555
3063717605
3063742898
3063740191
3063717302
3063342721
3152218862
3063343518
3063343789
3063341927
3063341523
3063341521
3063342801
3063343362
3063339188
3063644946
3063648898
3063727930
3063353865
3063727254
3155283690
3063355602
3063325917
3063728561
3063675851
3063741193
3063701330
3063694710
3063552662
3063693998
3063701483
3063700012
3063723449
3063720648
3063687560
3063719465
3063720205
3063685750
3063720204
3063718359
3063720415
3063718975
3063720815
3063761877
3063650364
3063355070
3063760815
3063714265
3063740013
3063675898
3063741573
3063290816
3063290913
3063708949
3063331917
3058541494
3058542160
3063351044
3063356637
3063762101
3063765685
3063761405
3063940593
3063938892
3063925176
3063922395
3058542197
3058542391
3058541527
3058542580
3063356944
3063939994
3063941593
3063764473
3063302831
3063356769
3063356793
3063728664
3063709247
3063728481
3063709897
3063708931
3063709791
3063707866
3063709164
3063170823
3063173832
3063175029
3063175585
3063175224
3063174460
3063173496
3063173966
2929577811
2924092240
2929577829
2924086926
2929577917
3063711577
3063711251
3057926302
2934522335
3152189360
3058107321
3153047796
3063728185
0000832B002AF1CA
3063673785
3156916451
3063197685
3063199202
3063357310
3063647355
3063357034
3063356231
3063647678
3063198120
0000830600333867
3063187431
3063187792
3063354800
3063356725
3063357302
3063666079
3153079361
3063667245
00008306002F4720
3063446516
3062341667
000083060034568F
3063671694
3063171363
3063172814
3063172641
3063170649
3063168540
3063337002
3063325181
3063336405
3063326699
3063335916
3062263253
3063336521
3063335263
3063186511
3063335579
3063196540
3063794676
3063514850
3063293478
3063187312
3063187569
3063186328
3063798392
3040696849
3063712865
3063716470
3063728311
3063716536
3063717996
3063711895
3063718129
3063712436
3063678880
3063187577
3063295754
3061971816
3063349071
3063789919
3061964664
3063196038
3063187758
3063357399
3063648984
3063357392
3063326757
3063355184
3063348261
3063348882
3063354799
3063326905
3063331396
3063297830
3063294757
3063740368
3063294912
3063295344
3063297488
3063287924
3063297491
3063297402
3063196342
3063355078
3063196020
3063648626
3063649876
3063194395
3063194834
3063651984
3063650721
3063741986
3063340355
3063738827
3063201823
3063743000
3062346248
3063741542
3063651826
3063650538
3063652537
3063652502
3063651575
3063196097
3063207279
3063195874
3063708914
3063769986
3063741851
3063742654
3063742021
3063727199
3063943301
3063674019
2929465344
2929466505
2929461497
3403043586
3063782474
3383366959
3063782797
00008306002FEBA5
3063816224
3381534468
3063709798
3063739502
3063926191
3063726881
3063943696
2929466546
3062681521
000083060030127F
3063286164
3381039220
0000830600340E70
3040697962
3040698614
3379663254
3063294143
2937007131
2929460735
2929466592
3063713863
3063327131
3156250681
3063196334
3063194611
2929466879
2929460768
2929461625
2929466509
2929461617
3063288033
3063294967
3063655233
3063657173
3063288636
3063288006
3063650903
3063287724
3063668896
3063651629
2929470368
2929453931
2929500443
2929485794
3063725612
3381618268
3063741294
3063741169
3063651313
3063169219
3063649601
3063171179
3156378710
3063173157
3063174383
3063174571
2937007138
3063171795
3063174509
3063649622
3062787209
3063742917
000083060033878B
0000832B002CBFF4
3063743828
3063708726
3152401710
3063741829
3156271971
3156036944
3063298259
3063338081
3063345832
3063326995
2929481385
2929491037
2929581263
2929460967
2929490942
3063666949
3063668136
3063665905
3063667418
3152239681
000083060033EA82
3063341609
3063343020
3156520631
3152367418
3156905854
3063904733
3063968879
0000830600300592
3063713082
3153164535
0000830600341313
3152374421
3063713952
000083060033B708
3063967919
3153100807
3063963513
3063714543
000083060033E970
3040699323
3382939513
3152324556
3063744614
3063639537
3063692961
3063638978
000083060033858A
3040698942
3063294836
3063294878
2931842317
3152300260
3063715574
2936995071
3063714541
3063685318
0000838400068786
3063685821
3156271322
3063714250
00008306003403C1
0000830600338396
3063716695
3156222645
3063770748
3062792549
3153121352
3156550542
3063765873
3155360390
3063764190
3063717544
2929453779
0000830600334A09
000083840000ABCA
0000830600344D54
3063742285
3063654458
0000830600340005
3063638942
3152877842
3063641280
2929481270
2929481365
2929500515
3152359193
3152216495
3063696065
3063709824
3063742334
3152225897
3063710162
3063725924
2929491148
2929584752
2929485044
2929476131
2929485135
2929453828
2929490479
2929453887
2929453812
2929491013
3063774256
00008306003010E9
2938230472
3063658569
3063801997
3063289028
3057942193
00008306002FFF44
3063644104
3063641978
2929485224
3063713691
2934892132
3156261368
3152213122
3063713618
3153100567
3379770924
3156223804
3063724141
3063323291
0000830600338D71
0000830600341637
3063329252
3063743436
3403062932
3156624668
3063344471
3063670588
3063344795
3063726915
3381795679
3156065044
3156867633
3063767370
3063715988
00008306002F23E0
3063763268
3063718293
2929485024
3063685162
3063678806
2934828751
3063691887
3063685818
2929485269
2929497943
2929455318
3063678614
3063685259
3063677468
3063287159
3381008570
3063285246
3152360893
3380479779
3380728463
3381213701
3155518420
3063288640
3063294760
0000830600338E1E
3063285537
000083060033F5BE
3058541268
3058543343
3058542558
3058542585
3063445494
3380728812
3058541031
2929498516
3381798761
3063210237
3063447158
3063446906
3063447726
3063450981
3063446022
2929498040
3063673128
3063743434
3063554485
000083060034658A
3063744004
2929581349
3063706778
2934633731
3063803899
2939130334
3063743259
3063740016
3063743659
3382026940
3063746483
2934769278
3063709040
3063288530
3063452051
3152363659
2929498660
2929497690
2929453607
3063739227
3063728101
2934892195
3063740742
3379698049
3155430114
3063741209
00008384000615E2
3063742099
3063674249
3063741900
3063941478
3380565764
3063741096
3152238470
3063189449
3063714820
3063189753
2929476155
2929490737
3156212029
0000838400060C38
3063462337
3063462232
3380740933
3063462513
3379859044
3063463922
2929461053
2929493525
2929493317
2929493565
3063356564
3063336111
3381517560
3063295923
3063775740
3063706523
3063745531
3063700442
3063705595
3063746220
3063345775
3063345389
3063341899
3063664080
3063664434
3063645127
3062353187
3063293701
3063801424
3063776074
3063645414
3063641452
3063685367
3063685317
3063676592
3063713802
3063714587
3063679454
3063677394
3063715907
3063685631
3063186817
3063741723
3062265790
3063742418
3063661643
3063664715
3063669975
3063653491
3063665410
3063739925
3063651604
3063744616
3063727046
3063673419
3063743551
3063744112
3063725042
3063741073
3063744257
3063775060
3063194313
3063293265
3063776172
3063802104
3063767723
3063743674
3063642841
3063743905
3063286905
3063761987
3063685842
3063685505
3063714511
3063713528
3063715631
3063714208
3063712298
3063712296
3063712244
3063929544
3063763403
3063739525
3063521444
3063532519
3063532969
3063532696
3063532674
3063521724
3063531330
3063770026
3063710260
3063768841
3063766579
3062218931
3063772904
3063768456
3063694329
3063727108
3063709696
3063708592
3063714750
3063708257
3063708105
3063714194
3063782912
3063783480
3063297752
3063298067
3063292338
3063195021
3063295050
3063298017
3063293591
3063293700
3063297876
2935438567
2934511510
2935729519
0000830600338E26
2935729339
2935729801
2935446293
2935736908
2935139925
2929490671
2929490817
3063802094
3063331592
3062352854
00008306003422D9
3063356928
2934551470
2937007135
2934511422
2934551227
2934551989
2934599041
2934570173
2934564381
2937007134
3380645432
3152401839
3063717184
3057893484
3156696908
3381965745
3379774800
3063742786
0000830600346196
2929490743
2929493710
3379683220
3063347187
3063351532
3063172736
3063170954
3156064986
3063173669
3063175159
3063174408
3063350567
2929482208
2929490745
2929493651
3063188775
3063325249
3063200969
000083060034387A
3063299313
3063325009
3379733635
3063340856
3152214459
3063751486
3063968499
3063898650
3063714652
3063713984
0000830600334618
3056768272
3057813119
3057812402
3152223776
3152304713
3057813530
3057941271
3152299813
3057923148
3057894023
3057893570
000083840006096D
3152241647
0000830600340A5A
3152886094
3152322341
0000830600338080
3152242575
3057813600
3152212459
3057811255
3056768295
3381792329
3057813937
3057813071
0000838400068C87
3056766330
3057823083
3152304343
3056761226
3152302468
3156359182
3057920555
0000830600341365
3057821966
3056762916
00008306002D1B89
3057824535
3152309129
3057831981
3380667466
3057813322
3057822348
3057696555
3058541034
3063713132
3382603646
3382171110
3063713885
3063707901
3152322043
3063772078
3156255752
3156047066
3063769364
3063771655
3063771686
000083060033AF12
3063709043
3380685203
00008306002FE863
3063910639
2937007136
3063736915
3063720668
3063710525
2929498990
2931944394
2929472926
2929473015
3063354946
3156560876
3381578814
3063646805
3063646075
3063357445
3063355337
3063983570
3156289823
3153109305
3153484688
2935100300
3063905016
2936996179
3156210075
3063195149
3063716243
3063727026
3063728737
3063717092
3063716991
3063716808
3063728153
3063728659
3063199180
3063187540
3063196439
3063194432
3063188902
3063197902
3063342866
3063742424
3063533489
3063530830
3063194690
3063558465
3063188699
3063187497
3063740252
3063293450
3063741859
3063739967
3063774623
3063774888
3063774575
3063711988
3063743449
2934641655
3063743339
3063739260
3063708193
3063744022
3063737053
3063737494
3062351728
3063985037
3063768791
3063551187
3063303180
3062352428
3063553107
3062353011
3063554640
3063286658
3063186502
3063288144
3063186770
3063186635
3063186733
3063186864
3063707978
3063778570
3063707838
3063742999
3063783140
3063739295
3063738988
3063726650
3063702459
3063700406
3063702422
3063728476
3063709914
3039984149
3063513430
3063525354
3063722891
3063555092
3063723518
3063714133
3063515798
3063519760
3063767702
3063714474
3063727884
3063727207
3063766396
3063746821
3063701818
3063745146
3063700223
3063745884
3063746324
3063746034
3063746032
3063707443
3063745005
3063701120
3063746622
3063746431
3063747127
3063746278
3063744971
3063745742
3063451077
3063746954
3063739869
3063799055
3063716217
3063776440
3063175013
3063355635
3063171038
3063649731
3063175157
3063172662
3063442553
3063464607
3063463257
3063444071
3063706385
3063462403
3063442215
3063462095
3063462233
3063441583
3063768618
3063744523
3063744042
3063741819
3063741728
3063737562
3063740198
3063740973
3063698168
3063718970
3063327365
3063740263
3063301103
3063326343
3063325157
3063765812
3063764363
3063767918
3063765488
2929472836
2929583845
2929462344
2929472858
2929493020
3152398816
00008306002FE830
3063340857
3156246238
000083060033EC07
3063339455
2929472746
2929582857
2929473087
2929467330
3063695551
3063744110
3063550845
3063695074
3057709445
2929473318
3063742347
3063727531
3063924467
3156270871
3056322214
3156051239
3063743809
2929493480
2929499216
3152216454
000083060033EC0B
0000838400065E29
3063715067
3063677504
3063686523
3063714180
3063686979
3063346574
3152359792
3063346714
3063735506
3063739385
3063739412
3063778867
00008306002F3007
3156642684
3063207336
3063199028
3063197382
3063690188
3063677226
3063713989
3063718935
3063723058
2934540984
3153082691
2934541131
2934541237
3153098086
3382030598
3381329522
3063190731
3382145113
3063743111
3063727392
3063727585
3063707996
3063708265
2934833662
3063710086
2934972917
2929493797
3063692810
3063737675
3063187840
3063190587
3381209966
3063331212
3063899359
3063330855
3063899294
3063194913
3063323251
3063194579
3063905425
3063906323
3063356133
2935446275
3063352020
3063351958
3040691404
3063327591
3063353962
3063354629
3063355136
3063356162
2929464167
2929580767
2929499120
2929494886
2929495561
3063340690
3063338132
3063338230
3063288807
3063338344
3063338296
3063745785
3063345724
3063294011
2929470742
3063776339
3403030123
3063355554
3063202215
2934409327
3063356153
3063720515
3063720951
3063201912
3063357036
3063356676
2929482157
2929482260
2929580652
2929495365
2929460867
2929580716
3379972776
3063668778
3063448982
3063195929
2929462646
2929580599
3063744212
2929498400
2934734255
2929499086
2929473989
2929499221
2929473741
2929462199
3063553899
3152226516
3152299870
3063744152
3063740146
3152300763
3063744788
2929580930
2929477071
2929582715
2929478950
2934503172
2934524056
2934503127
2934506742
2934354486
000083060033F7E7
2934503559
2934506418
2934503055
2934503592
2934548478
3063266043
2934503774
2934506652
2934354260
2934562942
2934531716
2934503052
2929580860
2929461355
3063187725
2934703918
3152305922
2935106378
3063741850
2929577657
2929577570
2929577612
3063357789
3063327538
3063763781
3063346992
2937007145
3063756350
3382169603
3063357074
00008306002F11AD
2929461428
3063698473
3063675202
3063815227
3063721004
3152374051
3063698757
3063674468
3063814303
2929578809
2929461468
2929477026
2929580680
2929497247
2929580773
2929577746
2929583368
3063191283
3063205690
3063738797
3063188369
3063188267
3063708921
3063708585
3153348782
3063691735
3063677256
3063293587
3063744592
3063287494
3063742804
3063285859
3063286282
3063744747
3063649867
3063649980
3063196596
3063649962
3063650264
3063648529
3063648715
3063195612
3063328670
3063329008
3063328231
3063770826
3063968736
3063195502
3063331036
3063328528
3062352119
3063743589
3062353066
3062347249
3062443646
3063742866
3063640263
3063968422
3063905497
3063969405
3063910447
3063347345
3063796521
3063969445
3063174792
3063350724
3063171347
3063172235
3063171129
3063172974
3063171126
2929580684
2929583873
2929580703
2929486635
2929580668
2929577618
2929486331
2929580092
2929578941
2929581594
2929580094
2929489157
2929496188
3063774103
3156512615
3156270550
3381801337
3153113857
3152307687
3153109061
00008306003015D9
2929479633
2929495887
2929580082
3063745105
3063747147
3063746872
3063745926
3063745483
3063701576
3063746100
3063699881
3063745868
3063523948
3063715945
3063713917
3063717037
3063726911
3063728525
3063714471
3063519066
3063713971
3063734532
3063784436
3063727647
3063347508
3063346787
3063347736
3063347184
3063348275
3063348883
3063172714
3063170682
3063172017
3063346951
3063338724
3063338414
3063339352
3063341525
3063338351
3063340441
3063196578
3063651340
3063357726
3063356582
3063645116
3063354904
3063355280
3063354948
3063326361
3063326023
3063801427
3063801972
3063797673
3063799831
3063799380
3063735392
3063713855
3063743585
3063741920
3063735879
2929478690
2929495719
3063222194
3063213577
3153105591
3063215001
3063221419
3063336609
3063336858
3063336634
3063764477
3063767086
3152318661
3063336835
2929478518
3063966400
2929497223
2929468635
3063649310
3063288577
3063286778
3063298001
3063646007
3040698617
3063287688
3063650285
3063645715
3063771087
3063770230
3063768771
3063769011
3063196501
3063779186
3063695781
3063968130
3063194404
3063943255
3063776038
3063944019
3063678844
3063763770
3063692134
3063901182
3063685608
3063677217
3063329484
3063675867
2929581795
3063187251
3063285362
3063744157
3063285868
3063673551
3057358425
3063346754
3063769136
3381304861
3063801103
2934553974
2934637088
2934559592
2934553567
2934636938
2934589563
2934633673
2934585074
2934657933
2934634108
2929584087
3063927498
3063717558
3063920796
3063929639
3063920586
3063939449
3063923025
3063921415
3063927720
3063295706
3381795715
3063726778
3063349997
3063714178
3063759662
3063713352
3063687018
3063713530
3063714870
3063714052
3063338758
3063211579
3063720946
3063720514
3063720948
3152363916
3063718357
3381308372
2938634022
3057694849
3382187357
3381621267
3058543303
3063288568
3063336407
3063199679
2929584187
2929582057
000083060033E811
000083060033363B
3150327638
3058542961
3063459709
3057362240
3063207262
3063206832
3156212067
3063347179
3063348967
3382179999
3063678501
3063734645
3063685847
3063726352
3063357754
3063347638
3056766661
3063354953
2929583912
2929584010
3063712139
3063434155
3063710711
3063943068
3063434118
3382171209
3063705301
3063746686
3063436300
3063707505
2929581975
2929488357
2929496608
3063766217
3057917425
3063709297
3063939641
3063768452
3063740092
2929582023
2929494159
3383163015
3063899145
3063324169
3063906141
3063196295
3063769303
3063768710
3381301515
3063287127
3063709125
3063716648
3152300880
3156436845
0000830600334312
3063728176
3379629284
3063674253
3380427420
3063327044
3063356443
3063718976
3063698754
3063698166
3062441536
3063698309
3063170509
3063348478
3063346974
3057709389
3063174349
3063172815
3063175459
3063287698
3063285887
3063451406
3063286523
3063774521
3056268307
3063642917
3380737497
3063441662
3063658988
3063653613
0000832B0022FB0C
3063726688
3063186972
3379703481
3063298094
3063210255
3381730444
3063288407
3156261415
3063187035
3063187861
3063714991
3063708125
3063713216
2929494435
2929583950
3063710159
2929494668
2929584345
3063452727
3063444984
3063212297
3063202766
3063211949
3063656976
3063644993
2929580118
2929495103
2929494223
3058526019
3063905783
3063898638
3063906468
3063186522
3063743262
2936995737
3153135471
3063328762
3063905219
2939119367
3063739526
3156495283
3063742684
00008306003438BE
3063742511
3063726518
2929489366
2936977217
2935127867
2938633127
2935092535
2935128014
2935083251
2935093177
2935435228
2935435363
2935092938
2929579028
2929479071
2929579104
2929579193
2929479577
2929479160
2929579594
2929580167
3063172796
2929454822
2929495943
3152231771
3063737088
3062339241
0000830600334E58
3063727533
3063708163
2929584671
2929581484
2929499938
3063210556
2929582548
3435407047
3063357308
3063742987
00008306002F4717
3063968964
00008306002EB6E7
0000832B002BEDAF
3063969088
00008306002F2E5D
000083060033542D
3063740540
3063905734
3063741295
2929483431
2929581532
2929581443
2936995098
2929455774
2929454941
2929583647
2929580666
2929582698
2929499875
2929483408
2931995126
3063187503
3063652398
2929583006
2935757904
3063791925
3063791587
3063718676
3063764410
3063709072
3063765027
3063717858
3063685234
3063763444
2929578594
2929582943
2929461997
3057710099
2929466456
3063648360
3063194552
2929466470
3063969349
3063967435
3063738578
3155858118
2929498831
2934701028
2935093516
2935128914
2935092752
2929494563
3063674034
0000832B002BF030
2929474540
2929461394
3063553583
3063673662
3063740369
3063701636
3063553304
3063195470
3063356200
3063685599
3063685257
3063677065
3063678604
3063718169
2929467662
3063713553
3063685034
3063713447
3382936701
3063763582
3152300568
3152304434
3063941860
3063686891
2929495213
2929466356
3057947233
2929461369
3063715275
2934892091
2929495549
2929474297
2929477875
3152231534
3063769964
2934563517
2934491214
2935083192
2935115557
3063211929
3156210462
3063773361
3062257327
3152227639
3063211577
3063354833
3063206480
3063648399
3153093672
3063649971
3063652486
3063650435
3063650137
3063196599
3063649733
3381308435
3063651004
2929478074
2929580380
2929462763
3063727251
3156054220
3063327374
3063555169
3155287034
2929466542
3063650154
3063709171
3156251544
2929467742
2929492898
2929580412
3058542696
2929466645
2929456186
3063650689
3063650557
2929500695
2929460863
2929493954
3063289148
3156620670
3063293920
3062347461
3152231004
3063289422
3063294471
3063295343
2929493930
2934653129
2934686097
3062390553
2929577945
3063765442
2929474146
2929581671
2934503114
2934548731
2934502921
2934687529
2934568930
2934545136
2934354859
2934523650
3057374908
2934503162
2934531799
3057893797
2934699866
2934531997
2934548733
2929577861
2929577937
2934635162
2929577966
2934687526
2934690286
2924092280
2934552015
2934694531
3057695813
2929471371
2934690180
2934601793
2934541411
3057921464
2929456824
2929490827
2934635521
2929579972
2929483421
2929490898
2929490641
2934694622
2929485459
2929497678
2934541189
2929462106
2934542053
3063782816
2929581029
2929485727
2929498416
2929485526
2934582003
2934551925
2929463710
2929497695
2934540881
2934623088
2934578801
2929487742
2929497708
2929490104
3057696948
2929498504
2934540267
2934644908
2934644729
2934608220
3039983856
2934399625
2929491081
2929466747
2934566388
2929461098
2934540819
2929461584
2929482943
2934580597
00008306003011A5
2934541549
2934566369
2934512013
2934566531
2934541821
2934621378
2934541832
2934580689
3063450718
2934541481
3381990225
2929461505
2934695697
2929455693
2934613480
2934700721
2934644570
3156378689
2934613667
2934613514
2934694999
2934613591
2934613743
2934606827
2935137614
2935730190
2929498657
2935729252
2929478988
2935446136
2929478062
2935729710
2932234126
2935736623
2929579037
2935106129
2935729691
2935175404
2935140559
2935729788
2935729671
2929489493
2929580195
2929580191
2929478964
2929578797
2935744237
2929580246
2929491934
2929479838
2929462727
2929485066
2929463523
2935105615
2929462500
2929498406
2929498351
2929498422
2929485088
2934556737
2934652654
2929484313
2934636369
2934614377
2934596096
2934651462
2934648155
2934636125
2934636172
2935757862
2934557552
2929476150
2935731438
2929495966
2929463525
2929462585
2935454432
2935729769
2935757713
2934562288
2935757785
2929485308
2929476264
2929455908
2929455761
2929456030
2929460943
2935174796
2934616329
3156885146
2935757868
2935667838
2935435081
2935157240
3381663602
2935705080
2929455842
2924088225
2934847081
2934679223
2934859274
2939092211
2934673818
2934687034
2934643596
2934652185
2934895526
3380281275
2934611092
2934665233
2934665197
2934846757
2934665159
2934631463
2934670961
2934671035
2935435209
2935097264
2935092597
2935092848
2935127960
2935083474
2929455797
2935128004
2934660679
2935083425
2935092744
2935127922
2935092562
2934622863
2934340141
2935704756
2935704878
2935744658
2935183517
2934672540
2935680772
2935729522
2935729746
2935183294
2935704638
2929455902
2929460983
2929584403
2929462018
2929580339
2935131558
2935130695
2935102723
2935102810
2935717537
2940239262
3063802616
2935185388
2935672542
2929580348
2929461998
2929455968
2935128826
2935096907
2935157922
2935680775
2929580375
2929475716
2929455794
2929582913
2929461905
2929580388
2929583857
2935131640
2934338508
2935102246
2929461199
2934558548
2929496848
2934660778
2929580401
2929584108
2929583769
2929496831
2922985971
2935761886
2935092949
2935759748
2935083136
2935435439
2935759250
2935140591
2935106241
2935729674
2935729739
2935105099
2935104577
2935729382
2935106557
2935175609
2935104527
2935744778
2935729732
2935104914
2935729372
2935140064
2935729748
2935175646
2935729399
2935104471
2935744892
2929496604
2929496853
2935435298
2935759174
3156371262
2929461224
2934504518
2934605947
2934694380
2934498544
3057359708
2934517619
2934647727
2934503804
2929580763
2929577635
2934696803
2934708780
2929577796
2934659943
2934701038
2934701422
2934642400
2929580648
2929580812
2929577622
2929577551
2929580924
2929577522
2929461436
2934558037
2934637431
2929461339
2934549126
2934549293
2934652791
2934642768
2934696799
2934701431
2934696817
2934642362
2934642032
2934557427
2934594498
2934697035
2929580779
2929580736
2929482231
2929580720
3382620498
2929463317
2929455474
2929455630
2929474619
2929480830
2929480681
2929463438
2929480753
2929582677
2929463408
2929463424
2934548686
2934643113
2934568854
2934354524
2934519992
3152399470
2934695942
2934687998
2934506376
2929456781
2934520616
2934519692
2934532154
2934531920
2934522193
2934565815
0000832B0023A3F4
2934532325
2934511336
2929582089
2934354439
2934540693
2934540125
2929582853
2929581313
2929581375
2934511503
2929581294
3063969305
2934652793
2934696936
2929581275
2929581391
2929485864
2929486138
2934660986
2934661147
2934696866
2929475011
2929477637
2929582076
2929486162
2929475105
2934701443
3380961125
2935729501
2935729839
2929475346
2934619872
2935736975
2934700659
2935106606
2934623784
2934638121
2935105522
2935104619
2935104909
2934697117
2929484006
2935744250
2935729821
2929580374
2929469484
2935105098
2934697127
2929584233
2929584158
2935104574
2935729337
2929580306
3057288033
2935744262
2929584430
2929581920
2935717757
2935672225
2935446173
2935700660
2935729736
2935744496
2935744438
2935104961
2935171977
2929584244
2929494400
2935630525
2929495023
2929495087
2929578827
2929583398
2929454254
2929454439
2935736766
2929583251
2929581687
2929497562
2934531469
2934598557
2934531877
2929580281
2929583448
2929454511
2934566083
2934532172
2934502928
2929583416
2934515774
2929580943
2929583352
2934520307
2929454271
2929580096
2934531501
2934515477
2935115648
2934354704
2934520931
2934563178
2934354411
2934542058
3057809134
2934564770
2934643722
2929478369
2929489719
2934531699
2934531655
2929582225
2929578183
2929583126
2934520096
2934687856
2931961183
2929487475
2934354307
2934520592
2934692764
2935147777
2934694538
2935438749
2934599764
2935185241
2935102104
2934692578
2935729316
2929489883
2929488602
2935454807
2934618656
2929467134
2929492283
2929583141
2929487683
2929488939
2929579363
2929488865
2929490038
2929579726
2934705834
2929585484
2935175321
2935438502
2929487639
2929580220
2935438426
2935446098
2929580181
2929487600
2929585271
2929580069
2935175524
2935454954
2935175151
2935438760
2935446085
2935101857
2935446440
2935438665
2935446120
2935446179
2935438265
2935438369
2935175443
2929579798
2934515112
2929580244
2935446260
2935438387
2929580212
2929579742
2929579779
2929456244
2934532496
2934563300
2934531538
2936996764
2934532098
2934547828
2934516453
2935758414
2934576556
2934503716
2934688034
2929580664
2929461401
2929473893
2929578651
2929494575
2929495358
2929494553
2934355349
2934520394
2934494644
2935083755
2929495216
2929578688
2929474658
2935081551
2935101613
2935759441
2935734717
2929494513
2935101626
2935128271
2929494183
2929455425
2935158664
2934632398
2929494288
2935082173
2935083709
2935158949
2935759810
00008384000149C1
2929494607
2929584133
2935158690
2935680701
2929496719
2935759518
2935158805
2929494422
2929494645
2934355141
2929494311
2929584095
2934639131
2934355094
2934639266
2934702603
2934505852
2934547605
2934506408
2934355012
2934354604
2929479251
2929584071
2929489430
2934639828
2934499031
2929479216
2934547422
2934617280
2934617318
2935705033
2935626963
2934592879
2935627526
2935626800
2935182552
2935626882
2934659550
3380972617
2935627276
2929579718
2929479884
2934693159
2935626777
2929479468
2935182369
2929479492
2929492066
2935627646
2935182260
2935627173
2929479574
2924092466
2940239131
2935092751
2929489333
2929581656
2935082402
2935157845
2935158481
2935182974
2934384451
2929488077
2929581698
2935666403
2935158741
2935158432
2929489636
2929489585
2935083527
2934619012
2935159006
2935159054
2935158757
2935183456
2935083478
2934619257
2934682790
2934655748
2934547760
00008384000040F0
2932188022
2934552989
2934553899
2934680523
2934590738
2929461026
2934630851
2934620553
2934699333
2929584806
2934698467
2934559570
2934554239
2934520907
2935184835
2929579122
2929467960
2929467782
2929579111
2934652018
2934656359
2934549141
2934620333
2934595920
2934598288
3381684061
2934618059
2934619400
2934609758
2934686944
2934701244
2940239111
2934570140
2934660092
2934596320
2929579630
2935657834
2935115325
2935668929
2934611710
2934599048
2924092428
2935174449
2935174670
2929487879
2935700282
2935174660
2935667737
2929468025
2935661053
2935078010
2935667912
2935680909
2929496304
2929492570
2935136712
2934582035
2935184677
2934582043
2934566392
2934570537
2929488972
2929499057
2929486430
2929461381
2934570959
2934551370
2929466913
2934532341
2934511927
2929496236
2929580693
2934582154
2934580618
2934582101
2929580624
2934580617
2934582157
2934581997
2934582117
2934693902
2934702265
2934594896
2934614585
2934368873
2935147355
2935148450
2929468618
2934580679
2934580616
2935454777
2934692564
2929468931
2929577790
2929495143
2929494775
2935148045
2929486347
2929486326
2934489153
2934701736
2929494870
2929486465
2929494894
2934501569
2936990914
2934681062
2934505781
2934505673
2934506270
2934640623
2934505886
2934516030
2934640071
2929470349
2934354973
2929494725
2929495567
2929496976
2929579737
2929486303
2929472583
2929480990
2929581990
2935114981
2935680953
2935700302
2935672765
2935185440
2929487053
2935131567
2935115000
2935672658
2935678904
3057944001
2929487005
2935669085
2935128839
2935115170
2929472394
2935183184
2935669049
2934635760
2934387479
2934688536
2934682541
2929495125
2934640876
2934688471
2929472041
2929465219
2929582212
2934703795
2929582349
2934607011
2932189054
2929581926
2935115133
2935173797
2935114820
2935081218
2929582513
2931966943
2935114748
2929582036
2935668283
2935667616
2929582752
3435390371
2929454445
2929489295
2935667618
2935174398
2935174404
2934911708
2929454874
2935717597
2935147761
2935137116
2934607284
2934607214
2934622391
2934607210
2934644963
2934607388
2934607352
2934603420
2934612221
2934596400
2934606996
2934613856
2940239121
2931734767
2934595624
2934628062
2934561704
2934595942
2934630370
2934487022
2936977461
2929583589
2931995612
2929497445
2934630429
2929580062
2929478837
2934582219
2934561693
2929454176
2934569306
2934602264
2934561966
2934623253
2929467913
2929473875
2929493435
2935109857
2935096806
2929461444
2935102673
2929478163
2929457052
2935096920
2935627658
2929460914
2934700766
2935102539
3382699699
2935096903
2929457037
2934558652
2935130761
2935762195
2929490231
2935109614
2935438682
2935438889
3063695194
2935438375
2935123242
2940239202
2935174908
2935439131
2935164804
2935106181
2929482162
2935174712
2929492249
2935672944
2929479062
2935446267
2935174855
2935439262
2934511661
2934562991
2934503920
2934581721
2929488692
2924092447
2929479779
2929487780
2934821468
2934563024
2934562986
2934563709
3155910409
2934627665
2934689025
2929578821
2935438861
2924092426
2934563610
2929580214
2934704926
2934689243
2935109964
2935181102
2929491964
2935096870
2934688913
2934652217
2934565913
2935762145
2935627689
2929479109
2929479038
2935184842
2935627538
2935114382
2929487884
2929483286
2929461994
2929479736
2929461388
2935780039
2931692472
2935171718
2935083000
2934622943
2929462101
2929462026
2929580574
2934563512
2934619482
2934588705
2934588621
2934613157
2934563110
2929456290
2929584495
2929461932
2934601196
2934563143
2934563120
2934628000
2929461900
2929461986
2929580427
2934652020
2929462034
2929462042
2929580423
2934562352
2935096749
2935757942
2935627362
2935758430
2935757992
2935757689
2935757786
2935667740
2929581623
2929498828
3381510412
2929499209
3063774803
3382851540
2929577988
2934511121
2934552376
2935082177
2934551475
2934622558
3382101154
2935731426
2935705004
3381739594
2934551554
2935082235
2929578045
2934565647
2934551707
2935184387
2935667575
2935667689
2935667699
2935127668
2934540535
2934686754
2934541977
2934511248
2934566537
2934512018
2935455701
2935082122
2929457137
2935459608
2929490336
2929493922
2935169859
2935127756
2935096715
2935454089
2935453959
2929460988
2929581590
2929490312
2929494037
2929457081
2929456050
2929490541
2934540219
2929456226
2922997337
2934570645
2934551668
2934540454
2934541309
2934551268
2934511548
2938766559
2929472848
2929490386
2929470990
2934561214
2934541277
2934580656
2934566519
2937009361
2936977165
0000838400047511
2935083292
2935092696
2929581610
2935097374
2935083250
2935093468
2935083645
2935092602
2938829207
2924092337
2935097387
2935096982
2935096908
2935093327
2935093189
2929460888
2935093316
2934651574
2929579970
2929457112
2935092707
2929477276
2929461868
2934653090
2934558851
2934652397
2934636498
2934636243
2934636155
2934557225
2934653160
2934565029
2934557815
2934651326
2934651134
2929580667
2934629427
2934621889
2929584131
2929578566
2929580659
2929577664
2929578774
2929457064
2934652846
2934629416
2934547889
2934532455
2934532135
2934531925
2934642350
2934354971
2934519701
2934642331
2934559301
2934699098
2934580944
2934642112
2934582174
2934582210
2929584123
2934565946
2934520866
2929578775
2934532039
2934514852
2929477228
2929577659
2929477033
2934352926
2929457113
2929471242
2934637542
2929491034
2934532107
2929500555
3379644130
3156080825
2934547601
2934354606
2934559375
2934547604
3159134965
2929491849
2929453995
3381667812
2935439245
2935446412
2934662023
2935439326
2929491138
2929454003
2929454016
2935438781
2935175313
2935137304
2935438507
2935438453
2935128522
2935127748
2935093030
2929474993
2935115639
2929483506
2935093670
2935127819
2929481246
2929481498
2935092550
2935092541
2935128199
2935446102
2935105063
2935672913
2935164884
2935439059
2929462754
2935185977
2931966323
2929462879
2935439321
2929476025
2929462603
2929500100
2929498448
2929498405
2929475933
2929475864
2929498424
2935164730
2935438999
2935174985
2936950916
2934444874
2935134559
2935666369
2935726158
2935174966
2929463667
2929481151
2934387685
2934651162
2934699249
2934387718
2934653475
2934585860
2934554220
2935743919
2929453987
2935750375
2929476197
2929484907
2934604861
2934624029
2934650790
2934645608
2935749578
2934546255
2935089554
3057379136
2934704248
2935089372
2929581217
2929581399
2935197918
2934654861
2929483911
2934640880
2929485809
2929463976
2934663082
2929486007
2929477464
2934691628
2934641534
2934555192
2934629687
2934589553
2934648157
2934554624
2934554357
2934635797
2934616211
2934554334
2934654307
2929485867
3063437622
2934546022
2929581137
2934546119
2934560748
3063295781
2935759252
2935759862
2935158042
2929498727
2935083649
2935159273
2929584819
2935759670
2929578954
2929488173
2935159049
2935679999
2934619658
2935127578
2935158629
2935158510
2935158568
2929478017
2929581662
2935092657
2935435419
2935082362
2922988285
2929578930
2934503248
2929485800
2934566007
2929585055
2934531991
2934531759
2929478288
2934568986
2934532382
2934531847
2934519751
2934500662
2929578931
2934540426
2929578924
2929578801
2929478142
2929463794
2929578219
2934548469
2934582088
2934566437
2934540538
2934580629
2934548297
2934531505
2935128823
2935127843
2934620659
2935759434
2934531650
2934551291
2934541542
2934686749
2935182881
2934540952
2929582402
2929582728
2935158536
2929582505
2935093025
2929582745
2934623054
2935680747
2935438461
2935438341
2935454668
2934692612
2935438454
2935446436
2935438175
2929466325
2934597156
2935446431
2935657827
2935668926
2935115295
2935182820
2935668169
2935103815
2935173833
3056091938
2935136974
2935680582
2935668131
2935136994
2929581747
2929472203
2935139448
2935139746
2935137342
2935175249
2935744694
2935729886
2935729911
2935744670
2935140149
2935137288
2935630498
2935668087
2935131463
3153133985
2929472057
2935678789
2935446363
2935630213
2935438208
2929465999
2929472263
2935446316
2929582408
2935446070
2935438399
2935438500
2935438459
2935438897
2935446239
2929581998
2929582638
2935744559
2935184893
2935102663
2935115228
2929582760
2935110110
2935092361
2935109513
2935435324
2935093803
2935759898
2935093135
2935093423
2935101946
2935148486
2935439313
2935175134
2935446078
2935446172
2931725425
2935092362
2929472624
00008306002529E8
2934582023
2929582529
2935439160
2934691422
2934656125
2934623920
2929581899
2929581891
2934555064
2934692221
2934636630
2934623597
2934665525
2929582523
2929471543
2929472181
2934692053
2929465497
2934540116
2934616531
2932005018
2934651104
2934641335
2929581836
2929582291
2940239205
2934570455
2929477201
2929581949
2934700935
3382761911
2934612448
2929465545
2934594714
2929466628
2934686006
2929456338
2934636713
2934651829
2934651933
2934685277
2934620955
2934545257
2935183997
2935123787
2934636524
2935124114
2935456727
2935770584
2935644626
2935455784
2935770780
2929582768
2929582243
2929466624
2929580933
2934651941
2929466427
2934584242
2934559473
2934665359
2929466980
2934616092
2929467206
2929456260
2929581296
2929494802
2934547516
2934623419
2936962187
2934555434
2934554653
2934659350
2934693290
2934633933
2934644563
2934693137
2934704648
2934556592
2934616804
2934553806
2934644111
2929474959
2929467066
2929466481
2929496847
2929467221
2934363711
2935156830
2935626921
2935758216
2935155359
2929466673
2929473886
2929496692
2934637757
2929583849
2935757980
2935758730
2929496825
2929584206
2934652914
2934614342
2934594461
2934589598
2935155208
2934545080
2934686088
2934686067
2934651895
2934653829
2935757719
2935758154
2935115577
2938654174
2935137150
2935757818
2935156440
2929490398
2934704666
2934559360
2934703933
2934559339
2934638483
2934619294
2934606420
2934744428
2934653327
2929581935
2934651512
2934653917
3057920004
3057925007
3057834348
3057693107
2929584214
2929584217
2934652100
2929582047
2929583705
2934614284
2935174646
2934621143
2934558800
3159124286
2934688902
3380935971
2929584245
2929583768
2934629522
2934687635
2934651484
2929579973
2929490484
2924092263
2935138770
2935667848
2935454760
2935123128
3152302751
3381733959
2935757679
2935668569
2935627815
2935148910
3063780520
2929467598
2929578023
2934685626
2929579968
2929455694
2935627211
2935757709
2935736930
2935627244
2935667501
2935137192
2935439252
2935438663
2935446205
2935439320
2935438719
2935045920
2935137505
2935175273
2935102013
2935439196
2935438674
2935446298
2935438650
2935438352
2935438517
2929577875
2929455750
2935667582
2935668498
2929455534
2934548891
2934548627
2935693519
2934635384
2934548239
2934652764
2934696632
2934558728
2934636756
2934652623
2934653564
2924086923
2934651396
2934629328
2935667658
2935668643
2935137496
2935454889
2935717491
2935446449
3381334720
2935438200
2935717651
2929467339
2929473793
2929456264
2929466369
2934578251
2935438823
2935185420
2935438792
2935148201
2934596313
2934687391
2934544941
2934618302
2934598901
2934596556
2934687043
2935662042
2929495382
2934618282
2929467437
2929577850
2934548241
2934623951
2929494355
2934611458
2929584237
2929467253
2935630323
3058312659
2934570108
2934641123
2934653094
3381646638
2934686300
2934598352
2934660934
2934641865
2934686333
2929474701
2934564321
2934589113
2934661053
2934596560
2934502241
2929474888
2935446265
2929474246
2934805193
2935175088
2935164500
2935164679
2935174686
2935174862
2935446171
2935439068
2935174676
2935672586
2935175500
2934540134
2934654036
2934621968
2934652436
2934621853
2934659928
2934653107
2934556832
2934652904
2934620882
2934618814
2934636791
2934653328
2934596062
2934564501
3381478684
2934652952
3382601401
2934651979
2934556749
2929467614
2934544899
2935672579
2935128652
2935092831
2935762281
2935127611
2935093363
2935083602
2935093754
2935164938
2935173822
2929456180
2929461440
2935102001
2929469409
2929494450
2929466052
2929469495
2934600403
2934543187
2934641750
2934699836
2934639814
2934699439
2934700193
2934586876
2934661370
2934699713
2934699877
2935183400
2935101607
2935081595
2935082403
2935115685
2935083199
2935092934
2935159230
2935083536
2935082315
2935680034
2935453914
2935200116
2934543871
2934616447
2934651218
2935130716
2935180924
2935717693
2935110054
2935102339
2936951413
2934642805
2934558229
2934588355
2934588582
2936974117
2935102556
2935110041
2940239116
2935180922
2935102727
2935131067
2934701035
2934701029
2935130711
2934684201
2935762276
2934541988
2935131015
2935102286
2935180737
2934619880
2934696810
3381110090
2934653293
2934641642
2934598086
2934633198
2934637563
2934695953
2934532021
2934531614
2934352910
2934524492
2934531771
2934531807
2938186487
2938192342
2935762197
2934619439
3063737904
2934632789
2935718040
2935096794
2935717510
2935762237
2935131435
2935102497
2934653993
3063512734
3381512857
2934642625
2934570352
2934595986
2934642850
2934501653
2934637138
2934686254
2934624833
2934472536
2934660048
2934653589
2934596553
2935131116
2935130797
2935667626
2935668530
2935668965
2934664434
2935681169
2935717979
2935668562
2934621739
2934545192
2935438750
2935438798
2935093184
2934620481
2940239140
3063632485
2935435437
2935435295
2935435292
2935761779
2935127626
2935109464
2935435344
2935115129
3154979913
2935626749
2934588915
2934519571
2934515020
2935707278
2934653407
2934347755
2934520456
2934503849
2934519739
2935438501
2935175539
2935137459
2935136783
2935175138
2935438417
2935446159
2935438733
2935438427
3152231794
2929465388
2935109851
2934590196
2935109669
2935110040
2935110105
2934558720
2935627289
2935114248
2934696935
2934607896
2934664934
2934636993
2934636877
2934641421
2934555087
2934636725
2934661210
2934637025
2934641482
2934636872
3381521724
2935435279
2934597738
2935435206
2935093217
2935435256
2935435281
2929472064
2934641574
2934637018
2934559352
2934627339
2934641712
2936976220
2934641480
2934634113
2934617195
2934586461
2934549122
2934550289
2939107938
2934616059
2934554978
2934594639
2934612539
2929499372
2929465846
2934553762
2934624064
2934620606
2934616212
2934665520
2934619226
2934554299
2934703830
2934635367
2934651244
2934612438
2934977106
2934635513
2934636485
3058127139
2934540812
2934549329
2935736626
2935155815
2935456335
2935456233
2935435107
2929465334
2929582588
2929465842
2929465791
2929465920
2929465848
2929469499
2929486958
2929465967
2929465330
2934647783
3063210807
2934503985
2934540052
2934649151
2934611309
2934648654
2934554232
2934404506
2934503942
2934703960
2934635439
2931828100
2934652289
2934594359
2934636804
2934653135
3403550822
2934653048
00008317000D3426
2934631150
3152741087
2934686850
2934622554
2935436192
2935435995
2935455965
2935758724
2935661592
2935456082
2934641250
2934611745
2934625590
2934598022
2934522869
2934354635
2934639297
2934561168
2934505597
2934355132
2935123119
2935668526
2935668924
2935173529
2935680810
2935680852
2935668598
2934613253
2934510293
2934622000
2934561381
2934608758
2934578569
2934651931
2934613225
2935088525
2935088051
2935087755
2935088903
2935096648
2935088672
2935127112
2935094367
2935088490
2935158265
2935455680
2935082347
2935080864
2934552984
2934613335
2934665476
2935157790
2935127536
2935759430
2935081953
2935455634
2935097189
2934613456
2934684776
2934613551
2934608478
2934599699
2934561930
2934607575
2934607506
2934700670
2935454135
3152367619
2929486981
2935180701
2935130844
2934686807
2935102809
2934607470
2934644885
2934615308
2934692301
2934613885
2934607438
2934608121
2934614052
2935668968
2935680950
2935102395
2935138920
2935113552
2935113693
2935113660
2935433887
2935087902
2934686617
2935759866
2935131398
2935180767
3063436676
2935082396
2938613713
2938190632
2938217893
2938199264
2929479074
2929479152
2929489597
2929578109
2935131136
2934594392
2934629153
2935643922
2935737010
2935119642
2935669149
2935435488
2934620048
2934608162
2934618988
2934652039
2934601989
2934637586
2934630049
2934650709
2934652881
2934556807
2934686907
2934619622
2934632009
2934565168
2935772764
2935435881
2934751006
2929578223
2934619989
2934625095
2934570425
2934685617
2934550608
2934550926
2934652537
2934569958
2929578124
3061998781
2934634584
2934661203
2934636798
2934635793
2937007109
2934665415
2934616675
2934617072
2934634220
2934639936
2934639185
2934506756
3063460396
2934640016
2934354829
2934617272
2934354593
2934639740
2934639186
2934639747
2934706122
2934640571
2934616276
2934634100
2934559245
00008384000185DE
2934623078
2934551957
2934565396
2934551308
2934548436
2934565576
2935082189
2935159330
2935082002
2934522987
2934501696
2935435786
2935661272
2935758945
2935155437
2935661627
2935643971
2935435994
2935661126
2934619063
2934589368
2934594699
2934594341
2934594492
2934594676
2934651735
2934621002
2934614189
2934651133
2934565634
2935102435
2935081420
2935092692
2935082009
2935082114
2934619755
2935082352
2935127824
2935082244
2934641688
2934598489
2934618267
2934641378
2934596288
2934652606
2934681048
2934641907
2934660987
2934596555
2934686024
2934641684
2935093710
2935679877
2935101759
2935109852
2934686693
2935082426
2934542746
2935157992
2934511450
2934420377
2935081992
2935109812
2934501646
2938198781
2938199744
2938198685
2934549935
2934656198
2934549853
2934559548
2936995091
2934552192
2934603877
2934655788
2937007107
2934589715
2934656014
2934655925
2934543303
2934655916
3063764583
2935169891
2935102340
2935114289
2935093142
2935092424
2935092264
2929578487
2929578888
2935718035
2935092225
2935092364
2935110097
2935096479
2935092414
2935092319
2934562189
2935093526
2934695684
2934702994
2929467953
2929463787
2929484409
2929578509
2935110102
2935761773
2935172164
2929478511
2929488826
2934651548
2934686775
2934549409
2934540170
2929454910
2934622890
2934590871
2934650986
2934642669
2934570050
2934653205
2934621916
2934642051
2934648125
2934697247
2934642370
2934697305
2934643044
2934647822
2934614072
2934652935
2934540260
2934652485
2934692601
2934566460
2934471807
2934580661
2934581519
2934580712
2934580509
2934548425
2934622178
2934580688
2934550125
2934554059
2934503691
2934612643
2934582172
3382265456
2934684496
2934580711
2934582075
2937007139
3058122327
2934622251
2934570507
2934552401
2934588899
2934548188
2934539270
2934548616
2934656426
2934581449
2929581577
2929583200
2929485380
2934635573
2934553681
2934347341
2934689015
2929485447
2929485536
2929462968
2929484493
2929485602
2935090250
2934699382
2934546931
2934600491
2935200096
2934543502
2934542898
2934643264
2934688506
2935088331
2935094274
2935433036
2934703773
2935433192
2935087715
2935126843
2934543121
2934549078
2934496596
2934497035
2934587735
2934555649
2934549603
2934550855
2935434224
2935088376
2935088971
2935094218
2934596159
2935171457
2935115388
2939094966
2935115480
2935680234
2934408702
2934695877
2934605408
2934494546
2934606086
2934647571
2934605069
3153644469
2934588305
2934692691
2935644693
2935088587
2935113312
2935126808
2937007127
2935113436
2935115460
2935113328
2935434110
2935433876
2935672550
2935115255
2935115613
2935184000
2935115013
2935170246
2935672624
2935184296
2935183523
2934586195
2934417658
2934698665
2934631442
2934698936
2934553023
2934693143
2935111910
2934659252
2934693149
2934698967
2934625332
2934570548
3381758385
2934565205
2934549489
2934588549
2934565459
2934594606
2935652524
2934620144
2934632058
2934620021
2934549541
2934550223
2929485431
2935625317
2935171096
3156660203
2935451388
2935103898
2935451985
2935451444
2935103856
2929486099
2929477626
2934688369
2934557048
2934607231
2934600432
2929477544
2935114844
2929579055
2935123283
2934540914
2934693279
2935173634
2935115422
2934702038
2935115196
2935173646
2935137412
2935668476
2929487214
2929477988
2929485698
3380960366
2935668163
2935102100
2935667477
2935131489
2935700418
2935680737
2934702019
2934590525
2934683023
2934547542
2934600531
2934643888
2935005213
2934546779
2934607217
2935668962
2934614104
2934590570
2934632701
2934608567
2929585202
2929585188
2924092427
2934628853
2934697537
2934570765
2934628569
2934581949
2934621336
2934550333
2934620380
2934565236
2934599698
2935717966
2934693154
2934620360
2934614192
2934621805
2934621517
2934687227
2939092931
2934620846
2934619303
2929580145
2929492442
2929488868
2929585094
2935680594
2929492380
2929579327
2935174254
2934612799
2934686582
2934686493
2934620733
2935667542
2935173838
2935668166
2935136720
2935174542
2935668212
2935667507
2935668999
2935680857
2935669011
2935173202
2935667736
2935127972
2935081540
2935158279
2935759196
2935759564
2935174916
2935175473
2935726522
2935759642
2935092985
2934541877
2934580620
2934492105
2934617564
2935438511
2935744826
2935669073
2935136665
2935174431
2934580535
2929579692
2929579224
2929492754
2929585365
2929579367
2929488700
2930354546
2934580619
2929496280
2929580235
2929579102
2935158062
2935759247
2935158898
2935101865
2935759742
2935759473
2935759416
2935435265
2935435232
2929579059
2934581351
2934580575
2934581300
2934580820
2934580716
2934492379
2934540291
2935158901
2929579626
2929580267
2934605475
2934505952
2929580203
2929478740
2929579654
2929579306
2929478758
2929580283
2929478039
2929467797
2929467833
2929489612
2929487591
2929579103
2929585414
2929579307
2929580139
2929479584
2929579294
2929487832
2929579985
2929471229
2929471231
2929471162
2929471045
2929456162
2929456336
2929456941
2934338365
2929471040
2929471254
2929455978
2922988578
2929456558
2929471210
2934541710
2934541306
2934552187
2934541625
2929456829
2934541194
2929471085
2922986951
2923000732
2929471023
2922984096
2923003464
3057821259
2922997837
2922986219
2929474173
2923005605
3057898859
2934541434
2939130358
2934701931
2934511115
2934511165
2934580571
2934541039
2934541150
2934510276
2934638089
2934592763
2934704211
2934693141
2934648074
2934565539
2934644844
2934542868
2934644194
3057943060
2934660251
2934627256
2938807040
2938614071
2938614026
2938629038
2938613700
2938612361
2938628998
2938627571
2938614092
0000832B00272AF4
2938633046
3382687850
2938649556
2938629052
2938657832
2938612417
2938655978
2938656401
2938636534
3383146591
2938632994
2938627917
2938628063
2938623474
2938633018
2938656644
2938636614
2938656599
2938655851
2938656070
3381502996
3382841751
2938621533
2938633137
2938656633
2938236651
2938190529
2938236456
2938192765
2938634148
2938634002
2938649374
2938627618
2938632938
2938613079
2938625547
2938655853
2938634294
2938649283
2938655895
2938636693
2938655764
2938649291
2938182842
2938182897
3383156996
2934884147
2934932336
2935216846
2934933957
2935059409
2938617754
2938658177
2938638163
2938826527
2938190551
2938184112
2938190647
2938182873
2938190639
2938182826
2934899845
2934895690
2934921161
2935027048
2934943443
2934903949
2934884029
2934884099
2938613048
2938826548
3380704614
2938655907
2938656918
2938656570
2938630905
2938182818
2938190572
3381600487
2938234699
2938235158
2938146347
2938190422
2938183932
2938627963
2938627980
2938617592
2938627941
2938627929
2938627975
2938657835
2938617597
2938656161
2938651842
2938627905
2938617765
2938628156
2938656590
2938628173
2938656078
2938656062
2938627912
2934906250
2938634033
2938235262
2938235269
2934884154
2934911620
2938805751
2938194148
2938838004
2939110346
2938657962
2938625554
2938617846
2938611996
2938658168
2938657942
2938612123
2938191882
2938234478
2938234766
2938756893
2935219572
2934912366
2934912567
2938611485
2938611789
2938612293
2938826500
2938235190
2938187613
2938827861
2938612166
2938611849
2938612265
2934337810
2938877448
2938611327
2938600550
2938603599
2938600709
2938641292
3381047536
2938632982
2938657823
2938656945
2938633970
2938641128
2938828643
2938828635
2938612620
2938612588
2938641018
2938612113
2938612041
2938628626
2938853058
2938827867
2938611829
2938611426
2938621225
2938606607
2938656067
2938641297
2938235141
2934909204
2935011558
2934912290
2935219539
3064593886
2935221680
2934894701
2938611313
2938656177
2938656092
2938633037
2938650871
2938612994
2935216845
2935217808
2934883972
2935014463
2934934053
2934915163
2935003107
2939130504
2938235221
2938235175
2938638594
2934894600
2934915646
2934894578
2934907960
2935231711
2938844744
2934907922
2934943618
2938181996
2938146282
2938241644
2935036315
2938638478
2934918520
2935047691
2934912156
2934932027
2934894015
2935036137
2934912325
2934894017
2938656594
2938656905
3155341527
2934934526
2934935355
2935221535
2935036208
2938234764
2938833806
2938656977
2938656181
2938613183
2938615891
2938628024
2938627652
2938656659
2938656876
2938656555
2938656897
2938621712
2938649441
2934995246
2938614004
2934932277
2935217774
2934907140
2934995335
2935219514
3383317540
2934926727
2935038601
2935034751
2934883937
2934916533
2934913628
2934894434
2934949491
2934912096
2935227170
2938146285
2938206502
2934912554
2934906879
2938188579
2938656120
2938827467
2938657808
2938656191
2934933263
3379750071
3063286504
3063741629
3063295750
2938845368
2938835247
2938835168
2938192826
2938188626
2938657004
2938849779
2938657101
2938626247
2938201011
2938835160
2934931990
2938198167
2938146341
2938842353
2934911710
2934986295
2938626271
2938865303
2934919820
2938865827
2934912745
2938858056
2938860404
2935058780
2938835321
2934897226
2938835273
2934902806
2935222431
2938601129
2938635700
2938835303
2935242178
2938192863
2938626202
2938940270
2938829335
2938192818
2938635755
2938865704
2938606334
2938601256
2935005116
2935057933
2935222297
2938635662
2934911810
2935049023
2938657957
2934981787
2934928180
2935224309
2935057553
2935057922
2934897244
2934884027
2934943501
2934912403
2938845059
2938845274
2938860434
2938634520
2938860442
2934996910
2938638609
2938860390
2938634590
2938628806
2938603206
2938829314
2938602780
2938603183
2938211265
2938192786
2938231421
2938211253
2938241637
2938195173
2938877529
2938829452
2938843314
2938641032
2938641429
2938829425
2938641067
2938603129
2938829300
2938656653
2938628046
2938642220
2938656593
2938625524
2938618392
2938656591
2938656697
2938613455
2938766443
2938625478
2938771516
2938628034
2938633025
2938655904
2938655824
2938656937
2938641552
2938612991
2938613007
2938612965
2934907146
2938192802
2938194164
2938232539
2938201060
2938192867
2938190356
2938185871
2935221607
2934935623
2935221537
2934893976
2934896698
2935221525
2934934362
2935009574
2938194418
2934912474
2935239762
2934894310
2938199298
2938199242
2934912581
2938190483
2938184378
2935224882
2935224885
2935221581
2934932854
2934934391
2935035417
2934884014
2935009213
2935053053
2938199202
2938237626
2938657027
2934893921
2934889563
3435662253
2934889618
2934889623
2934933132
2934906557
2935011091
2934893901
2935221551
2938194075
2934934074
2934932869
2934948982
2935002558
2938656001
2938658328
2938627800
3152885784
2938199218
2938194488
2934949625
2934981300
2938197978
2938822233
2938656053
2934932836
2938626374
2938611606
2938627816
2938634130
2938634322
2938656058
2938655899
2938884852
2938606573
2938601994
2938835477
2938835461
2938656961
2938601754
2938601557
2938606620
2938835763
2938835888
2938835872
2938769556
2934678156
2938838340
2938835883
2938655998
2938602416
2938601537
2938199226
2938189068
2938613042
2938655925
2938819285
2934921486
2938187584
2938833400
2935037741
2934884109
2938193604
2935036487
2934935671
2934911586
2938602484
2938602166
2938602489
3381378463
2938606583
2938601742
2938880876
2938602101
2938602496
2938880843
2938601944
2938601696
2938883859
2938612527
2938769499
2938601588
2938631742
2938769960
2938601608
2938601592
2938884142
2938601553
2938602025
2938606605
2938606636
2938601889
2938602439
2938601737
2938602087
2938211478
2938206436
2938211075
2935030249
2935024401
2934933839
2934922505
2934943337
2934896950
2938182859
2938192463
2938192093
2935036221
2934884125
2934934659
2938184180
2938182426
2938182688
2934894655
3381502969
2938656005
2938627564
2938655825
2938656197
2938627951
2938826497
2938655831
2938656009
2938656004
2938656188
2938837905
2938636769
2938649584
2938636505
2938235966
2938235760
2938834172
2938606340
2938849413
3383127516
2938613039
2938655913
2938655955
2938656131
2938655963
2934931739
2934920010
2934889571
2934912151
2934932314
2934960724
2934884163
2935219561
2934903015
2935219524
2935003468
2935036272
2934975884
2934898020
2934932245
2934911698
2935219486
2934932197
2934912194
2935219552
2934894024
2935219480
2938865329
2938605840
2938837017
2938601162
2938865310
2938601209
3379877387
2938876215
3156097291
2938833704
2935221203
2935221309
2935232290
2934916478
2935052069
2934912322
2934897721
2938865880
2934934520
2934981164
2938652869
2934927528
2934911756
2934899762
2934899796
2934909154
2935048019
2938605914
2935011534
2938639070
2934922632
2934922411
2938835449
2935065389
2934913797
2934894785
2938641332
2938613143
2938769374
2938641284
2938605536
2938769452
2938613155
2938770128
2934912132
2934894642
2938638524
2934914885
2935054585
2934912286
2934891142
2934913910
2934928692
00008384000660B0
2934906286
2934911706
2935236024
2934983051
2935221390
2935219468
2934912162
2934912145
2935054224
2934943126
2934917754
2938632731
2934932041
3381636397
2934933739
2934897742
2934912189
2934932330
2934912229
2934911922
2934884370
2938942833
2938632936
2938613993
2939119331
2936976251
2938827309
2938823035
2938840663
2938642104
2938613923
2938192584
2938629003
2938625501
2938603594
2938602899
2938629155
2938641027
2938603775
2938641499
2938641117
2938236892
2938942782
2938641020
2938612634
2938612628
2938603241
2938603224
2938612629
2938641361
2938612390
2938641101
2938853211
2938603827
2938603673
2938641089
2938828629
2938641076
2938641436
2938600825
2938877453
2938614044
2938603058
2938603498
2938603253
2938627594
2938849798
2938833721
2938849726
2938849749
2938849439
2938653206
2938602942
2938838501
2938605544
2938605502
2938646714
2938828476
2938641303
2938641183
2938634031
2938633122
2938839866
2938633104
2938638123
2938641380
2938612572
2938828633
2938837811
2938842823
2938649633
2938636844
2938840573
2938840519
2938837965
2938842756
2938837992
2938822031
2938640987
2938759745
2938759693
2938656826
2938759665
2938841638
2938841649
2938633997
2938633985
2934977332
2938842984
2938633145
2938650888
2938759685
2938628739
2938759987
2938837230
2938842135
2938640983
2938852520
2938635207
2934919746
2938626249
2938635226
2934912913
2938192551
2938246024
2938186323
2938182592
2938234190
2938649424
2938649594
2938843229
2938842811
2938845303
2935020680
2934920013
2938649479
2938633992
2938633073
2938650865
2938649413
2938853148
2938853137
2938853153
2938835543
2938834240
2938634441
2938853115
2938853091
2938940291
2938600826
2938600793
2938835614
2938842631
2938626349
0000831700148A1E
2934986509
2935020516
2935020451
2938845156
2934912886
2935020477
2934912951
3382700680
2938842755
2938822382
2939156132
2934916163
2934902085
2936944453
2934924260
2938612985
2934911985
2934943155
2935049695
2939131707
2934906235
2934943571
2938615974
2934911902
2934911622
2935220790
2934909351
2935022535
2935221621
2938860195
2938769849
2938759726
2938834297
2938853194
2938707151
2938828447
2938853130
3063649742
2938649294
2935052018
2935223936
2934957749
3064592202
2935037315
2938650802
2938650240
2938185091
2935051766
2934916407
2934916514
2935046910
2934885457
2935044845
2935239893
2934914619
2934914488
2938611163
2938636966
3383125324
2931771794
2938611053
2938629347
2938611122
2938636945
2938627697
2934883995
2938806455
2935217803
2935003278
2934906892
2938625775
2935220810
2934933721
2935246323
2935220748
2934895242
2934914351
2934914482
2934914514
2934883907
2935020470
2938634886
2935217703
2934896016
2938857796
2938599595
2938641394
2938707176
2938852963
2938650169
2938707201
3057812412
2938600529
2938641216
2938613859
2938603667
2938640919
2938605552
2938707218
3063714318
2938599505
2938641242
2934884211
2934997928
2935221337
2934940815
2935221702
2934914415
2935037619
2935061912
2934940700
2934914599
2934914378
2934885511
2935221750
2934914391
2938638551
2934912241
2935031643
2934887329
2938634826
2938626298
2934957804
2934912117
2934911577
2938657167
2934893981
2934909595
2938613938
2934943225
2938613965
2938629244
2934935740
2934922499
2938942785
2935225022
2938650030
2934936590
2934936649
2938655809
2934948986
2938650088
2938635038
2938650018
2938629256
2934914437
2935229256
2935065329
2935241228
2934906913
2935221746
2935061779
2938182850
2938182772
2935221726
2935011554
2935221779
2935044989
2938606631
2938765014
2938601968
2938841992
2938602015
2938837565
2938601963
2938600580
2938602034
2938197518
2938642116
2938656625
2938656613
0000838400005AF1
2938634100
2935234368
2934904436
2935231831
2935222115
2935061409
2935222095
2935231569
2935017487
2934900930
2934948086
2934983711
2935221066
2938197920
2938633139
2938633110
2934660172
2938633090
2938633111
2934903777
2934902758
2935011582
2935047731
2935221661
2938184390
2938198034
2935047901
2935059059
2938657278
2935225135
2934899867
2938642586
2938633152
2938838267
2938642410
2938633981
2935014014
2938628141
2934908000
2934949334
2934909260
2934949430
2938634015
2938634052
2938657922
000083170015887A
2938633986
2938657974
2938654212
2938601918
2938606598
2938649485
2938649444
2938636683
2938650778
2938633089
2938842800
2938650785
2938838173
2938633077
2938633082
2938612773
2938612648
2938613733
2938613681
2938185135
2938628747
2938628760
2938628802
2938630810
2938613862
2938613671
2938613241
2938629405
2938628766
2938650056
2938628731
2938638219
2938613238
2938613243
2935217781
2935219575
2935219576
2935219513
2934895670
2935219460
2938629285
2938613304
2938613207
2938629398
2938613300
2938612578
2935037480
2935239844
2934884149
2935239880
2935239754
2935037237
2935239879
2934914434
2938657616
2934934474
2934889572
2935047089
2934885419
2934939882
2934889567
2938601920
2934885441
2935239881
2935239764
2935037261
2938192369
2938228835
2938198057
2938185278
2931767060
2938629261
2935244924
2934894593
2934895720
2935219519
2938805729
2938602014
2934947663
2935020892
2935219484
2934932294
2934894769
2938606629
2938602042
2938601711
2938884258
2938841913
2938606553
2934667725
2938602080
2938880817
2938602335
2938606599
2938841925
2938625828
3382687785
2935225706
2934935835
2934899337
2934912176
2938184221
2938614073
3152596562
2938632931
2938613702
2938828404
2938613801
2938614033
2938614120
2938828623
2938828425
2934977833
2938828372
2938829310
2938828697
2938603834
2938829257
2938603582
2938641350
2938641062
3380788647
2938877436
3381341273
2938602962
2934912099
2934934442
2934935586
2935031349
2934939740
2934922408
2934895967
2935217779
2935217772
2938806492
2934898247
2934932251
2938657079
2934912048
2935217677
2934935689
2934902955
2935217735
2934913639
2938634003
2938627648
2938837863
2938628754
2938613281
2938633917
2938629601
2938613202
2938613608
2938612428
2938612337
2938629287
2938656388
2938632926
2938632946
2938657921
2938627723
2938632960
3062816518
2938613074
2938617810
2938627611
2938655916
2938649376
2938625518
2938231225
2938649977
2938612926
2938655754
2938656158
2938628648
2938656911
2938838116
2938656933
2938658304
2938628129
2938642072
2938612990
2938185131
2938185275
2935225129
2938628000
3381836354
2938656778
2938885107
2938885134
2938885194
2938885140
2938192434
2938628119
2938656564
2938657803
2938633100
2938638214
2938636550
2938634268
2934936182
2934914180
2934949337
2938759944
2938885076
2938841580
2938835516
2938835677
2938835641
3379944957
2938885179
2938835706
2938599441
2934995453
2935221570
2938627577
3380960836
2938655882
2938625523
2938634038
2939119344
2938649499
2938632972
2938821070
2934935676
2935221649
2934936403
2934912615
2934909461
2934909560
2934912084
2938858745
2935020945
2934909250
2935220813
2934955526
2935011538
2934937952
2934922473
2935222261
2934909326
2935011794
2934938006
2934933493
2934953955
2935010853
2935010879
2935048045
2935011051
2938634547
2934932158
2938833288
2935055868
2935061387
2935061583
2938833304
2938849616
2934932204
2934932252
2938833255
2934942587
2935240858
2934996244
2938605890
2934932106
2938628027
2938646854
2938627574
2938656629
2938625497
2938637125
2934942437
2935232254
2934909621
2935221582
2934909486
2934909475
2934913742
2934909348
2934926693
2935019935
2934911612
2934935824
2934897333
2934913631
2938829370
2938829459
2938603219
2938603243
2938829485
2938602954
2938603680
2938603160
2938603280
2938829346
2938614039
2938613274
2938603216
2938602990
2938603238
2938603014
2935030902
2935060161
2938611753
2938827855
2938826507
2938826491
2938612260
2938611402
2938611800
2938827902
2938828055
2938611856
2938611357
2938827906
2938827945
2938806979
2938611493
2938611469
2938655974
2938613004
2938655887
2938656051
2938656842
2938656554
000083170015E614
2938656604
2938611572
2938627673
2938656047
2938633064
2938633047
2938649948
2938655903
2938632989
2938655936
2938655898
2938655937
2938841614
2938602377
2938835519
2938835694
2938605540
2938842034
2938841754
2938842203
2938835622
2938599259
2938853118
2938614107
2938853191
2938640949
2938841620
2938941203
2938756850
2938841622
2938636567
2938649961
3153097044
2938634016
2938656199
2938656093
2938656885
2938625481
2938627691
2938613022
2938656577
2938613009
3152231522
2938657833
2938613025
2934934533
2934924272
2934903613
2938835222
2934919454
2938658121
2938845305
2934893147
2934939992
2938835180
2935049939
2938657419
2938652975
2934887927
2934949656
2938835161
2938835134
2938845337
2938845343
2938602158
2934909952
2935219472
2935004390
2935219510
2934977781
2935219525
2935244872
2934928812
2935219492
2935219540
2934893876
2934893786
2934895705
2934936510
2934898046
2935219455
2934899671
2935220935
2938656106
2934899856
2935232449
2934893937
2934922502
2934913749
2934888158
2934899623
2935011078
2934949616
2934907108
2934899698
2934906901
2935011228
2934897706
2938840004
2938838112
2938636852
2938636922
2938636767
2938838247
2938611547
2938636845
2938822010
2938826258
2938826218
2938838128
2938653818
2938615900
2938838179
2938839968
2938840586
2938654215
2938649377
2938838123
2935221107
2935243895
2934947961
2935036287
2935030937
2934948204
2935231597
2934948249
2935241191
2935231457
2934948014
2935221113
2935030821
2935241031
2935235365
2935036273
2935222471
2935038190
2935231482
2934978969
2935240984
2935241045
2934983436
2934915576
2935032445
2935030807
2935026430
2934909441
2934898279
2938769443
2938838446
2938656796
2938603615
2938852810
2938656751
2938852798
2939130136
2938603610
2938852807
2938829291
2938603627
2938641573
2938599711
2938853308
2938640976
2938627729
2938627642
2938655952
2938656878
2938634012
2938633013
2938655964
2938628148
2938655932
2938655920
2938632934
2938627724
2938632961
2938621539
2938628075
3383121866
2934934087
2935011716
2934940015
2935231827
2934832681
2934981716
2934934675
2938625677
2934934272
2938828443
2938599646
2938766614
2938759847
2938771501
2938769662
2938628891
2938771554
2938885205
2938885153
2938627699
2938829236
2938885213
2938852715
2938599657
2934911653
2934912165
2934912589
2934894748
2939130342
2934912666
2934943584
2934906645
2938858698
2938657138
2934914062
2938652683
2934933894
2934933726
2935220841
2934943411
2938837074
3152297030
2934995295
2935221534
2938827248
2934934514
2934895731
2934895675
2938842979
2938657907
2935047913
2938650856
2935221547
2938843019
2938843036
2938633121
2938633150
2938633109
2938839891
2938842734
2938636871
2938636726
2938827302
2938633115
2934981193
2934943252
2935047659
2935234921
2934884065
2934919781
2934913187
2934957803
2934913174
2938858053
2934909608
2934898100
2934904433
3381040019
2934893886
2938613708
2934909406
2938613762
2934896706
2938633926
2938629015
2934935783
2938613783
3151160318
2938823222
2935052624
3403031616
2938633905
2934909368
2938629335
2938629055
2938613691
2938628937
2938613684
2938633904
2938613688
2938766433
2938629028
2938613707
2938628972
2938186783
2934906736
2938657532
2938624656
2935022526
2934896377
2938837470
2934902754
2938638255
2938244507
2938641424
2938642474
2938636880
2938615952
2938244461
2938642519
2938629231
2938612593
2938244437
3062351675
2940239261
2934935919
2938858720
2934889635
2934932756
2935010757
2938635049
2934912272
2934949593
2938236476
2938183715
2938613013
2938611532
2938625525
2938633975
2938642224
2938649762
2938627716
2938658161
2938649868
2938641930
2938183861
2935026780
2935231608
2938629008
2938613222
2938650001
2934948134
2935218418
2938190168
2938240540
2938233471
2938241446
2938183710
2938612640
2934919986
2935020496
2938860503
2934986517
2938865385
2938833276
2938845130
2935222264
2934894766
2935011117
2935065349
2934917995
2935047833
2934938052
2934912386
2934912637
2934912463
2934912642
2938650089
2938628002
2938942791
2929973621
2934912503
2934889043
2935048954
2938606624
2938612581
2938613757
2938612602
2938641094
2938641123
2938641012
2938828648
2938600631
2938641057
2938231404
2938199065
2938633990
2938244531
2938191880
2938197554
2934853442
2934912143
2938833740
3156557888
2934932332
2934932826
2934932292
2934943506
2934898533
2934889630
2935022162
2934912413
2934913222
2938805771
2938634676
2938634838
2938627623
2938827369
2938633099
2938657952
2938650780
2938633108
2938625542
2938633141
2938632892
2938624584
2938657677
2938837429
2935231783
2934977852
2934899626
2934894806
2938624668
2934894583
2938633129
2938633144
2938650883
2938634065
0000832B002399E4
2938827356
3381551791
2938633980
2938632897
2938632933
2938633126
2938821043
2938633156
2938186075
2938228755
2938233845
2938192722
2938838227
3403547668
2938235057
2935221207
2934894695
2938633153
2938634212
2938633146
2938632902
2938820948
2938613260
2938633925
2938633901
2938612637
2938629339
2938612360
2938613932
2938633908
2938612494
2938612617
2938629150
2938842442
2938612510
2938769614
2938612353
2938822282
2938822410
2938653799
2938837779
2938658184
2934922442
2938602784
2934917644
2934912618
2935010804
2934934242
2934993581
2934895723
2938884147
2938843107
2938653712
2938843232
2938642219
2938184076
2938186791
2938184431
2938634043
2938634007
2938611571
2935036158
2938840704
2938611993
2938653986
2938822242
2938628043
2938942840
0000830600300F59
2938650071
2938629376
2938633123
2938612677
3156915044
2938629073
3381509303
2938822371
3058126167
2938621627
2938634081
2938612966
2938822321
2938840031
2938649931
2938822349
3155843979
2938190726
2938197489
2938628117
2938656017
2938627959
2938627924
2938633107
2938612949
2938627919
2938649545
2934884122
2938234948
2938627911
2938655939
2938657953
2938612972
2938633148
2936976269
2938632930
2938656635
2938656771
2934915477
2935234365
2934915589
2935239886
2935052007
2935239710
000083840004742A
2934915653
3155029020
2935027053
2935235234
2935235180
2934983465
2935051615
2935221584
2934915667
2935234287
2935048083
2934943283
2934912546
2934894444
2934912533
2935221114
2938638867
2934944121
2935036414
2934912519
2934912498
2934894850
2934917573
3382280759
2934894800
2935234332
2935234293
2935239721
2935234370
2938235104
2938233428
000083060025626C
2938197502
2938198606
2934914518
2938634930
2935234393
2934914394
2935037360
2934915581
3063340065
2934894916
2935234314
2935239889
2938625540
2938634356
2938612999
2940239112
2938184318
2938202863
2934934546
2934935569
2934934135
2938200930
2938221652
2938241528
2938218737
2938221842
2938612970
2938657814
2938228810
2942608027
2938190657
2938199272
2938190514
2938217942
2938188865
2938182492
2938190634
2938656924
3152223669
2938657819
2938612986
2938656871
2938625531
2938656465
2934917661
2935037351
2934914410
2935026908
2938650039
2938613571
2938707724
2938837740
2938185681
2938192019
2938198116
2938186488
2938188927
2938615951
2938635805
2938606061
2938635800
3381620882
2938606057
2938605968
2938605971
2938605973
2938625581
2938625605
2938625711
2935037219
2935239791
2934957754
2934915682
2935234428
2938231479
2938190554
2938642422
2938650289
2938827226
2938606480
2938611009
2938613619
2938633915
2938627906
2938633006
2938627907
2938628147
2938827321
2938827288
2936943957
2938642492
2934943699
2934933851
2935236298
2935233949
2934894804
2938606315
2938941209
2938638712
2934891504
2938806442
2938192634
2938244446
2938632909
2935057675
2935058858
2935057586
2935057508
2934899236
2934893972
2938625720
2934935888
2938613582
2938827249
2938650787
2938827721
2938827311
2938613003
2938636601
2938838274
2938839900
2934915495
2934894901
2934907938
2938638613
2934908103
2935236182
2935236169
2934884103
2934955494
2934894965
2934889624
2938634935
2934894858
2934934672
2938849472
2938638601
2934884130
2934894912
2934915610
2938231104
2934993722
2938843044
2938839909
2938606105
2934977060
2938606228
2935239892
2934914578
2934916476
2935037145
2934928996
2934915695
2934928966
2934915484
2935234354
2935065357
2935051550
2934939786
2938638750
2934898262
2938190558
2938234075
3379601841
3062221057
3057696849
3062217649
0000830600336C35
3153100761
3056730693
3383054546
3153113568
3057897999
3152306666
3379878260
3057943148
3057693157
2931984911
2931804408
2931995848
2932234899
2931841033
2931814978
3381814138
3063195790
2936995069
3063739922
000083060033E25F
2938657684
2935234262
2935234288
2935236309
2934912299
2934886574
2938638789
2938638777
2938192782
2938638707
2938806384
2938806401
2938638735
2938634004
2938634050
2938613034
2938613058
2938658310
2938627678
2938657963
2938236218
2938185019
2938198775
2938190546
2938190650
2938198660
2938231365
2938231082
2938231397
2938231334
2935004406
2934928708
2934911735
2934911774
2934934218
2934916322
2934948089
2935220951
2934911685
2934912391
2935020613
2935219531
2934912177
2934911682
2935036483
2935217746
2934899379
2934911719
2934894833
2935037517
2934914470
2935037397
2934909719
2935221758
2934887633
2935221743
2935037417
2935234327
2934900851
2934932762
2938634270
2938656902
2938634299
2939130460
2938634311
2935038553
2938632981
2938632914
2938656031
2938627675
2934916551
2934914549
2935239813
2935037165
2934909707
2935058938
2938637200
2935058962
2935058733
2935058893
2938635906
2935058898
2938637193
2935058688
2935224295
2934936617
2938638849
2938857904
2934949504
2938625701
2934894831
2935219485
2935244966
2938638904
2938653319
2934911669
2935019983
2938657472
2934911722
2934902863
2934904918
2934939195
2934949680
2935221854
2935234323
2938806421
2935037370
2935239757
2934917882
2938634739
2938842328
2934893107
2934998077
2935221835
2934934231
2934952192
000083170011A3F4
2934912065
2934931758
2935221842
2938806391
2935234281
2938602100
2938884794
2938835756
2938884764
2938601701
2938884836
2938756731
2938884791
2938884834
2934912359
2935234970
2935035889
2934569494
2934918312
2935231434
2934935915
2934943204
2938605888
3057398332
2934912213
2934932778
3149175894
2935221358
2938192322
2935221128
2935221530
2938635030
3381730494
2934891664
2938654222
2934939901
2934891654
2938192330
2938228779
2934899647
2934885450
2938834104
2934894637
2934943550
2934889566
2938612636
2938828636
2938602958
2938603764
2938628925
2938829456
2938829453
2938828608
2938612579
2938836289
2938641140
2938829473
2938828686
2938614059
2938828696
2938859270
2938641412
2938836260
2938601972
2938601655
2938602057
2938622556
2938884862
2938884817
2938884832
2938884771
2939128878
2938884242
2938602130
2938838656
2938602122
2938606628
2938627946
2938650784
2938656076
2938650846
2938613052
2938632945
2938656072
2938655965
2938633035
2938805700
2934935550
2938820801
2938806846
2935022338
2934934565
2934932742
2935024411
2934895972
2934922488
2934935974
2934934540
2935219526
2934909880
2934934219
2934914903
2934884152
2934912123
2934928788
2934934054
2938605860
2938833387
2935061797
2938835265
2934931969
2935061156
2938865496
2935058889
2934929007
2938865562
2935061281
2934931987
2935061187
2934996109
2938837229
2938838324
2938756834
2938885137
2938835465
2938885129
2938885195
2938828068
2938640940
2938885148
2938770097
2938828662
2934932038
2938815124
2938845346
2938865782
2938833327
2935065736
2938845358
3058568989
2934928825
2934956373
2938637083
2934942337
2935225545
2938635893
2934919547
2938764773
2938627694
2938637133
2935057714
2934919595
2938635899
2938837991
2934919585
2935055901
2938635776
2938885158
2934933791
2934935791
2934897464
2934928777
2936944468
2938833289
2934978889
0000832B0023FF78
2938192353
2938192337
2938650821
3153347042
2938621773
2938621782
2939110099
2938822309
2938634184
2938843005
2938649947
2938649355
2938839931
2938653827
2938649312
2938636833
2938636887
2938636906
2938184499
2938243066
2938614103
2938613865
2938614106
2938613881
2934932113
2938653734
2938613822
2938628776
2938633899
2938707746
2938628781
2938197914
2938184428
2938192282
2938628805
2938628788
3058108935
2938633944
2938220087
2938233381
2938884273
2938835633
2938628067
2938835624
2938885187
2938835419
2938756728
2938885150
2938764909
2938835844
3153193762
2938885206
2938841567
2938835579
2938835538
2938756884
2938835460
2938835664
2938617660
2938611605
2938636790
2938649578
2938843404
2938942817
2938613903
2938628793
2938628757
2934894455
2934938024
2934909188
2934897249
2931934812
2935056088
2935221595
2935221541
2935033649
2935020150
2935022414
2934894632
2935224884
2935221563
2935235403
2934899785
2938196693
3159153668
2938625764
2938806430
2934912551
2938638881
2934899808
2938805776
2935011672
2934899712
2934931819
2934947993
2935053034
2938626367
2938656615
2938865462
2935047622
2934898357
2935236070
2934909393
2934913782
2934909298
2935232332
2935011600
2934898096
2935241046
2935241088
2934322924
2935231517
2935012059
2939155676
2935240951
2934948153
2935231574
0000832B0022A196
3057824634
3156033099
3057834165
3057922411
3057695361
3057821378
3057827737
3056730634
3156488835
3062202423
3152318663
2931785188
2932227929
2931995173
2931995624
2932235276
2934249580
2931995400
2931769881
2934252824
2931948636
2931950768
2931995896
2931995727
2934249059
2932235232
2932216069
2934249758
2931995658
3063815404
3063196717
3063741141
3380731043
00008306002EBF62
2938196630
2934913511
2934900594
2935039159
3381615653
2938834102
2938621706
2938656675
2938654171
2934948201
2935011214
2935243154
2934612868
2938806855
2938642026
2938613088
2934896220
2935026604
2938649945
2938655967
2938657818
2934651741
2938210378
2935231604
2938627925
2938657827
2938627990
3152226582
2938654172
2934726322
2938650805
2938656180
2938628109
2938650811
2938634188
2938210402
2938627683
2938627658
3155360466
2938826518
2938633124
2938806766
2938806800
2938627930
2938650789
2938831468
2938831478
2938831458
2935241465
2938637178
2938196702
2938218825
2938853361
2938603654
2938603649
2938603838
2938852700
2938852704
2938603807
2938599496
2938603809
2938602782
2938641167
2938769985
2938611048
2938641421
2938603843
2938658182
2938769908
2938599489
2938601732
2938829342
2938837591
2938606621
2938634059
2938822069
2938627825
2938636920
2938631768
2938636611
2938627770
2938642372
2938616031
2938655915
2938638205
2938839973
2938611549
2938803686
2938603162
2938601884
2938815501
2938803132
2938884129
2938764935
2938601753
2938635603
2938806796
2938601094
2935225386
2938632711
2938601134
2935241474
2938806739
2938635631
2938623095
2938601404
2938635869
2938635888
2934919475
2934919513
2938637138
2935058790
3379770703
2938637202
2938637158
2938635881
2938637153
2938637173
2935058505
2938601068
2935058851
2935240175
2938602330
2938602018
2938603128
2938764998
2938884861
2938606596
2938769411
2938601692
0000830600343B11
2938601993
2938606625
2938602193
2938601689
2938602466
2938633962
2938603041
2929579709
2938840026
2938210394
2938756715
2938884816
2938883703
2938649292
2938627752
2938655983
3381515176
2936955311
3156261821
2938653934
2938602431
2938884291
2938601565
2938601602
2938837614
2938829292
2938884826
2938815242
2938602228
2938606622
2938883708
2938837542
2938602108
2938884780
2938220121
2938601926
2938602053
2938602450
2938633015
2938601657
2938653834
2938842001
2934820558
2938601746
2938803753
2938618784
2938601614
2938841902
2938602310
2938606611
2934948104
2934920988
2938652833
2935234233
2934986748
2934983404
2935241058
2935241091
2934947995
2935026532
2935026449
3152317969
2935243153
2935026556
2935030783
2938834127
2934893131
3063526591
2934893086
2934893028
2938833231
2938867769
2938631156
2938196670
2938606617
2938764942
2938606602
2938603283
2938606565
2938603048
2938603053
2938612563
2938612600
2938838214
2938628176
2938627568
2938613981
2938612558
2938612611
2938633948
2938612357
2938867743
2938867776
2938867724
2934940473
2938860416
2938867796
2938833767
2938867729
2934921286
2934906936
2938603218
2934911716
2938840968
2938614052
2938603075
2938614126
2938603111
2938603125
2938628932
2934932066
2935239891
2935037309
2935217714
2934914516
2935037245
2934949446
2935037594
2934934492
2935037511
2938602768
2938842090
2938838359
2938838343
2940239252
2934686062
2938837647
3381367729
2938942825
2938614068
2938198684
2938841701
2938841740
2938769858
2929460826
2938759736
2934934506
0000838400001170
2934934612
2934794579
2935037386
2938613618
3152298475
2939130454
2938828615
2938612515
2938613761
3379594713
2934884081
3156066058
2934943640
2934909850
2934943459
2934922562
2934897233
2935241375
2938837085
2938625599
2934906716
2938844746
2934934108
2938833816
2938657560
2935231724
2934934011
2934912133
2938629064
2938629010
2938613600
2938612352
2938612574
2938603072
2938613722
2938612509
2938628984
2938612462
2938194184
2938190580
2938190973
2938241664
2938194041
2938244152
2938192018
2938241389
2935239711
3379942420
2935242618
2935037523
2938835659
2938841659
2938599631
2938605509
2938940286
2934915624
2934916280
2934889633
2934915534
2935234331
2938766562
2938636973
2938611039
2938707036
2938613821
2938766535
2938611183
2938613719
2938613797
2938942798
2938611015
2938613918
2938942836
2938628963
2938611021
2938613785
2938613766
2938613782
2938611012
2938628097
2938828680
2938190636
2938634181
2938633076
2938656582
2938636642
2938615928
2938642165
2938633086
2938633687
2938627584
2938656621
2938656746
2938843049
2938656762
2938656813
2938655979
2938634017
2934856226
2934912962
2938858049
2938858065
2938857984
2938656775
2938632957
2938656802
2938641919
2938628153
2938653257
2938656892
2938655958
2938655884
2938642027
2938628072
2938642440
3057684214
2938642253
2938611519
2938613369
2938636654
2938656060
2938627708
2938650232
2938613047
2938843265
2938642236
2938840707
2938843225
2938822170
2938641902
2938633071
2938611567
2938245114
2938865374
2938805597
2938652695
2938653099
3063764356
2938805576
2934919749
2938657008
2938860231
2935049562
2938652687
2938190579
2938194160
2938611545
2938625530
2934596801
2938626260
2935049922
2938653077
2938638957
2938657071
2938639187
2938653076
2934912427
2938805767
2935010942
2934912004
2935027802
2935221314
2934884088
2934894667
2934922390
2934884087
2938626208
2938849827
2938634708
2938626344
2935242324
2934884082
2934899744
2935220818
2934884121
2938653481
2938615833
2938184758
2938601904
2934907980
2934884190
2934906754
2938857804
2934902802
2934906890
2934937318
2934884169
2938867783
2935020859
2938844807
2938867760
2938867749
2938638597
2938834111
2938867774
2938865843
2938867797
2934919784
2938860515
2940239203
2938638716
2938657259
2938600711
2938765007
2938605478
2938602268
2938852931
2938766676
2938605510
2938602387
2938838417
2938602302
2938770028
2938602292
2938837159
2938603173
2938603163
2938603109
2934916391
2934941167
2935047027
2934914562
2935045065
2934917586
2934934630
2935037469
2935044807
2935046923
2935026992
2934911637
2935037615
2935037159
2935037542
2935026892
2934874494
2934899851
2934924810
2934981141
2934899725
2934898284
2934899691
2935010909
2934899737
3381636280
2934316327
2934913685
2934898084
2934909881
2935022598
2935052721
2938827304
2938636591
2938650887
2938621640
2938656196
2934854997
2938630900
2938617847
2938627557
2934884075
2934922546
2934912041
3382137510
2934939782
2938840661
2938615848
2938642581
2938611802
2938657941
2938835612
2938885174
2938766517
2938835662
2938835616
2938885064
2938641040
2938613101
2938621347
2938198726
2938241672
2938233579
2938835486
2938842388
2938885141
2938835383
2938835699
2938600630
2938634484
2938835683
2938835681
2938628006
2938639674
2938656575
2938627719
2938623480
3156089206
2938628168
2938628136
2938657971
2938658326
2940239164
2934659018
2938633983
2938766546
2938835700
2938828067
3063329981
2938885120
2938885128
2938885058
2938836033
2938885113
2938654191
3152887955
2938885175
2938835583
2938627659
2938656891
2938625492
2938628051
2938184811
2938236543
2938184131
2938192291
2938192455
2938633001
2938885188
2938656610
2938885117
2938835862
2938885177
2938656916
2938885210
2938835647
2938756855
2938197497
2938244233
2938183761
2938885157
2938835595
2938841591
2938707207
2938853254
2938853325
2938197457
2938627718
2938707220
2934744481
2938603583
2938707228
2938836298
2938655980
2938656984
2938656780
2938633094
2938885071
2938835625
2938638234
2938835673
2938766573
2938236480
2938188762
2934989539
2938833204
2934942635
2935061220
2938192411
2935061121
2934932067
2935061057
2938833426
2934932049
2934931974
2938606453
2938845501
2938833458
2938833427
2938865319
3379959912
2938822339
2938822346
2938822002
2938612656
2938636507
2938636803
2938636821
2934898164
2934914539
2938845524
2935234372
2935037590
2934884090
2935234398
2935038557
2938822403
2934958497
2938636541
2938827313
2938843192
2938842808
2938638262
2938842821
2938837963
2938842776
2938629393
2938769605
2938628951
2938611091
2934612435
2938629099
2938633080
2938612658
2938611156
2938650065
2938769583
2938633903
2938842373
2934933670
2934931923
2938612663
2938613764
2938771538
2938650016
2938613887
2938613813
2935057524
2938637183
2938635864
2938637185
2935224335
2938637168
2934919639
2938637181
2935005091
2935241320
3383112955
2938853096
2938600672
2938940277
2938635911
2938601160
2938636120
2934919571
2938637188
2938842340
2938626213
3159102007
2938805722
2938652660
2934939934
2932199521
2935217713
2938652990
2934918525
2938805643
2938842332
2935049670
2938653300
2938652637
2934937009
3381537237
2934929125
2935017492
2938625895
2934917881
2934934156
2934885583
2935007264
2935240940
2938605932
2934954392
2934884680
2935072891
2934885162
2931770425
2935012172
2935046818
2934915688
2934915520
2938649978
2935239884
2934914556
2934934101
2934891233
2935037586
2934939738
2935010734
2934915703
2934894945
2934916321
2934916390
2935051721
2934916549
2938601705
2934898271
2934915714
3381367923
2934911764
2934997989
2934917701
2934911801
2934911727
2934915138
2934911926
2938652633
2934899105
2934907047
2939159554
2938862551
2938642089
2931937476
2934883921
2934884226
3383128201
2938707717
2938614087
2938612364
2938638209
2938707709
2938614081
2938614050
2938629050
2938613829
2938655799
2938611081
2938629053
2939116661
2938612538
2938181150
2938183808
2938627633
2938192559
2938232520
2938198872
2938183893
2938180908
2938822234
2935013861
3156492305
2938638496
2938642064
2934928900
2931985713
2934916132
2934917461
3381620764
2938764734
2938764696
2938836219
2938771533
3380050829
2938612609
2938628965
2935037402
3063797440
2938198904
2938193730
2938628118
3057898433
2934885466
2938638848
2938657090
2938764703
2938834271
2938837585
2938765189
2938837139
2938602285
2938602244
2938602322
2938764750
2938603708
2938602261
2938834255
2938602317
2935027366
2934903802
2935217742
2935217749
2935037549
2938835535
2938835540
2938835480
2938764746
2938764756
2938764789
2938885048
2938836238
2938838469
2938835696
2938835590
2938763004
2938835984
2938756827
2938599394
2935001413
2938638971
2935236958
2938658101
000083060039FDED
2934883911
2934947106
2935001307
2934912697
2935001525
2935001685
2934884153
2938857691
2935236193
2938642185
2935242328
2938602483
3151347130
2938853199
2938853113
2938885180
3379899760
2938634424
2938599284
2938853139
2938603603
2938650211
2938854275
2938836234
2938650216
2938940275
2938838500
2938640982
2938853204
2938634147
2938656743
2938634161
2938656167
2938650850
2938636789
2938634076
2938842817
2934851477
2938603668
2938641110
2938641333
2938641273
2938641030
2938641373
2938603235
2938600820
2938612341
2938764779
2938885168
2938628054
2938885161
2938764691
2938835446
2938885211
2938885015
2938885149
2938599732
2938835367
2938885214
2938885190
2938756852
2938764834
2938835634
2938835679
2938885201
2938884296
2938605487
2938616009
2935232452
2935227012
2934912350
2934913751
2934943536
2934935820
3381836851
2938190321
2938650854
2938650849
2938636631
2938827239
2935217738
2935237726
2935020234
2934913918
2935221409
2935221186
2934906610
2938193665
3063772572
3057832829
3152220172
3156454209
2934896024
2934906663
2934906701
2934936163
2934909510
2934936186
2938650808
2938650781
2938634141
2938638143
2938642499
2938625598
2935022737
2934917849
2938837192
2938838468
2938835456
2938835491
2938885198
2934904273
2934903871
2934936196
2938193836
2938835451
2938835968
2938885118
2938762999
2938638280
2938656666
2938617593
2938634280
2938766140
2938621743
2938814940
2938649779
2938656171
2938656431
2938625545
2938838090
2938648225
2938648175
2938766479
3379859636
2938771557
2938766459
2938632968
3383358292
2938649922
2938627958
2938627999
2938653437
2938653369
2934906984
2934928742
2935221587
2934934250
2934943302
2935052954
2934928804
2934993516
2934935830
2934922433
2938835559
2938835682
2938835528
2938885127
2938835709
2938885073
2938756363
3382004445
2938884097
2934977416
2938193936
2938190378
2938190713
3379685821
2938193867
2938653368
2938653336
2934918589
2938634980
2934949384
2938652680
2938842347
2938653095
2938652696
2938187634
2938233990
2938844918
2938653352
2938653472
2938860223
2938231543
2934949686
2938860253
2938181114
2938877442
2938233982
2935234285
2934940713
2934916310
2934916347
2934893939
2934916505
2935239666
2934916368
2934917656
2934914597
2934884230
2934898118
2934888810
2935221602
2938657979
3381543372
2935221619
2934929012
2934928964
2938635060
2938626283
2938657095
2938867721
2938857617
2934922245
2938844993
2938844988
2938624695
2934922363
2938865477
2938657434
2935020867
2938635053
2934913169
2938236232
2938649929
2938654176
2934931898
2935227163
3379849269
2934888760
2934932806
2934894576
2934995390
2935059018
2934928676
2934916415
2934914575
2934914382
2935036249
2935217705
2938806507
2938634625
0000830600341673
3403038546
2934916114
2934986243
2938857797
2934916111
2938639153
2938806578
2938852052
2938858051
2938858035
3062819292
2938650141
2938853156
3380667834
2938940287
2938634429
2938708352
2938599307
2938605480
2938599768
2938766400
2938638972
3381664498
2938601757
2938631472
2938770069
2938838361
2938838734
2938602869
2938883834
2938616150
2938636768
2938614154
2938842592
2938614631
2938601663
2938837547
2938827220
2938626194
2938842520
2938633058
2938636593
2938627904
2938632973
2938632922
2938632985
2938632905
2938656637
2938656797
2938656616
3403057072
2938656886
2938838074
2938632898
2938656584
2938656563
2938656741
2938656574
2934937087
2938624718
2934937117
2934937101
2938635222
2934939139
2938836799
2938833240
2938841608
2938766607
2938656384
2938605516
2938640980
2938602867
2938599375
2938640911
2938853127
2938635224
2934937109
2938599332
2935090484
2938185675
2938185589
2934924166
2934937152
3382702378
2938860395
2938867737
2938186337
2938180635
2938231495
2939095946
2938837502
2938603277
2938841922
2938601642
2938841899
2938842169
2938835584
2938835533
2938605901
2938605853
2938833471
3381329133
2938833395
2938833483
2938833490
2935224324
2938833441
2935061302
2938605908
2938833433
2938865312
2935060073
2938833411
2938650278
2938867795
2934922554
2935061161
2934931922
2938613767
2938833449
2938833173
2934932231
2938845517
2934897289
2934932255
2938833410
2938833453
2938865324
2938833661
2934897270
2935010815
2934884019
2934912446
2935010798
2934912575
2934912535
2935024427
2934932199
2934932226
2938599363
2934931906
2938833182
2938838815
3379690279
2938613062
2938655918
2938656523
2938756833
2938649495
2938650832
2934906886
2938642583
2938843046
2938642569
2938634205
2938649514
2938642571
2938838169
2938649890
2938614152
2938614182
2938634430
2938835631
2938599344
2938836207
2938837116
2938852436
2938709284
2938853044
2938658013
2938638652
2935236296
2938638620
2938634875
2934937322
2934623876
2938638829
2938638937
2935001158
2935001293
0000838400041CAD
2935037768
2935236270
2934937035
2934934650
2934894580
2934928717
2934894298
2934933909
2934934155
2934933974
2934928740
2934909946
2935011805
2935217769
2934884089
2934916490
2934912425
2934922437
2934895965
2934894759
2934912343
2934915109
2935225704
2934911770
2934894645
2934912104
2934912453
2938605902
2935222256
2934911794
2938613071
2938613092
2938657958
2938613106
2938650885
2934893773
2934913781
2934932182
2935221578
2934993493
2938231938
2938613090
2938838215
2938642593
3380708636
2938636510
2938231944
2938231954
2938199739
2934911817
2934911909
2934906880
2934911828
2934906527
2934934005
2934933782
2934911730
2934920954
2934911873
2938190649
2938199817
2938187975
2938188007
0000830600253A7D
2935221650
2934991432
2938707059
2938835975
2938835637
2938835642
2938602399
2938602401
2938602249
2938603170
2938602295
2934933766
2934906870
2934906941
3057697055
2938880814
2934911791
2934911883
2938190538
2934673987
2938764708
2938835603
2938853181
2938835991
2938217785
2938186455
2938217911
2938182434
2938192869
2938190609
2938217903
2938198058
2938192758
2938199335
2938629436
2938629301
2938217846
00008306000A8A38
2938190196
2938198210
2938192845
2938188885
3383127055
2938190476
2938190444
2938190412
2938192281
2938192075
2938236514
2938183719
2938198038
2938190510
2938241599
2938236674
3381105702
2938190460
2930285087
2938184070
3381537324
2938199425
2938240831
2924087329
2938194302
2938199297
2938190491
2938199194
2938190452
2938657429
2934912915
2938635061
3063285644
2938845018
2934912758
2938857623
2938836767
2934912849
2934912950
2938657068
2938657048
2938626371
2938860486
2934912838
2934912900
2938845067
2938635068
2938845169
2938626288
2938845147
2934912756
2938626261
2934908219
2938835282
2935061390
2938835253
2938835351
2938835308
2938236498
2938190669
2938199161
2938199145
2938199163
2938192321
2938199137
2938199289
2938188919
2938190405
2934420000
2938190477
2938190445
2938197631
2938198893
2938199320
2938199225
2938194060
2934820740
2934847028
2938628815
2938613885
2938629076
2938613701
2938629033
2938611128
2938629067
2938707138
2938613706
2938199138
2938199066
2938192649
2938199026
2938199106
2938199122
2938199058
2934995549
2935027002
2935027037
2934953251
2938629355
2938612327
2938629042
2938629045
2938628813
2938612362
2938612342
2938612409
2938197615
2938612378
2938612367
2938633885
2938829467
2938641026
2938828679
2938641317
2938641417
2938877440
2938641069
2938600669
2938829302
2938641135
2938828668
2938641007
2938641324
2938829446
2938613278
2938828603
2938600676
2938641014
2938633912
2938628820
2938628818
2938629032
2938613263
2938612332
2938633931
2938628829
2938628810
2938628954
2938633943
2938707129
2938613668
3063707817
3149155075
3381464494
3063772004
3063675518
000083060033E76F
3063765945
0000838400045BEA
3381290772
3063751186
3063968988
3063293683
3063801530
3381661723
3063747775
00008306002F23D5
3063790557
3063774947
3063342653
3153081031
3152302499
0000830600300FBF
3063295348
3156447977
3063765940
2936995068
3063790184
3063740709
3063327794
3063765350
0000830600341C2A
3063675250
3063676480
3063743825
3063678640
3063297875
3063690778
3063551552
3063740484
3063769577
00008306003412B7
3063791772
2934251205
3063741775
3057695205
2931843744
3381364495
3039983863
3056768550
3057944729
3057675266
3062389165
3382107361
2934548102
3057696212
3057709844
3062678895
3152300126
3057673980
3062691410
3057922332
3062779438
3062791544
3149166154
2936977648
3057673915
3057820532
3057926737
3039987981
3156051270
3062819892
3057894585
3153126816
2934519916
2934531767
2934538087
2934503275
2938626372
2934912149
2934903030
2934989563
2934932310
2934982732
2938605828
2934932161
2938845504
2934932065
2934932058
2938845498
2934932171
2938833188
2935061180
2934942497
2938845512
2935225507
2935061413
2938833378
2934922598
2934943480
2934884139
2938657212
2938805757
2938657258
2934913728
2938624655
2934884084
2934979644
2938194465
2938836229
2938885075
2938614194
2938940282
2938835499
2938885038
2938841613
2938885069
2938763046
2938603504
2938885193
2938634465
2938709358
2938766078
2938885079
2938614160
2934932207
2935055874
2938636005
2938835354
0000830600334424
2934929305
2938636088
2938835313
2935232178
2938835286
2934943656
2938827375
2938835269
2938835267
2935061461
2934894776
2935012188
2935064073
2934902788
2934995384
2934898552
2934922539
2934884142
2938234600
2938234528
2938234533
2938234529
2938240713
2938234525
2938234719
2938234521
2934531550
3057943932
3057819980
3057713657
3057824409
2937007118
3057819568
3062794640
3062341887
2940239155
3057832317
3063676787
3063556296
3063701371
3063815724
3058541829
2934481344
2934527908
2934503766
2934688597
2929584804
2936949097
3057825519
3057820873
3057917769
3435681400
3382883122
3057694843
3057821446
3057821784
3057694810
2922988123
3152405120
3057898252
2938641441
2938600692
2938612900
2938641390
2938641181
2938832216
2938605543
2938629214
2938866164
2938946519
2938835749
2938634485
2938756753
2938836181
2938835806
2938634435
2938766414
2938836089
3381723758
2938842147
2938614202
2938835531
2938946532
2938634480
2938634473
2938634468
2938634481
2934957759
2934920466
2934890557
2934919007
2934924301
2938805708
2935235689
2932221615
2934884037
2934919313
2935047579
2934912398
2934932203
2934927240
2935004936
2935221115
2935062857
2934929513
2934943432
2934906541
2938605515
2938865353
2938836009
0000830600338587
2938641021
2938641486
2938606633
2938884833
0000831700152549
2938603289
2938602084
2938606587
2938602117
2938601766
2938601759
2938602420
2938602102
2938838800
2938601749
2934612716
2938601956
2938602368
2938605529
2938605533
2938602481
2938837571
2934893798
2938652655
3402695977
2934913717
2934885487
2934885411
2934934412
2934885500
2938602183
2938633968
2938837045
2938601897
2938837051
2938602125
2938601513
2938628875
2938759879
2938834247
2938834293
2938770105
2938834296
2938837175
2938883728
2938883677
2938883665
2938834282
2938600706
2939104001
2938603732
2938834269
2938834208
2938834312
2938837590
2938769659
2938602192
2938602114
2938613200
2938841970
2938764780
2938803135
2938612537
2938803384
2938611209
2938612532
2938803124
2938820812
2938613182
2938612403
2938803190
2938616061
2938819271
2938631362
2938842506
2938631226
2938821417
2938601691
2938603222
2938601872
2938756798
2938603225
2938602152
2938599292
2938840418
2938601950
2938602085
2938602148
2938820829
2938601743
2938765043
2938602124
000083170014FD82
3381393931
2938602461
2934619913
2935050573
2934980189
2935006085
2935072541
2934979274
2934898514
2934909367
2934917859
2934894929
2934887647
3402695972
2935031270
2934929924
2934926408
2935231292
2935220710
2935218218
2935231288
2935011606
2935046869
2935043757
2935046822
2935047030
2935047049
2934909263
2935046791
2935026982
2934909309
3383127868
2935046753
2934885820
2935022450
2935227088
2934893946
2935046881
2934887777
2934931972
2935236492
2934979528
2934900434
2934905035
2935050457
2934949381
2934898339
2934933587
2934913352
2934979634
2934971078
2934984478
2934967790
2935236364
2935025710
2935060616
2938837533
2934937872
2935082196
2934918642
2935222086
2935222029
2939119355
2934892303
2934887965
2935222066
2935101354
2934937850
2935078590
2935075051
2934945858
3153697715
2934901953
2934905620
2934887800
2938603161
2938842140
2938883697
2938883662
2938883685
2936977202
2938769971
2938842134
2938883712
2938883684
2934924099
2934890573
2935245699
2934909930
2934890612
2934993631
2934898010
2934993606
2934936404
2935242946
2935000341
2935072395
2935004583
2935006945
2934954599
2935059011
2934896755
2934917364
2935064368
2934954575
2934894828
2934909203
2934681371
2934895016
2934894817
2934980238
2934907701
2934946527
2934940561
2934955835
2934919391
2934948489
2934890848
2934985220
2935221550
2934989276
2934949456
2934934453
3379770930
2938845289
2934918260
2935243192
2935232442
2934893244
2934981481
2934955662
2935022579
2934922664
2934612785
2934909160
2935047551
2934932853
2934951852
2938652650
2934895652
2934933138
2934933090
2934932821
2934933276
2934667563
2938883742
2938834258
2938842213
2938884106
2938883707
2938622519
2938842217
2938842178
2938842180
2938842070
2938829384
2938829391
2938769642
2938631519
2938764865
2938838414
2938837521
2938602410
2938602171
2938602345
2938837501
2938641395
2938641138
2938641005
2938641358
2938842719
2938641199
2938641479
2938641367
3155435435
2938641210
2938641351
3403176246
2938605528
2938603149
2938641160
2938605556
2938641133
2938600619
2938602178
2938601873
2938837583
2938602176
2938820976
2935062986
2934929517
2935062845
2935062909
2934931350
2935062838
2935089142
2934944727
2934912063
2934927505
2935239888
2934897749
2934927462
2935051687
2934885447
2934934075
2935027733
2934885713
2938764968
2938842013
2935241380
2935047683
2935249305
2935242984
2934913351
2934897672
2935088497
2934937935
2934905769
2934933556
2935222133
2934983961
2935086632
2935222078
2934892407
2935108730
2934975820
2934983361
2935228866
3403041259
2934961584
2935092259
2934978068
2934938107
2934886471
2934943801
2934949050
2935027314
2934995533
2934916008
2934995039
2934886450
2935016640
2934885117
2934945371
2934885125
2934918050
2934884898
2934885095
3057943321
3057697604
2937007108
3064591472
3057820108
2938770137
2938838362
2938599268
2938837022
2938838442
2938838396
2938838290
2938837667
2938759856
2938834248
2938837098
3381959644
2938769898
2938599431
2938838387
3153105142
2938838357
2938769860
2938838379
2938620723
2936996206
2934929208
2934990868
2934929899
2938211245
2935075067
2935074971
2934906147
2935007396
2935075110
2934990433
2934926502
2935220672
2938217257
2938211143
2938184486
2938211191
2938229401
2935075098
2935072454
2934952253
2934941187
2934906246
2938838750
2938841733
2938599385
2938760000
2938835871
2938769875
2938765057
2938835895
2938814859
2938841781
2935022269
2935222132
2934922191
2935065285
2935229399
2935007450
2935007086
2934979604
2934902227
2934933187
2938634979
2935228855
2934935095
2935075153
2935007276
2938622514
2938614166
2938835800
2938756752
2938769803
2938769862
2938756810
2938770056
2938769883
2938599538
2938884813
2938756723
2938883835
2938756714
2938756758
2938836199
2938769795
2938883798
2938756736
2935056733
2934905114
2934906763
2934915586
2934905146
2935036603
2935219474
2934915549
2934926875
2935221389
2938190484
2938211097
2938210962
3381559343
2938204922
2938207662
2938207345
2938211342
2938199828
2938229367
2938229491
2938766728
2938842480
2938838525
2938766639
2938185539
2938192774
2938241663
2938192355
2938185880
2938766643
2938766724
2938766483
00008306000A8451
2938185547
2938245209
2938190537
2938217494
2938146510
2938185563
2938842415
2938766499
2938766625
2938629324
2938630812
2938245086
2938218660
2934951048
2935031344
2934908397
2934908179
2934908330
2935218381
2934929771
2934933196
2934992202
2934908109
2934492884
2934928086
3380764915
2935221741
2935048886
2934943408
2934886058
2938245186
2934913877
2938839958
2938822136
2938649889
2938628115
2938822884
2938653870
2938628091
2938807110
2938634262
3159134839
2938235527
2938658307
2938653576
2938634254
2934981825
2934927093
2934908234
2934929085
2934895860
2938235555
2935224657
2934927055
2938807128
2938827241
2938628110
2938181557
2938766150
0000830600338918
2938766627
2938842426
2935095407
2934931150
2935033938
2935034002
2935095499
2935095629
2935088450
2938622822
2938622903
2938627664
2938658180
2938650884
2938823010
2938628149
2938815516
2938611527
2938235659
2938611010
2938611078
2938611100
2938611168
2938629329
2938629364
2938611093
2938183295
2935076102
2935019163
2935051727
2935076171
2938236163
2938198608
2934915790
2935106588
2934915987
2935084676
2935108676
2938235636
2938235612
2935076233
2935071734
2935106516
2934888889
2934888908
2938235454
2935071684
2934914403
2935076129
2939130419
2935076265
2935076161
2935084656
2935084745
2935106488
2934915981
2935051689
2938756809
2938884863
2938884995
2938603267
2935106620
2935076292
2934892495
2935098866
2935076139
2938235597
2935076175
2935033746
2935106589
2935095568
2934896175
2935049588
2935045824
2935090826
2935095473
2938630939
2938656938
2938650867
2938842947
2938655790
2938756824
2938885078
2938885096
2938756776
2938707211
2938823032
2938622973
2938628163
2938653724
2938815062
2938186535
00008306003388A8
2938235438
2938235979
2938186986
2938194500
2938194388
2938186583
2938182554
2938235621
3381305439
2938205056
2934687351
2938211287
2938206494
2938205170
2938194460
2938194428
2938195865
2938205202
2938234953
2938222699
3435390888
2938236761
3063792654
2938217996
2938222076
2938221968
2938186113
2938192510
2938219324
2938221920
2938219484
2938222088
2938853065
2938756849
2938834272
2938836187
2938756919
2938836268
2938836180
2935016628
2938235559
2934832279
2934628841
2934867420
2934865399
2934676589
2934610960
2934610951
2934610910
2934611130
2934678169
2934678107
2934631157
2934843327
2934668498
2934857045
2934843126
2934843444
2934668483
2934843270
2934844989
2934870611
2934845008
2935667726
3380486069
2934865329
2934683762
2934683790
2934870606
2934863547
2934677708
2934870599
2934865026
2934870618
2934870671
2934969555
2934989747
2934670943
2934660221
2934860085
2934660169
2934660055
2934660252
2934846789
2934860034
2934860058
2934860047
2934660017
2934969837
2934660309
2934660233
2934633100
3380978849
2934868782
2934633096
2934973967
2934856192
2934671593
3380962364
2934969650
2934863570
2934671553
2939111062
2934683824
2934867406
2934647910
2934865320
2934616147
2934997172
2934868745
2940239173
2934655348
2934678264
2934678255
2939111351
2939111346
2939111342
2934654985
2939111311
2939110829
2934870187
2939111053
2934640085
2934670064
2939111069
2939111064
2934830576
2939111323
2939111347
2934851598
2939110762
2939110934
2939110786
2939110775
3381304991
2934962821
2939111003
2934647689
2934650682
2934683880
2934616737
2935018827
2934865249
2934962663
2934962615
2934962850
2934626557
2934962965
3063328432
2934962962
2934665757
2934860172
2934962942
2934623850
3057825310
2934996794
2934865865
2934601539
2939160649
2935012911
2934623880
2934623824
2934623998
2939110799
3379757052
2934860009
2932232147
3156496385
2939160588
2939103492
2939160576
2939143558
2939109158
2939160618
2939138151
2939160571
2939103455
2939141270
2939160635
2939159844
3152218823
2934866842
2934866866
2934969731
2934969683
2934828479
2934974209
2939111121
2934974040
2934866832
2934838699
2934866740
2934974088
2934866857
3063206028
2939111126
2939111113
2939111011
2934833637
2934863554
2934860685
2934859705
2934860670
2934643137
2934863588
2934648564
2934863630
2939111103
2934860733
2939110831
2934861962
2934851701
2934851605
2934616175
2934860093
2934859987
2934662347
2934676560
3381747063
2934868866
2934683817
2934683814
2939111031
2934616068
2934860951
2934867989
2934863568
2934617718
2934865410
2934860965
2934674622
2935008348
2934989879
2934666374
00008306002FFEB3
2934673396
2934859683
2934648020
2934605783
2934870636
2934641170
2939111050
2934650768
2934969811
2934616349
2939111072
2939111074
2934666436
2934677684
2934677675
2934616047
2939111032
2934616017
2934629207
2934868308
2934868273
2934835570
2934631384
2934868296
2934631164
2934631271
2934835546
2934981711
2934832572
2934860018
2939111253
2934863659
2939111229
2934637762
2934859912
2934860918
2934686418
2934679325
2934832608
2934643905
2934992696
2934976659
2935008859
2939141700
2935008644
2939113633
3382823130
2938185758
2934532377
2939105741
2939141747
2939109076
2935083738
2939124425
2939109079
2939109191
2935008906
2939113543
2934911502
2935083975
2939099652
2935008580
2939113057
2934626409
2934679683
2934843391
2934845002
2934626532
2934669057
2934669058
2934650573
3159108183
2934669105
2934679598
2934863374
2934669049
2934669073
2934669123
2939099512
2939160371
2939149939
2939149707
2934937510
2934911749
2935099552
2934902720
2939126573
2934902641
2939112682
2935030155
2934917288
2935001488
2934977507
2934902566
2934896559
2934902755
2934896524
2935078482
2938202670
2938222087
2939110287
2934600993
2934957482
2934860171
2934998663
2934830515
2934861755
2934611126
2934611137
2934610929
2934631754
2934665232
2934665478
2934665286
2934665174
2934966536
2934992011
2934659167
2934851846
3381620150
2938853322
2934658961
2934856933
2934659204
2934623034
2934641468
2939159672
2934673472
2934918784
2934980647
2934673520
3380978443
2934968370
2934842971
2934673463
2939110759
2934860631
2934861932
2934851827
2934868856
2934641415
2934659258
2934843319
2934673510
2934668457
2934673440
2934846669
2934953649
2939113935
2939113235
2939112983
2934922487
2934975658
2939112608
2934922493
2939114015
2938186121
3383144615
2939113198
2939113979
2939113998
2935084217
2934965126
2934965289
2934913852
2935084128
2934606807
2934833590
2934647751
2934835606
2934832589
2934832591
3380748093
2934668138
2938183830
2938222000
3057708829
2934666347
2934833565
2934677700
2934830567
2934873862
2935002167
2935002339
2934833623
2935002435
2934677999
2934678138
2934670135
2939132086
2935002359
2934833600
2934831722
2935001979
2934833614
2934859785
2935002074
2935002499
2935001922
2935002264
2934862906
2934673416
2938221984
2934656490
2934998695
2934871778
2934833552
2934670055
2934678103
2934678009
2934867394
2935002211
2934668879
2935002297
2935002119
2935002113
2934980919
2934680514
2934665181
2934860073
2934670078
2934655086
2934655190
2934655012
2938217980
2938183706
2938244159
2938183763
2938184018
2935022909
2938653157
2934902823
2935243146
3383118547
2934911993
2938657418
2935031294
2938601877
2938759986
2938612312
2938756749
2938601607
2938618905
2938837471
2938756805
2938884121
2938601901
2938835470
2938821130
3062340773
2938601996
2938623359
2938603292
2938601751
2938601907
2938601841
2938602082
2938183714
2938189048
2938244515
2938233631
2938183913
2934605733
2934992298
2934676569
2939110854
2934605721
2939130478
2939110840
2939111336
2939110883
2939111295
2939141242
3403049543
2939141684
2934918830
2934965110
2939127049
2934671044
2934665352
2934665123
2934665296
2938188982
2938190364
2938185855
3381382546
2934868716
2934665389
2934681353
2934681363
2934665503
2934873901
2934671599
2934670996
2934676741
2934494082
2935010456
2935018760
2934665443
2934846721
2934859986
2934846661
2939141729
2934253860
2934918867
2939103532
2939113604
2939141701
2934918899
2939105633
2934668447
2934671699
2934677757
2934989843
2934865040
3149159912
2934866751
2934671793
2934860256
2934870623
2934844919
2934677723
2934870654
2934673167
2934676574
2934676590
2934676572
3382708842
2934861779
2934660198
2935018360
2934859885
2934859759
2934611182
2934660269
2934870642
2934676545
2934605732
2934660193
2934846650
2938759888
2935005531
2934846776
2934965378
2934860075
2934846582
3381649638
2934859896
2934846777
2934648925
2934956711
2934847343
2934846808
2934843109
2934844405
2934859999
2934665277
2934659972
2934660008
2934835254
2934859946
2934859930
2934860079
2934632791
2938183948
2938190365
2934859722
2934660073
2934660230
2934969863
2934870787
2934859817
2934665275
2934851677
2939110788
2934608397
2934866664
2939107876
2939120799
2939104519
2934994657
2939107877
2939107871
2939114106
2934945604
2934865353
2934671586
2934626389
2934962921
2934865262
2934683866
2934605613
2934870825
2939111188
2934870844
2934623864
2934623778
2934623746
2934868684
2934623774
2934671052
2934665205
2934846733
2934973969
2934678162
2934641507
2934678305
2934962802
2934678314
2934847261
2934678151
2934626530
2934871617
2934665737
2934665760
2934962754
2934962894
2934868032
2939110847
2934962741
2935002615
2934871908
2934962638
2934683847
2934683828
2934626594
2935015007
2935015369
2934653143
2934857664
2935015467
2934850619
2934893564
2934864266
2934860025
2934832573
2934851615
2934860968
2934866505
2934623801
2934868731
2934658175
2934623749
2935015547
2935015279
2935015265
2935015514
2935015601
2934860759
2934860169
2934962654
2934962869
2934844899
2938803832
2938636936
2938771552
2938627645
2938766156
2938618384
2938615892
2938656592
2938657805
2938656884
2938625553
2938628037
2938625512
2938628082
2938633053
2938617831
2938188697
2935015147
2934668643
2935015425
2934893489
2934652863
2934830911
2934872910
2934848356
2934600803
2934632837
2934830970
2934870650
2934851718
2934848458
2934851503
2935108973
2934900861
2935108960
2939139334
2939160607
2939149459
2939160495
2939160587
2939103473
2939110341
2939139562
2939139586
2939110335
2939111010
2939111001
2934627025
2934666530
2934624129
2934666384
2934623736
2934623725
2939111037
2934479054
2934975862
2934839610
2934626370
2934868692
2934666506
2934868671
2934626611
2939111013
2939111067
2934867437
2934870175
2939111314
2934859697
2934976694
2934842307
2934867554
2934866733
2934673486
2938237559
2934868295
2934954119
2939149469
2934859737
2934659976
2934663474
2934831335
2934846611
2934660213
2934835524
2934631477
2938238356
2934660105
2934606848
2934660183
2934660236
2934835534
2934631537
2934660177
2934835548
2938852925
2934860664
2934865835
2934648831
2935002275
2935002233
2934683783
2934873122
2934840671
2934975730
2934870791
2934673464
2934676902
2934626226
2934681402
2934677034
2934681356
2934678019
2934677971
2934843305
2934957328
2934611033
2934611068
2934676576
2934611170
2934610871
2934660165
2934676756
2934623062
2934611141
2934611115
2934605712
2934605741
2934605848
2934677347
2934858849
2934605897
2934605664
2934846823
2934605654
2939110885
2934987332
2939110833
2934975655
2934674368
2934605688
2934648320
2934354432
2934868887
2935002099
2934830499
2934683897
2934623838
2934868875
2934865371
2935002465
2934619565
2934683829
2935002369
2934865347
2934969901
2934863618
2934683883
2934683848
3382702260
2934992387
2939152991
2934676535
2934860011
2934859977
2934860042
2934851770
2939111307
2934869225
2934865811
2934870666
2934607261
2934616171
3156372479
2934605624
2934980819
2934681372
2934681401
2934980759
2934681379
2934838931
2934678037
2934681414
2934838899
2934848724
2934870818
2934959096
2934837028
2934870797
2934630458
2934678101
2934678053
2934857869
2934857960
2934857848
2938231841
2934681382
2934670098
2934681367
2934980855
2934870786
2935006122
2934832260
2934669187
2934840989
2934623758
2938188687
2934677732
2934962917
2934865257
2934830938
2934962898
2938245725
2934671443
2939111102
2934645859
2934645878
2939113648
2939109081
2934950359
2935020876
2935008969
2939132162
2939099633
2939132069
2935082194
2939112600
2935082102
2934959005
2934623865
2934624112
2935008427
2934624085
2934623915
2934623885
2934623930
2934623765
2934623817
2934623993
2934624120
2934623782
2934623906
2934624110
2934978406
2934852058
2934865148
2934645315
2934631468
2934851919
2934683878
2934852010
2934852026
2934865714
2934645277
2934851881
2934605648
2934863562
2934863663
2934863693
2934863689
2934863524
2934612312
2934863649
2939111279
2934832613
2934674458
2939101477
2934975634
2934671499
2939111175
2939111092
2934669056
2934842047
2934671597
2934842072
2934655324
2934645915
2934678124
2934626520
2934669143
2934852120
3057696105
2934612531
2934667942
2934673443
2934846701
000083060033AD75
2939110752
2934612344
2934846731
2934645241
2934846705
2934846749
2934669104
2934655389
3062790226
2934669119
3381647034
2934678149
2934841125
2934854174
3382280978
2934681352
2934681364
2934631153
2934859802
2934532493
2939099641
2939118812
2939113535
2939113684
2939132749
2939109115
2939099657
2939113538
2935083741
2934935770
2938231215
2938218233
2938198326
2939113521
2935008614
2935083774
2939113530
2935009000
2935037959
2935008778
2935008457
2935082054
2939141748
2939111313
2934677334
2939111332
2939111308
2939111337
2939111320
2939111344
2934677383
2934626451
2939110764
2934673514
2934677393
2934868741
2934895443
2939112969
2935083572
2934958852
2934959002
2939103446
2934959118
2939113715
2935072340
3382722647
2934868310
2934867747
2934868338
2934640327
2934677348
2934868286
2934860769
2935002521
2934678195
2934860616
2934867761
2934677325
2934678209
2934835230
3057694543
2934676329
2934977504
2934665166
2934846771
2934660278
2934665165
2934608909
2939111289
2934673430
2939111301
2939112927
2939103443
2934958977
2939113664
2935084023
2934911383
2939113628
2939132259
2934660005
2934660185
2934660215
2934660009
2934660229
2934659959
2934660191
2934630681
2934660224
2935037537
2934986819
2935083978
2938193272
2938223282
2935083749
2934908698
2935008065
2934909547
2939137933
2939099414
2939137900
2935058374
2939103666
2935038164
2934958842
2939108154
2939124417
2939127012
2939127071
2939143852
2939137524
2935038198
2938229791
2939113586
2929389789
2935037867
2939141746
2939141672
2935083955
2939141686
2934969885
2934671025
2934665392
2934665431
2934860029
2934665251
2938231799
2934863479
3063742935
2934863422
2934863365
2934863343
2935000536
2939160341
2935000592
2939099360
2934909504
2934931679
2939114196
3058128758
00008384000564DD
2939141227
2934849476
2934624339
2934624406
2934872898
2934628175
2934854468
2934849674
2935008411
2934867951
2934964741
2939112929
2935000496
2934999921
2939112924
2935000215
2935045030
2934999985
2935008165
2935000272
2934846736
2934647707
2934969875
2934971848
2934625501
2934678058
2934641321
2934864930
2934846621
2934866571
2934841912
2934864982
2934676473
2934860753
2934830617
2934870544
2934860743
2934835206
2934676582
2934666705
2934849613
2934868790
2934849791
2934649010
2934868299
2934859690
2934835292
3381047249
2934680141
2934870641
2934989935
2934990278
2934863397
2934668905
2934676425
2934863413
2934863456
2934868319
2934678186
2934840868
2934868324
3153190355
2922983930
2934844852
000083170014D259
2934989895
2934989992
2934671487
2934671523
2934865873
2934866530
2934671452
2934844886
2934841894
2939110842
2939110851
2934676497
2938207812
2939110901
2939110880
2934686383
2939110884
2939117892
2934833719
2934669153
2934840646
2934833710
2934863508
2934864973
2934863665
2934605764
2934645489
2934840964
2939111107
2934840937
2934840858
2934645418
2934676050
2934645456
2934840810
2934851896
2934840857
2934841048
2934834152
2934641225
2934844811
2934969537
2934870665
2934671570
2934854135
2934841065
2934676002
2934840783
2939110850
2939110837
2939110821
2934670937
2935010187
2934665194
2935009908
2935010035
2934670983
2934665491
2934665152
2934665179
2934920316
2939100621
2938207894
2939110826
2939102216
2939102257
2939104767
2934897538
2934903085
2934867557
2934856869
2934670960
2934867518
2934867492
2935009960
2935010372
2934871875
2935010129
2935010071
2935105976
2939101982
2939110852
2939110869
2939113372
2939132143
2935106140
2934918597
2939104736
2935073023
2934894662
2939149608
2934902600
2939111651
2934847522
2934942844
2934894546
2934897507
2935109930
2935088600
2939114236
2939132074
2934673476
2939110875
2939110845
2939110857
2939110844
2934985022
2939110687
2939150005
2934911574
2939102244
2939126562
2934894633
2935083735
2934894572
2939132536
2939132111
2939132551
2938207796
2939132566
2939120758
2934927153
2935082208
2935045623
2934894534
2935107780
2939111696
2939107785
2939130485
2939132561
2939105270
2939108945
2939109012
2939107827
2939109017
2939105599
2934961207
2939113408
2935007833
2939105228
2934868708
2935007448
2934957685
2934868699
2934634914
2934608743
2934868715
2934995499
2934676921
2934974207
2934847370
2938627923
2934848712
2934866729
3382744641
2934847126
2934847189
2934847213
2934847391
2934847322
2935110555
2934901662
2935008544
2935008635
2934927402
2939132510
2934918617
3379966222
2934916641
2934901540
2935012699
2935073942
2939100761
2939101993
2935007421
2939113315
2939108269
2939100650
2935011401
2935107765
2934947094
2939132151
2939107922
2934994442
2934939926
2935078428
2939132123
2939132500
2939132055
3057941610
3057898218
3381210196
3057675178
2934599427
2935438766
2934894994
2929584098
2934848947
2934861595
2934848461
2934870361
2934848467
2934848518
2934848420
2934670788
2934978613
2934978517
2934848435
2934978367
2934848324
2934848979
2934666439
2934848480
2934848497
2934633370
2934864094
2934895819
2934632954
2934944997
2934944985
2934944996
2934944776
2934631200
2934895579
2934864207
2934864127
2934944793
2934944934
000083840000C305
2935011209
2934873396
2934621100
2934607837
2934944958
2934677750
2934680484
2935075540
2938845180
2934945006
2934680368
2934895084
2935088697
2934862835
2934873380
2934645484
2934623035
2935007356
2934908450
2935007777
2934905036
2935007819
2934668718
2934629141
2934625378
2934859621
2934927477
2939149988
2939101990
2935107914
2939099051
2940239257
2934666549
2934832560
2934665638
2934645587
2934873214
2934832631
2934659460
2934624533
2934965234
2935005105
2934973379
2934907502
2934953569
2935008314
2934950317
2939141721
2939109196
2935083868
2934902451
2935008472
2935037609
2934965321
2939113065
2935008513
2935037600
2935008193
2939107914
2938231755
2938238332
2938206800
2938198260
2938198299
2938198275
2938193128
2938231864
2938231561
2938207922
2938198252
2935028973
2939107086
2939101991
2934927349
2935029225
2939132048
2934959108
2934965398
2934945632
2939105760
2939159905
2939149515
2939112058
2934936577
2939099117
2934918767
2939107686
2934923927
2939107933
2939107902
2939108293
2939120412
2938845062
2934977746
2939113559
2935008550
2934965164
2939141734
2939132197
2939143828
2935082154
2934918951
3156857167
2934966972
2939112597
2939099455
2934950340
2939112592
2939114221
2939143864
2939132732
2939113599
2934901177
2935008537
2939109139
2939132234
2939138052
2939099521
2939113246
2934978558
2939114018
2939113723
2939113787
2934964773
2939112551
2939113885
2935065559
2939112567
2939112557
2938207764
2938207850
2939112605
2934978187
2939149976
2939113773
2934987060
2935091988
2934909533
2939113793
3152299766
2939113788
2939114004
2939113170
2939110281
2939159769
2939149677
2939092563
2934910159
2935078448
2939132235
2934958888
2939109082
2939149869
2939149696
2939113876
2939109146
2934911417
2939141709
2935084032
2939151747
2939161272
2939113568
2939112943
2939113650
2939113777
2939112964
2939132600
2934913408
2939113743
2939105693
2934964614
2934965404
2935083810
2934943072
2935088753
2938223260
2939132249
2939141713
2935084048
2935083778
2939132226
2938198259
2935095212
2939100486
2935095218
2935030317
2935110467
2939105743
2939113582
2935083766
2939132093
2939105772
2939113560
2939132245
2935018027
2934902718
2934917628
2939113614
2939113795
2939111777
00008306003381EB
2934902683
2939107055
2939100404
2939100403
2935095252
2934868209
2935095345
2939099110
2939112105
2939099214
2934944568
2935095201
2935000580
2939112903
2939160525
2939110449
2939110407
2939119315
2939118817
2939141442
2939110454
2939110395
2934986659
2939110377
2939159822
2939118829
2939110369
2939160518
2939110370
2939110134
2939092561
2939139423
2939141413
2934953520
2935095064
2939107681
2939107828
2934915571
2939107884
2939159402
2935072977
2939108969
2939107493
2939107901
2939111732
2939107808
3156254293
2939112961
2934914142
2939104584
2939149584
2939159404
2934894720
00008306003355F9
2934913024
2934975626
2934966936
2934914252
2934912489
3156891952
2939107910
2939107728
2934950673
2935107973
3381615360
2939112135
2934991254
2935083732
2934911743
2934956320
2934917293
2939132208
2934947253
2934940403
2934945234
2939112906
2934914031
2939112913
2934975574
2935072900
2939139363
2934894740
2935058160
2939139370
2934897679
2939102245
2939132126
2939113797
2934911629
2934918824
2934965157
3381043854
2934959065
2939127000
2939105043
3381751213
2939137993
2939105748
2934965402
2939113544
2934965302
2935084232
2939132230
2939109018
3057879569
2939109078
2934980962
2934986782
2939110330
2939109030
2935083780
2935037792
2939099612
2938220014
2939141705
2939099650
2939145595
2939113192
2935038144
2939099332
2934950273
2939099380
2934868288
2934647718
2934401654
2938193470
2934654089
2934680382
2934944990
2934677678
2934677740
2934671095
2934677764
2934680476
2934668866
2934640037
2934666358
2934863333
2934830405
2934830396
2935006434
2934830338
2934676618
2934851751
2934873493
2934631285
2934629238
2934629173
2934631396
2934629125
2934868820
2939111158
3381537436
2934605013
2934631326
2934868235
2934629159
2934674639
2934830413
2934648482
2938238426
2938180332
2938236107
2938180339
2938231122
2938231198
2938200122
2938229952
2938183367
2938235433
2938235430
2938231195
2938230216
2938202686
2938193686
2938231069
2938199655
2939107041
2939132036
2939113655
2939113533
2939160382
2939141717
2934965296
2939105511
2939143869
2939141726
2939132070
2934911628
2938229714
2939113679
2939113667
2938189033
2934868278
2939127068
2934833605
2934832598
2934645568
2934868343
2934648508
2934833580
2934656565
2934833589
2934605772
2934672033
2934831644
2934669219
2934833620
2934632768
2934833566
2934965799
2935057536
2938707069
2938766545
2938942780
2938231547
2938235417
2938231585
2938246023
2938219424
2938229884
2929486641
2938231553
2938189029
2938229981
2938184228
3152234275
2938231459
2938231569
2938187350
2938184095
2938231435
2934821981
3063708089
2938204224
2938229422
2938229375
2938207159
2938194427
2938199361
3057288418
2938146531
2938199575
2938217275
2938206738
3057735122
2938199480
2938194408
2932001568
3062795959
3057820417
3152569332
2931770621
2938199345
3057709733
2934824189
3062778431
3057293592
3057693885
2938234834
2931806784
3057832799
3057688497
2922952151
3057819191
3062691889
3379683125
3057356465
3057710456
2934824455
3062805321
3152443122
2934416159
3062794075
3057921052
00008306003010F2
0000830600346506
3056730164
2934562798
3063674484
2934471868
3057672020
2934320407
2938184478
2938762982
2938766500
2938766583
2938650271
2938625562
2938766395
2938766439
2938839897
2938625508
2938839906
2938658125
2938839914
2938625484
2938650276
2938839686
2935019630
2935220674
2934990994
2934902397
2934941192
2934920854
2934932985
2934950936
2934913721
2934933099
2935030950
2934933224
2934935259
2934935121
2934914273
2938601808
2938634358
2938600665
2938764955
2938764948
2938613236
2938602346
2934847206
2934859821
2934859860
2934868913
2934851737
2934859843
2934688251
2934834205
2934634865
2934867995
2934859763
2934859774
2934630609
2934634973
2934634751
2938146439
2938207221
2938217565
2938207255
2938199424
2938207189
2938207059
2938207267
2938217655
2938197642
2938199523
2938207251
2938190922
2934248711
3063699605
3380720427
3156906783
2932008170
2922986451
3057696820
2935561686
2935112488
2935122321
2935122553
2935499602
2935470427
2934987258
2935544054
2935112533
2935470444
2935155419
2935524941
2935151268
2935055904
2935015912
2935563238
2935581610
2935581717
2935010637
2934995261
2935509903
2935480214
2935577803
2935509917
2935051633
2934953458
2935509900
2935523593
2935535223
2935494429
2935556171
2935499426
2935547571
2936900483
2935540085
2935061547
2935567287
2935109390
2935155371
2935557473
2935562553
2935155327
2935481691
2934952417
2935513495
2934970187
2935026838
2935537016
2935552050
2935026859
2935512893
2934999385
2935493298
2935035661
2935026878
2935552091
2935211928
2935211966
2935211996
2935553663
2935109355
2935546994
2935204301
2935211977
2935211940
3380967431
2935121581
2935515880
2935021985
2934954358
2935022214
2935562631
2935513537
2936899724
2935511469
2935528658
2935473449
2935473376
2934987938
0000838400048ED9
2935114451
2935551393
2935114806
2935508596
2935510571
2934968863
2935187839
2935187890
2935561339
2935187934
2935187933
2935187946
2935082679
2935187979
2935566434
2935535271
2935551034
2935026949
2935000245
2935561953
2935525039
2935508321
2935016216
2935547730
2935155507
2935557760
2936559921
2936559961
2936502379
2935005462
2936559906
2935016082
2934984851
2935481629
2936559982
2936502436
2934993394
2935118621
2935155286
2935581679
2935045075
2934954262
2935016866
2935484700
2935051462
2936445585
2935029699
2935548369
2935548356
2935525032
2935212784
2935499516
2935498598
2936890333
2935572000
2935476265
2935482178
2936502331
2935543461
2935538485
2935465628
2935031869
2936899664
2935035883
2935051195
2935046013
2934996075
2935045311
2935551964
2935484452
2935543350
2935524350
2934982301
2935014790
2935068875
2935494565
2936560256
2936560282
2935184657
2936556354
2936560310
2936560350
2936560250
2935087934
2935005455
2936560277
2935549183
2935512897
2935512959
2934952155
2935081587
2935134776
2935544218
2935544186
2935494459
2935541567
2935503382
2935481020
2936899687
2935085725
2935134737
2935521340
2935509862
2935221664
2934969697
2935572015
2935484538
3381766923
2935570052
2935535992
2935511395
2935058033
2935061450
2935494404
3403049931
2934998716
2935114516
3380956506
2935101071
2935070517
2935481704
2935057457
2935494949
2935070565
2935070714
2935070629
2935005679
2935070458
2935005348
2935547642
2935078373
2935547536
2935512905
2935481537
2935114373
2936560356
2935114402
2935114392
2935114762
2934948140
2935572036
2935212736
2935509824
2935501462
2934983873
2935581699
2935581747
2936538601
2935528635
2935011482
2935004932
2935092573
3382852377
2935121900
2934970231
2935087907
2935122071
2934953387
2935170769
2935170962
2935170731
2935099783
2935099772
2935475802
2935013572
2935007850
2935067914
2935013660
2935013867
2935007909
2935551268
2935531046
2935505420
2936556118
2935551153
2935505006
2935566625
2935551031
2935518056
2935086823
2935143305
2935070070
2935159986
2935160324
2935074690
2935119032
2935525529
2935561153
2935561050
2935090632
2935560911
2935517922
2935123862
2935541685
2935017909
2935491100
2935538574
2935492335
2935553590
2935496875
2935496709
2935546687
2935014681
2935034852
2935035085
2934984092
2935204225
3383145060
2935021956
2935499486
2935005036
2935502440
2935135812
2935203757
2935546348
2935169720
2935546259
2935557784
2935577954
2935578892
2934977312
2934354473
2934969719
2935121504
2938188962
2934918080
2935526495
2935493315
2935572560
2936900442
2935581783
2935058468
2935473320
2935531523
2935577847
2935481860
2935172776
2935581226
2935065291
3381039036
2936538615
2935470421
2936556273
2935481726
2936505112
2936505176
2935505368
2936505081
2935171489
2935505391
2936505026
2936504793
2934968847
2936481604
2936468261
2936468567
2936468265
2935499253
2935510735
2936465158
2935172744
2936899714
2936899719
2935514072
2935076549
2935481702
2935532488
2935484579
2935187624
2935172825
3064506621
2935016054
2935174370
2935174340
2935476804
2935115503
2935488903
2935491699
2935566760
2935578476
2935498357
2935569482
2922990194
2935075329
2935551369
2935509837
2935032305
2935581224
2934989301
2934354191
3057356460
3057830063
2931773625
3057919293
2934333439
2934562961
2934652472
2935081483
2935093411
2935435357
2934954339
2935231757
2938603592
2938629433
2938648191
2938648252
2938657798
2938756839
3383162093
2938838459
2938884994
2938885159
3063741765
3063763366
2934327867
2938628053
3057822590
3062693583
3057363913
3057927139
3057918615
3063710383
2934850101
2934558883
3057825514
3057288779
3057822507
2934829219
3057944154
3057921771
2934834313
2934470573
2934384854
3057696823
2934257408
2934241389
2929583082
3057899785
0000830600341219
3381288737
2938632894
2935093799
3057926157
2934829900
3380443655
3057707348
3057920613
3057894603
2934564029
3057354350
3057694349
3057825193
2938231534
2938182009
2938187982
2938764858
2938885152
2934683200
2934596890
2934644177
2934644357
2934644157
2939116916
2934633272
2934639192
2934644319
2939123471
2939123462
2934869553
2934681710
2934844144
2934869511
2934670791
3057945463
2934688308
2934874810
2934621098
2934641500
2934641352
2934875267
2934641440
2934641594
2934641514
2934641544
2934641508
2934641422
2939118043
2934875191
2934641668
2934481006
2934641577
2934849581
3057710104
2934482493
2934667116
2934958997
2934869290
2934869299
00008306002FDEBD
2934869270
2934869863
2934853941
2934674191
2934869295
2935484636
2934869251
2934869279
2934869268
2934869241
2934869244
2934415697
2938835655
2934644248
2934684668
2934644093
2934862153
2934644378
2934964329
2939094613
2935106732
2935111338
2935052276
3383150204
2935017659
2934924870
2935106808
3383152078
2935052160
2935111376
2934984039
2934911769
2935106925
2934895337
2934862138
2934687106
2934681968
2934867062
2934875179
2934641302
2934641618
2922987736
2935066080
2939131184
2935066224
2935054003
2939131179
2934869242
2934869235
2934869273
2934869249
2934863624
2939143362
2935005198
0000831700141703
2939145390
2939131312
2939116198
2939131230
2939131273
2939131234
2939131173
2939131288
2939131266
2939131271
2939131208
2939116187
2939116181
2939131178
2939097235
2939131227
2931811409
2934547488
2934846143
2934905651
2938190515
2934641584
2934906581
2939151532
2934931032
2939146152
2934250528
3383046019
2934959271
2939150863
2935001936
2939146159
2935066072
2935066138
3063758609
2935066390
2935065958
2934969607
2934969640
3151593870
2939145617
0000838400045390
2939145551
2939128939
2939145611
2939103708
2939148277
2939145570
2939148281
2939095029
2939128910
2939160407
2939160456
2939095051
2939118360
2939092871
2935079739
2939092987
2939095427
2934652146
2934608472
2939155568
2934846122
2934608458
2934938322
2939128922
2939128887
2934962748
2934966837
2934910565
2939094661
2935074027
2934903617
2934903633
2939092909
2935033399
3382931371
2939134248
2935079696
3057813237
2934866116
2934860600
2934860451
2934860567
2934655448
2934857697
2934633064
2934628497
2934667114
2934674328
2934968676
2934849787
2934624500
2934674319
2934644200
2934625696
2934674679
2934674655
2935052035
2939092970
2939094934
2934919692
2929461258
2934903341
2935238534
2939151544
2934930799
2934933302
2934940145
2939151485
2934992103
3381110134
2934931013
2934933322
2939160230
2934930751
2934930984
2934959300
2934930936
2934930943
2934959328
2934944377
2934982861
2939153201
2934982789
2935077734
2934927826
2934906407
2935088850
2935077650
3381637876
2935077725
2939098400
3435379533
3383158346
2935073578
2939102676
2934919428
2934919414
2935077784
2934900106
2939153306
2934321460
2929578710
2934650893
2934866075
2934849616
2934996234
2934866126
2939142658
2934957700
2939116308
2934652165
2935065834
2939142706
2939103941
2939142718
2935051913
2935100789
2935052230
2935071187
2934943610
2934943456
2934387770
3381951991
2935098471
2935080057
2934986489
2934896687
2935098418
2934943707
2935052122
2935086963
000083840003DB22
2935087018
2935087000
2935090806
2939161049
2939104053
2935090784
2939104129
2939104040
2934934365
2934918092
2935079994
2935090733
2935081448
2935090823
2934953333
2939103982
2939103989
2939104066
2934906560
2934892344
2938841929
2939096547
2939155094
2935068037
2934911180
2934961367
2934899600
2934899509
2935083618
2935068075
2934968274
2935100778
2934608650
3153837416
2934644719
2934644629
2934644952
2934858408
2934681266
2934668020
2934667959
2934668205
2934681262
2934658001
2935068038
2935068222
2934675178
2939130112
2934846355
2934659264
2939123497
2934846474
2934846507
2934836029
2934649307
2934984756
2939123522
2939123527
2939123502
2934669433
2934612755
2934964420
2934627472
2934632234
2934650497
2934632596
2939132802
2934928653
2934899456
2934892570
2935068062
2935051904
2934911168
2935045864
2935083508
3063210406
2934973721
2939100839
2934634118
2934973693
2934867385
2934993047
2934993145
2934602589
2935094474
2935041159
2934912047
2939143546
2934955764
3381649727
2935041208
2934911052
2939094824
2935094395
2934912163
2939155724
2939155783
2939155743
2939155759
2939095349
2939095417
2940239117
2939092770
2939092766
2939095359
2939092739
2939095426
2939092734
2939157099
2934953076
2939104273
2939104318
2939092742
2939092811
2934675124
2934949458
2934619243
2934968207
2934968382
2934968133
2939104029
2935062474
2939160850
2939160988
2939104288
2939132787
2939160952
2939104004
2939104065
2939104074
2939104058
2939104012
2939134560
2939104110
2939116870
2939123651
2939092471
2939126378
2934641599
2934874869
2934637879
2939126450
2934641734
2934874892
2934868333
2934689080
3381502801
2934640169
2934639915
2934675176
2934640109
2934634160
2934645386
2935100740
2934637934
2934637893
2934634182
2934675262
2939095428
2934640955
2934641089
2934640843
2934827766
2934641060
2934639947
2934689013
2934640366
2934640204
2934633872
2934540467
2934581321
2939126439
2934633831
2939092754
2939095376
2934687882
2934874544
2934874631
2934687935
2934874532
2934874503
2934874471
2934859700
2934874472
2934874496
2934870945
2934845817
2934640779
2934628349
2934871030
2934640939
2934641005
3381341181
2934641037
2934641009
3062814086
2934640911
2934640804
2939115144
2939095864
2939123702
2934869623
2934675211
2934640223
2934640139
2939122175
3382029539
2939120246
2939114730
2939097299
3380035915
2934643789
2939097318
2939097301
2939104249
2939104192
2939096566
2939134881
2935030348
2939157913
2935221585
2934957537
2939145364
2939146164
2939145411
2939145366
2934957778
2934904319
2934957876
2935076820
2934939789
2934937417
2939145371
3063351913
2939145378
2934952257
2939146147
2939150922
2934866028
2934865990
2934634389
2934634356
2934864701
2934675876
2934604223
2934922825
2934674143
2935020203
2939096584
2939134888
2939134835
2934240179
2934596721
2939134893
3056763555
3156259939
2934761818
3383118890
2934419838
2935102948
2934944123
2934983430
2935105612
2939155137
2934675709
2934675829
2934675725
2934983343
2939133046
2934983456
2935078883
2934983668
2939157949
2939157882
2934983341
2934983283
2935105045
2934675808
3380484790
2934675726
2934675736
2934674134
2938627698
2931870997
3057899306
2935020913
2934604386
2934604505
2934604578
2934604384
2934604353
2939137661
2934604545
2939095407
2939095414
2934604322
2934604344
2934604598
2934604641
2934604411
2935071935
2934958062
2939145436
2939095346
2939095368
2935071910
2934919289
2939155389
3381455526
2939157937
2939134867
2934894430
2939097269
2939097308
2934958406
2935101623
2935101603
2935048864
2935080948
2934905175
2935090340
2934963302
2935063472
2935101588
2934905310
2939100210
2939107644
2935045209
2935101739
2939098726
2934989425
2934989720
2934989508
2934989451
2934832032
2934831991
2934989731
2934860277
2934989537
2939114750
2934655571
2940239208
2939096301
3383161995
2934989649
2934852151
2939097304
2939097288
2934982722
2939097298
2934853200
2934847142
00008384000402F6
2934947818
2934941808
2934640333
2939130792
2939129458
2934941694
2935068078
2934941832
2934989598
2934860547
2934912458
2934641819
2934852354
2934354092
2934672696
2935088209
2934948023
3057694606
2934581203
2934942025
2935098277
2934984843
2935098317
2934948005
2934868265
2934658741
2934643975
2934680307
2934658724
2939096381
2935017649
2935017797
2935017737
2934957937
2934957960
2934958100
2935003003
2939148262
2934938467
2934938357
2939148308
2934938283
2935002730
2934958279
2939151709
2934899492
2939158816
2935079897
2935100930
2934956100
2939122634
2935017931
2939096336
2939096333
2939096405
2935017989
2935018155
2939092736
2939095289
2939118425
2934850153
2934658521
2934680236
2934625413
2934850139
2934604222
2934868325
2934868172
2934672212
2934868298
2934849806
2934818785
3057699947
2934508564
2922986734
2929577758
2938231456
2934840782
2939096352
2939096417
2939096412
2939157602
2939096400
2934854092
2934674102
2934874928
2934861116
2939097238
2934641512
2934992183
2934868321
2934674073
2934664911
2934661183
2934992151
2939093694
2934874976
2934874933
2934674154
2934679369
2934874921
2931793758
2934874987
2934672954
2934961472
3057696993
2935013786
2934874909
2939122120
2939097296
2939097315
2934640076
3159089948
2934660869
2934672874
2939122094
2934628561
2934628895
2934643642
2934628504
2934643572
2934672865
2934642794
2934682753
2934961430
2939118224
2934919380
2939093264
2939093228
2939093186
2939093220
2939093192
2939093182
2939093247
2939123721
2939118243
2934964348
2939093213
2939093223
2939134276
2939097247
2939097264
2939097242
2939097274
2939093639
2934602387
2934672337
2934869517
2939115048
2939115079
2934654417
2939143476
2939140855
2939095351
2939143534
2939140879
2939093184
2939140874
2939140872
2939118463
2939143548
2939143543
2939143555
2939140925
2939143529
2939092823
2939118470
2939095271
2939134262
2939092819
2939115029
2934858094
2934947701
2934956052
2938203516
2939148253
2939153131
2939131808
2934991938
2939153170
2934608437
2934971091
2934958148
2939125744
2935074322
2934944455
2934944446
2934944478
2939143512
2934973166
2934688065
2934973047
2934861830
2934861896
2934892197
2934687966
2934861873
2939116134
2934972974
2934973070
2939114755
2934621172
2939114961
2939128886
2934655992
2939115036
2934656047
2939114960
2934639956
2934656073
2934858187
2934620941
2934672177
2934659706
2939114688
2934874511
2934870964
2934862328
2934656192
2939115131
2939119279
2939119215
2939097285
2939097286
2934991768
2934636926
2939156056
2934658329
2934669535
2934605636
2934378979
2939131739
2934869884
2934618718
2934832599
2934869865
2934836998
2939134825
2939134897
2939134860
2939134885
3062779190
2934853956
2934853988
2934849737
2934853888
2938222867
2938192143
2938199373
2934849723
2934853873
2934958896
2934869875
2934958688
2934608277
2934866529
2934690357
2934834096
2934635613
2936951433
2934637922
2934873762
2934873757
2934628781
2934628554
2934647706
2939098631
2932222744
3062443907
2934894272
2939098985
2939098585
2939098666
3382758518
2939098647
2939097067
2939156165
2939098966
3057921626
2934617474
2939124879
2934639137
2934617522
3155358082
2939123346
2939123711
2939123358
2939123359
2939123723
2934847249
2935080163
2939133018
2939134278
2934983442
2934922946
2939127968
2935086961
2939127907
2939157327
2935078139
2934873769
2939098659
2939098636
2939098642
2939098496
2934868089
2934894337
2939098607
2939098624
2939130467
2934670877
2934621283
2934621455
2934621384
2934621126
2934621313
2934628416
2934836400
2934634290
2934621403
2934840090
2934667505
2934615957
3381621705
2934616012
2934670804
2934680564
2934621167
2934616052
2934621351
2939123699
2934652387
2939123382
2939123330
2939123406
2934675222
2939116461
2934657986
2939131105
2939131159
2939131147
2934745986
2934979935
2934672281
2939131122
2939131207
2939131171
2938600839
2934953764
2934954036
2939154247
2939100337
2934906488
2935078138
2934953808
2934953729
2935064231
2934922027
2934922049
2934953879
2935066378
2934953908
2939135473
2934906523
2939100234
2934906396
2939095342
2939157450
2939157443
2939153195
2935078054
2934906540
2935078007
2939153267
2934650460
2934650185
2935012410
2934650397
2934650305
2938199492
2934397782
2939116732
2934966514
3383185072
2939119736
2934874383
2934874622
2935066407
2935066089
2934992276
2934650494
2934650456
2934619184
2934650148
2934644017
2934641556
2934668230
2934643958
2934641551
2935054008
2934953736
2935054021
2935066828
2934961398
2939134216
2938204246
2938211767
2938210301
2938209994
2938199615
2932232787
2934953073
2939157362
2939154295
2939155365
2935095027
2939134975
2939151551
2934953265
2934968310
2934968352
2934968380
2934968178
2934957871
2939160053
2934953248
2935032506
2934953025
2938204136
2934953313
2938185178
2939157350
2935076673
2935079993
2935080007
2934906385
2939095411
2939133006
2939127918
2935078030
00008384000475A4
2934960430
2934950114
2939140995
2935079984
2934892766
2935079883
2939123194
00008306003005E5
2935088948
2939103925
2939097257
2939097256
2934670793
2934684121
2939101288
2934971336
2934861206
2939104013
2935079849
2939104272
2934643544
2934643668
2934872593
2934863465
2939097239
2939097280
2939097275
2939097292
2934614772
2938245863
2938220826
2938219628
000083060033A2C7
2934673233
2934961640
2934690295
2934659617
2934668261
2939131444
2934970439
2939093346
2934672841
2934666539
2934672561
2939093322
2939123735
2934663787
3062187115
2938220858
2934664516
2934661139
2934664401
2934664661
2939151617
2934661834
2934664769
2934664931
2934661738
2934664963
2935078198
2939140913
2939145404
2934953124
2934664568
2934968406
2934323670
2938199518
2934664406
2934674872
2934664896
2934664910
2934953264
2939160996
2939160947
2934953316
2934950852
2934949759
2939145423
2934953104
2939161006
2939160943
2934966468
2934966279
2934874980
2934966372
2934966516
2939160980
2939160994
2939116161
2939116217
2939116167
2939160997
2939160955
2934966498
2934679627
2934966402
2934971311
2934966327
2934966450
2934682978
2934966594
2934874950
2934874962
2934681696
2939119558
2934681645
2934681697
2934681650
2934681669
2934681633
2934681686
2934681690
2938186568
2929584796
3057363180
3057694274
2932200809
3057829943
2934919688
2935017304
2935040928
2935090262
2934943489
2935011233
2940239009
2934869318
2934869236
2934686517
2934605484
2934664780
2939123007
2939151826
2934664924
2934664779
2934608203
2939123019
2934869306
2934869261
2934869283
2934869275
2934869319
2934869307
2934635330
2934607998
2934681677
2934681705
2934945849
2934945678
2935102349
2934919396
2935101591
2934919228
2934945688
2934945721
2934945656
2938144131
2938198013
2938190369
2938221750
2938245643
2934480443
3152185282
2934608532
2934869098
2939116157
2939116205
2934608394
2938633034
2934971120
2934681652
2939116202
2934945774
2934945723
2934945710
2934679652
2934971043
2934971327
2934966564
2939122085
2938199009
3057709223
2934681638
2934667577
2934681685
2934681679
2934681698
2934679649
2934971048
2934681621
2934681667
2931890529
2939133102
2939092829
2939160449
2939145548
2939145541
2939145620
2939152009
2939128927
2939145593
2939145545
3063774890
2939160425
2935023424
3057833079
2934940666
2935097714
2939098860
2934936399
3382605669
2935062696
2935032030
2935062922
3057806289
2935062776
3381165853
2935063040
2935062759
2934912655
2934903463
3382002400
2934939985
2935062681
2934967378
2935062852
2935046139
2935062840
2934915447
2935062964
2935063171
2934969796
2934944488
2934959182
2934959406
00008317001229E6
2934944466
2934944519
2934959233
2934944476
2934926077
2935035029
2934966266
2934960574
2934962672
2934960417
2934944485
2939108796
2934947396
2934959433
2939108797
2939108787
2939106394
2939108671
2934959358
2934944414
2934948296
2939161013
2934953072
2939096907
2939152914
2939157174
2934960438
2934960390
2939103894
3063642961
2939133245
2934960321
2935044585
3381526021
2934962694
2935046167
2939094553
2938146713
2939157381
2939103949
2939160993
2939103901
2939103976
2939104134
2939160096
2939132836
3381687714
2939116143
2934617582
2939093641
2939097283
2934665373
2939114653
2934665065
2934678408
2934670934
2934678351
2934674002
2934862439
2934645481
2934658441
2934678362
2934678471
2934928370
2939094551
2934844744
2934625573
2934625534
2934849947
3156184149
2934844710
2934960479
2934959875
2934673977
2934961381
2939098563
3381644444
2935101636
2939156203
2934977966
2934956232
2934904460
3057711361
2939157846
2934917655
2934915116
2939155164
2935074315
2934915120
2939103917
2939134690
2935101604
2939094976
2934658356
2934659228
2938222385
2938143945
2934658986
2939114740
3403040181
2934640851
2934640817
2934640834
2939155714
2934641073
2934640786
2934640899
2934674086
2934674152
2935056109
2934675711
3057947581
2934656653
2939116428
2934628304
2934874952
2934964610
2938245835
2938184128
2938245404
2934863519
2934945792
2934624183
2934619741
3062691269
2935003191
000083060033F45D
2939124716
2934665161
2934964628
2934619421
2934963918
2934958955
2934681749
2939124732
2939097271
3152359529
2934665240
2939123714
2934665191
2934665287
2934665141
2934665253
3382741178
2939108305
2934681754
2934666479
2934674034
2934666459
2934875767
2934666513
2934666502
2934666454
2934928453
2934666489
2934619777
2939093701
2934665209
2939124661
2934665351
2934681762
2939093703
2938191750
2939127928
2939096748
2938245226
2934663651
2934665301
2934851323
2939098516
2939099662
2934962822
2939099698
2939096571
2939156212
2935063632
2935101644
2935094667
2939099681
3039984075
2935101731
2938245382
2938215156
3057710087
2935095898
2934851181
2934851368
2922986277
2934666580
2939116725
2934850515
2939116278
2939131190
2934851106
2939131186
2934875833
2934858481
2934868099
2934608061
2934836128
2934619398
2934682520
2934858629
2934858539
2934667330
2934679832
2939100828
2934650627
3152301491
2934657589
2932200798
2934656605
2934858592
2934875686
2934665868
2934875255
2934862021
2934861462
2934862030
2934875198
2934861489
2930277411
2938216469
2935026864
3379981807
2934875262
2934875250
2934875266
2934943634
3159137594
2934943602
2934659348
2939132840
3383130788
2934943497
2934915715
2934986469
2934943461
2934418319
2922989929
2935081258
2934943704
2939132929
2939100203
2939099922
2939099886
2939100267
2939099847
2939100221
2939099852
2934936396
2939104163
2934936271
2939096544
2939102688
2939134878
2939096470
2939134907
2939134859
2939157159
2939134842
2934647365
2934618086
2934633073
2934866996
2934868003
2934971918
2934868040
2931780470
2934647493
2934647188
2934868162
2934647395
3063503485
2934836551
2934625639
2934647291
2934938453
2939148269
2939094981
2935109309
2939119351
2939134895
2934925949
2934885962
2939156243
2939134883
2939095004
2939148265
2939157168
2939096472
2934663901
2939116861
2934663836
3057821971
2939131216
2939131223
2935093171
2939131231
2939128899
2934869571
2935077526
2939151676
2939153150
2939148289
2939160432
2934494914
2932221849
2932223146
2934253250
2932226666
2931965454
2931986020
2931782776
2931783882
2931808143
2931973919
2931847057
2935082283
2934531461
2931996162
2934646540
2934646158
2934646120
2934646520
2934634599
2934634446
2934856072
2934680490
2934986392
2934666905
2934658366
2934646193
2934646129
2934646498
2934646464
2934634565
2934872876
2934977460
2939131141
2939131225
2935054016
2939148313
2939148248
2939152008
2939153178
2939131243
2939131224
2939131260
2938216594
2934646154
2939153159
2934851271
2934836012
2939131183
2939116444
2939135880
2939115105
2939155774
2934679315
2934660474
2940239167
2939131195
2939115104
2939115209
2939131305
2934943570
2934904257
2935081188
2934943442
2935081208
2934338453
2934369945
2939118382
2939095335
2939143483
2939092817
2939092862
2939092820
2934918116
2939104018
2939118438
2939118455
2939157910
2939098503
2939099728
2939127952
3381123730
2934962263
2935101632
2939096841
2939096767
2934898282
2939099716
2939157898
2934922982
2939102772
2935063397
2939157934
2939157953
2939118140
2939132797
2939134445
2935047999
2939157458
2939132792
2939134410
2935047734
2934841961
2935100340
2934903656
2935074420
2939095391
2935090278
2934905729
2935074363
2935100725
2934905753
2939095296
2939092872
2934868233
2934868303
2934850215
2934850106
2934992323
2934868194
2934868339
2934666818
2934644137
2934868329
2934673912
2934868195
2934967032
2934868253
2934868250
2934680496
2934860438
2934860495
2934875019
2934875026
2934866102
2934674047
2934860543
3155860067
2934860591
2934651839
2934875705
2934680592
3402726546
0000830600251964
2934661907
2934875693
2934875051
2934641294
2934875014
2934875079
2934875062
2934674049
2934674018
2934674111
2934874964
2934875031
2934662706
2934628235
2934875082
2934875070
3057926947
2934363342
2934380778
3379579396
2934874820
2934849801
2934868316
2934868277
2939131439
2934961617
2934872005
2934656334
2934875539
2934976455
2934850500
2934656370
2934874520
2934769305
2934874705
2935010084
2934639950
2934681045
2934860444
2934665145
2934872656
2934869661
2934641777
2939115189
2939115056
2935105120
2934860906
2939123562
2934853143
2934649316
2939115063
2939116774
2939115134
2939115100
2939116768
2939115198
2934873853
2934649195
2939123557
2939124891
2934617440
2939124914
2939123559
2939123574
2939123586
2939124884
2934678580
2929480444
2935047968
2939130785
2939130809
2939130797
2939130763
2939130828
2935089026
2939130793
2934925839
2939130821
2939130781
2939134460
3152868925
2939130780
3151145660
2934860874
2939123514
3063738935
2931979481
2939124890
2939124921
2939124872
2934255154
2939124843
2939130928
2939129222
2939130887
3155370731
2939130775
2934634509
2934862408
2934677236
000083840003AA79
2934634347
2939131110
2934664669
2934674046
2934613579
3062816199
3063771223
3057708029
3057831033
2939092205
2934664518
2934982147
2934669004
2934632818
2934632745
2934673906
2939095065
2939095050
2935100404
2939095022
2939095010
3403177037
2939095017
2939095053
2939095055
2939108640
2939131098
2939092198
2939092263
2939092262
2939145560
3062221250
2934973467
2939143497
2934912417
2934919004
2934912207
2934979294
2939096403
2939096410
2939096398
2935184723
2935097687
00008306002EBADC
2939143520
2935092007
3057694029
2935090620
2939096340
2935063380
2939096355
2939152926
3062802878
3057691731
3063675278
2934354733
2931984392
2934627972
3057693011
3063798781
0000830600335572
2931976439
2935680927
2934837048
2935667958
3379689472
3057941924
2934483947
2938233690
3057824448
3062692302
2938756871
3057899592
2934313691
3056762562
2932222826
3062818574
2938193376
2938193708
2938193304
2931986483
2938190715
2938181604
2938185997
2938235356
3381589617
2934512159
2934262598
2934387148
3152366420
2934382869
3057693727
2938835667
2934565117
3062692936
3063693578
3063774911
3063639112
00008306002EBFC2
3063765966
3063678681
3063553923
3063716291
3382938360
3063687858
3156213977
3065195947
3381288563
3063742117
3063676232
3063711232
3063800293
3063940041
3063764912
2938885099
0000830600345F6C
2934672731
3063761737
000083840002ADB0
2929578378
2935630443
2929490113
2931993649
3057709318
2934915208
3057696737
3379764628
3153095809
2934492125
2931784760
0000830600338053
3062801517
3039988259
3057810473
2934659567
2934699248
2934665254
2934655791
2934589843
3382281909
3379626902
2934652096
2934564584
2934642582
3063335929
3063655230
3063341501
3063341901
3063656774
3063985633
2938656201
2938613063
2938632921
2938613061
2939155781
2938634258
3057946152
2938633085
2934259265
3057820892
2929579715
3057831558
2931993658
3057687982
3153112537
2934581424
2929580381
3062692110
2934849516
2931836907
00008306002F0B6B
2934993844
3062252346
3382920424
3057674029
3057834252
2938843080
3057925903
3062820890
3057894826
3063655256
2934315137
2929467055
2934701562
2934822036
3152398892
2931995499
2934820969
2922989238
2934596525
2935060069
3063695517
3062693913
3057895723
3153122280
3062815427
2938626220
3057698289
2929478234
3057925348
3057830156
2934826805
3063773015
3063714540
000083840004375B
3063745414
2934691417
2934344740
00008306002FFEBF
0000838400040328
3156815262
3057809770
3057926953
3062209981
3057894492
2934672532
3153108025
3057918419
3380676033
0000832B00275B1E
2934693167
3381788558
3063299757
3057835170
2929578148
3057696885
2934314055
2934505965
3379967823
3156512959
3057812555
3063534092
3063356018
2934393022
3057921825
3062693910
3152300180
2931988857
2931795232
3057693399
3062788529
2934511435
3062802966
3382166530
2934639737
3156378522
2931993156
2934845308
2935113550
2934322399
2931804719
3381684431
2934498961
3062777413
2934315193
2931978726
3057710288
2934512256
3057942415
3057922091
3057695377
2934406866
3057809548
3057925737
3057708338
3057813812
3057834134
3057830446
3057832411
3062800649
3062803440
3062794818
3062779279
3153109309
3062803799
3062777509
3062801412
3039988078
3152215804
3062216259
3062216395
3062187904
3062216324
3152234083
3062813177
3062779070
2934511397
2934598819
2934584816
2934561726
2934469791
2934824151
2934383607
2934337684
2934824539
2931776803
2931771548
2931808120
2931771690
2934595857
2934651891
2935758480
2935757766
2935667772
2935137273
2934521263
2934499059
2935082313
2934553470
3063658445
3063697553
3063772413
3063698163
3063773926
3063772279
3063773238
3063447739
3058542445
3063709451
3063764302
3063684933
3063768109
3063737697
3063942360
3152797605
00008306002EBAC7
3062249793
3058543394
3063356119
2934818339
2938192552
2934884105
2934943475
2934912415
2934911674
3381738801
2934914421
2934939804
2934933612
2938612336
2938833428
2929487276
2929468021
2929582226
2929489907
3156378603
2931978011
3057899097
2938628921
3057676658
3062801371
3062808418
3058319179
3057695739
2934827724
2931773859
2935131293
2934686022
2935102257
3063532381
3063728866
3063710577
2934599117
3063727025
2934636500
2929463078
2936995099
00008306002EBBC7
3057943356
2929499191
3063983329
2934471794
3063326083
00008306003464B4
2932002640
3063650180
00008306003457EB
3382097898
3057820793
3057825926
2935131486
3381540931
2934600964
2938837597
3382063310
3057707854
2934825652
3062788648
2934531740
2938638226
3062692520
3381755944
3056768477
3057819627
2936976315
2938603113
2938833415
3379698217
3062800868
3057693574
3057825965
2934821124
3057694326
3062795876
3152223785
3057825652
2934554531
2934492019
2931786141
3057693454
3057898694
3057826071
2934538921
3062793946
3062812867
3057920623
3057697396
3380719005
3156619245
3063694964
2934562926
2934868294
3153108601
3156814905
3063737174
0000838400060432
3063655191
3057813035
3057947103
2934513588
2931858025
2929948962
2929580504
3057820562
3381577376
2929456002
3057357035
3057707510
2934828419
3056766921
0000830600335AFB
2934843597
2931837403
2936996383
3062803850
00008306003414FF
2929499309
3057898721
3063674328
2931801918
3057362907
2934518604
3062685195
2934371830
3063772448
3063740322
3063344395
2938842198
2938806779
2931950636
2932234268
2929487906
2934399115
2934605856
2934821435
3057693277
2934977125
2936973856
2929493362
2938627674
00008306002FD8AB
2932187828
00008306003373E6
2932000745
3057825642
00008306003011E8
3063346619
2934482213
3057708002
2938606235
00008306003352D1
3153600602
2929484278
3057832172
2934914398
3062681201
2922988772
3063806764
3062681324
2931776242
3056730611
2931846772
3062253894
3057694475
2934849619
3062789613
3057710259
2922976854
3057942750
2938649971
2931782212
2934318014
3057826612
2934851410
2934614319
2931767170
2934828205
3382886515
2922995517
0000830600300ECD
2929584072
2934827166
3382920365
2929454096
2935128229
2929478959
2934586813
0000830600341C89
2934398598
2929465617
2934860696
0000830600301906
3152307751
0000830600341860
3152298060
2935705203
2934519613
2935093329
2934482000
2934257407
3379596006
3381480072
3057815478
2934488132
2931840134
3057947961
2934315686
3056763941
3057898948
2934402721
3063741184
2929580046
2934562868
3156564094
3056727583
3057826334
2931885044
000083060033502E
3056765072
3062795759
2935728092
2929470962
3062816548
3062691115
2931997453
3063450647
2938656761
2934687566
2935122676
3156516062
3063805192
2935066279
2935066216
2934922358
3063297701
3057819381
3057820408
2935100309
3063205603
3380961578
2934594703
2939119789
3063666963
2938633114
2929585313
3057813504
2932006424
3057813143
3057920199
2935627772
3057924234
3153044372
2934864281
2929472865
3057707951
3057695353
3382930466
2934845830
2934485088
000083060034171A
2934652533
2934561529
2935093622
2934357405
2935127921
3383136110
3380671882
2934515236
2934407437
2935092704
3156264218
3063768898
2934840125
2931777469
2935459635
3062655990
3056768304
3062692663
3057711467
2934973629
2939100846
3057829944
2929578201
2934681885
2932213865
3063349133
2931790130
2922998268
2934831241
3058566384
3381699661
0000832B002C3E55
3156259178
2934641840
3061991881
2934824820
3063676433
2935183555
2934931080
3057707921
3062787282
3057943251
2923001111
3156697416
2929957902
3057820507
3057694125
3062694176
2932226679
2934561744
2936962281
2935066002
2939150875
2934582026
2935151139
2932193331
0000832B002BCE85
2929493616
3057694586
3056760733
3057899509
3380831782
2934381188
2931776423
3381377639
2929578796
3057697080
2936944216
2934512625
2938707048
2932001242
3062779487
3152225327
2938611131
2939115060
2939119808
2932209425
2934345197
2934855394
3058566672
2934843344
3057942383
2934559197
3063179008
2935180814
2934581699
3063898517
2929492921
3057675264
3057819954
2934520166
2934582724
2935181134
2934383753
3062676609
2934496603
2934508142
2934485214
2934402708
2934414054
2934823724
2934827350
2934822725
2934558478
2934404125
2934500325
2934473581
2934313679
2934841893
2934475393
2934469757
2934599955
2934322498
2934851707
2934823747
2934342700
2934323519
2929461060
000083170015E860
000083170014BE4F
2934371737
2935704755
2934549997
2931846992
3153095833
3063334987
0000830600343841
3062796417
3057899844
2936996174
2937007117
2931986040
3057920267
3062814868
2934822142
3057693042
2934249434
2934358721
2929461967
3057943624
2934822205
3152231599
3063790992
2938629424
3057695266
3156557445
3057820594
3057944529
3063337253
3154979465
2934311328
3056763939
2934488437
2934482571
3063714861
3156624588
3063742109
2929487855
2922995962
2932188750
3153379878
2929580821
3057678367
2934319005
2934598096
2934381123
3380733115
2929939016
3063709994
2938611553
2934973567
2929479095
2934562230
2934580613
2934251562
2935266974
3057695335
3057922797
3063689583
3063190438
3063714697
2938756818
2931835333
2934480459
3063643486
3063714873
3063728717
3156514476
2931976988
2934509711
2938806409
2934508087
3063295574
3062692693
3057825614
3058568739
2934847911
2923002626
2934631445
3063708011
2934322609
3057922230
2934532603
2932000229
2931933253
0000830600338788
3062371502
3058542590
3062692580
3057919618
3062821462
3156378086
3057899656
3057833931
2934509670
2935660903
2934317109
3155046213
2935093806
3058563406
2934379919
2931993445
2938612939
3057693104
2934387843
2934820784
2934582714
3062816885
3063195331
2934565347
3056727505
3057706640
3156361721
3153388297
3062802230
3057821209
3057677190
2934823284
3057893002
3156261391
3057811742
2931790083
2931996246
3062692102
2932190982
2938638573
3155292772
3057809940
3061991554
00008306002FD6FA
2932196110
2929488143
3057921281
2931839172
2934251959
2931782971
3379764898
3057694232
2934613540
3057924219
3153100507
2929465790
0000832B0026E5FA
0000830600334F11
3057693000
2934561957
3063714177
2934519924
3057696940
2938235376
3156558299
3153080917
3153096004
3057815453
3057900475
3156623855
3057695707
3155907481
3057709622
3153105308
3039983718
3039984375
3379683124
3039988020
3156557118
2934833394
2934381120
2934337977
2934854345
2934837291
2934819754
2934483255
2934829749
2934372900
2934512235
2934325050
2934379539
2934577946
2934370186
3156565437
2934581428
2934850914
2934499704
2934829143
2935012439
2934948209
2936556087
2934249247
2931933206
2931931942
2935184293
3403176945
2935184666
000083060030059A
2938627676
2938655905
2938625535
2934884039
2934933855
2934902890
2935064868
2934955151
2934885674
2922980237
2929494865
3156549780
3057941745
2938603190
2934820114
3056765143
3155517651
2934701892
3152405048
3062701385
3057288794
2938627681
2934831004
3062817641
3063461616
3063639908
3063342424
2938845159
3057830784
3382912835
2934252730
3057360466
3057917335
3062694158
2934313631
2934381268
2935668608
3062681880
3156376758
2934262179
3057708031
2934820115
3063742807
2934917423
3152225278
2934236733
3057827044
2934531999
2934681658
2938633118
2922988836
2934554419
3063927061
2932220622
3057809569
2923002775
2922994546
2939121687
3379622723
3057696957
3057695054
3057697329
3057898476
3057822018
3057820977
3153129307
3382160326
3057823322
00008306002EC1B2
3039987918
3039987537
3153121227
3039988635
3062786706
3062820218
3058319272
3062341078
2934473425
2934577542
2934581395
2934404178
2934841070
2934838092
2934839772
2934565114
2934829476
2934827556
2935172732
2935532213
2935555859
2931997443
2931979994
2931968610
2931994926
2931994285
2935456012
2932000829
2934693178
2934693174
2934643775
2938183749
2938183789
2938199496
2938842996
2934958035
2922986530
2929485319
2934651386
3057695497
3063343332
000083060030181A
2931942356
3062692297
2932192046
2937007137
2935115426
3152220024
3062787894
2938821059
2935137896
3063723242
2934313755
2931793307
2934893934
3063709358
3152219032
2934653027
3057356467
2935115031
2931792658
2934320139
3156515098
3062805024
3063742421
2922989012
3062822338
3057709033
2934262582
2938628997
2929471012
2934577610
2938628977
3063738665
2930274371
2939130424
3062340724
2934634519
2935052915
3063337003
3155749682
2931800237
3057918978
2932215634
3057832201
0000832B0026E661
2922978136
2934315541
2922994954
2934314548
2934483228
2935223327
3057693391
3063451751
2939160237
3063451676
3062210690
3063449887
2934559839
2934482002
2934828100
2929485486
3057820844
3057811213
3057287396
3063449647
2929479166
2934479405
3057809225
3063642232
2935669087
2932205585
2934829486
3057899918
2929389630
2931767523
2934783156
2935217748
2935581786
2934602460
2934245541
3063658956
3063459171
3063743446
2934577620
2929580613
3057696531
3057947119
3062819016
00008306003330B3
2934540870
3058565305
2922991152
3062681767
3062691103
3057923585
2934504048
2934842016
2922980600
3058566998
2932003372
3156503658
3063328519
2934939836
2931998894
2935170680
3058569579
2922987179
2934690776
3056767906
3057899900
2931780464
3063900416
0000832B00272380
2929584241
2938606159
3062803156
3063742156
2934595983
2934680956
3379643260
2934826532
2938613336
2934552701
2934588935
3062691067
3063744238
2929582251
2934824753
3062694672
3058542049
3057825187
3063748511
3062691002
3057691222
2929497620
2934248057
3063713736
3057696406
3062691999
2934342883
2934831465
2935548334
2929583916
2934253267
2931783958
2938190583
3152324153
2931800170
2935155473
2935066320
3380700246
2934849104
3151926871
2922997388
2934418818
3057825387
3063711900
3039985360
2939115215
3058565192
2934327927
2922989342
2934851654
3381225970
3057811049
2934248295
2934641090
2935113498
2935093664
2934320953
3062682605
00008306002FD81A
2931840805
2934839602
3057920644
3382599768
3063357191
3057944401
2935164510
2935007878
2935112904
3063798373
2934484812
2939111356
2922990440
2934968827
3057697041
2935113060
2934847838
2935066464
2922996529
3057693513
3057944167
2934822934
2934363742
2934820208
2934410136
2929946474
2934562572
2934562540
2934559039
2934559019
2934352872
2934586699
2934535610
2934840347
2934834849
2934598046
2934837317
2934821979
2934835722
2934484109
2934829521
2934834840
2934320441
2934315095
2934827060
2934323958
2934342781
2931964787
3057707747
2934481145
2934839264
3156631698
2934519925
2934245741
3056765379
3152397878
3057811045
000083840003EEC5
2934236742
2931790841
2934550277
2935102391
3063743252
3057698239
3057922988
3057899560
3057698162
3152241702
3057923049
3057942362
3152318520
3152321040
3156254165
3057942163
3152188551
3057944403
3381801392
3057899399
3057708042
3057829777
3057899783
3152374328
3057710671
3152367480
3057827190
3057825484
3153487159
3057823592
3156213923
3057826070
3057825406
3056728100
3156515684
3057899164
3156461443
3152404388
3152399055
3057923715
2938236833
2935667537
2938637191
2934820741
2935046780
2931847303
2935516599
2938769436
2931834253
2935104875
3057820856
3057809695
2934649286
3057898699
3039988388
3063187715
3057834772
3057923115
3057824524
3152309711
000083060033F81F
3062692512
3057824427
3063710092
3156254315
3057923651
3057708256
3152325200
3057899402
3057831061
3380484675
3056729317
3056760854
0000830600340EA1
3380717624
3380968636
3155347716
3156351545
3057830094
3156048913
3153116146
3057831591
3057832039
3156260562
3057922774
3057822119
3152297541
3153117122
3056730167
2931981995
2935185118
3057711538
00008306003336B0
3063815817
2929578639
00008306002F1285
2938821352
2934369897
3057712146
3057946329
3063738779
2931981795
3063687473
3382947966
3062805026
2934827124
2939155754
2934344368
3057710389
2934839092
3057946680
3057830332
2935660784
2934555576
3152296984
3057925329
3057925204
3057927227
3057696517
3057921040
3152364344
3057693260
3057812817
3152359678
3057710488
3156046015
3057710122
3057811686
3057815122
3057708272
3057696564
3057698319
3057697624
3057926493
3056763283
3057699393
3057676699
3057809354
3152221230
3057826381
3057830277
3380487320
3057698066
3057699283
3381757602
3057919721
3057835041
3153092168
2934823522
2931966288
2929977350
3063772334
2929491206
3057921565
3057696638
00008306002F12AE
2929583219
2934381236
2934323671
3063742911
3057826239
2934383511
2938641470
2934636748
2935546338
3057694336
2935546257
2935546062
2938853216
2938658158
3057941839
3063715781
2935093323
2934844334
2931953178
3156025678
3156522674
2934539963
3152215965
3057922389
0000830600338D9A
2934404490
3153109701
3156905917
2935759242
3057943542
3062817324
3063756361
3057894269
3379770961
3057831813
3057692641
3057697846
3381700225
3057925410
3152303284
3057694081
3057921079
3153109665
00008306002F0B08
3057830127
3057708381
3152220891
000083060033E812
3057809484
3062820002
3381488721
3062791229
3062681643
3062792677
3062801891
3381038972
3062821358
3057677035
3057674547
3156461063
3152243712
3156247603
3055803821
000083060033D99B
2935435110
2934597501
3062821552
3383052731
2935546123
3056762707
2934563086
3063702606
3063765973
2934397399
3057695986
3063983511
3152231115
2938612618
2934235901
3379767416
2934478643
2931783774
2929578789
2934481923
2929494984
2934829224
3063741132
2934821940
2935761891
3152361035
3057899457
00008306002FF7DA
3058568097
3153108991
3152878895
3062341451
3062823403
3062776501
3062823230
3062445252
3062796748
3062787103
3156894624
3057677468
3062804366
3058565547
3039985791
3062817750
3057674370
3152399509
3062794870
3058565692
3062796683
3152398813
3057831269
3056730725
3381579918
3062793041
3153547863
2936977122
2929479635
2929583553
2934696688
2931857360
2929389864
2934394458
2929472108
2934832600
3063191194
3057694424
2935018860
2934565248
3057922404
3057706873
2934512242
2934310644
3153520376
2934836197
3063169777
2929581598
3063708845
2934559257
3057811160
2929494490
2929494657
3057811317
2929462793
2929497638
2929482756
2929466848
2929494823
2929493337
2929499178
2929496876
2924092341
2929495690
2929580610
2929583729
2929463266
2929494143
2929584814
2929454487
2929584047
2929584117
2929581925
2929490428
2929487997
2929456925
3057898496
2931889831
2929482799
2931994986
2932207249
2934652678
2934874796
2934657469
3057942764
2923001376
3057811305
2934821530
2939130442
2922988602
2922991023
3156259421
2922983132
2922998531
2929473219
2929585085
2922991616
2922996238
2922987669
2929478729
2929475402
2922989534
2922975903
2929479675
2929478691
2929487332
2929495955
2929495863
2929583133
2929468036
2929496512
2929467807
2938884999
2935011550
2935010989
2938601772
2938884804
2938612493
2929975871
3063728559
2934826998
2934581455
3063206252
2937007151
2935185068
2934324705
3153095452
2934561937
2931888443
2934828472
0000830600334DA6
2934849307
2934315701
2934762996
2934672555
2935729751
3039988057
2934828725
2934889631
2934837528
2929463272
3150274018
2934576322
2934840831
2934602201
2934688872
2938852926
2934322531
3057677703
2931832863
3062679743
2934842058
2931800412
2934907016
3057827025
2937007113
3156193303
2934826651
3057824098
2922988608
3057694847
3057819839
2932217592
3057361901
2934401899
2935435213
3057825697
2934404352
2934392253
3063642300
2929942363
3057900677
3057924546
2931800975
2934822069
2922997285
2934573757
2939124673
3382830744
3152212993
2934249634
3057926488
3061957426
3057896712
3061955726
2929476043
00008384000007B1
3063194444
2935128474
2934390090
2931956942
2929487128
2922986211
2935455554
3383082895
3056761606
2931785561
2939115174
3057695863
2934388012
2934586631
2931767350
2929489966
3057693663
3063534847
00008306002F188D
2938616089
2934624481
3057674293
2932224762
2931799685
2934564969
2934762944
3381036242
2929477890
2934378809
2931962754
3057699063
2934529441
3057812886
2934481494
0000830600300F73
2935092634
3063728279
2931993531
3062221140
2934851499
2934992649
2934991762
2934992617
3062818692
2934554206
3062695446
2934469762
2931916573
3063676476
2935438673
2934601944
2934409781
2934394305
3057828062
2934667999
2934681280
2934680185
3380962193
2938629016
2938233388
2939111029
3063357542
2929454020
3152223727
3152367659
2939104315
2935043879
3057697123
3057922055
0000830600340126
2934596410
2934514930
2929488849
2932232603
3062691976
2932189540
3056764267
3152237122
2934342031
3057696871
0000832B002BCB9E
3152367886
2934247605
3152309797
3057286662
3057825843
3063722750
2934482161
3062339770
3039988328
2934482006
3057942155
3057693775
2934565411
3062374841
000083060034151D
2931976158
2935041940
2939128185
2935010369
2939128205
2934681440
2939128011
2939128070
2934673390
2934974017
2934686768
2934653083
2934653332
2934653279
2934653420
2934668850
2934686825
2934636436
2938218852
2938143932
2938216638
2938216765
2938143937
2938189093
2938218837
2938215124
2938245812
2938231785
2938143938
2934253008
2931917975
3057926063
3056730391
3057825258
3379754151
2935222251
3057926961
3057919428
2935668204
3379876765
2934827608
2938237412
3382110024
3057941899
2935435366
3057687992
3063983951
3056764367
3063445013
3381224348
3057822126
2932203633
2932234214
2934247043
3153095855
2934831542
2934565558
2934852133
2934544430
2932228002
2934858524
3155836707
3156254325
2934660033
3057713321
3057922312
3057899220
3057822148
3056761527
2934247144
2935668347
2934701036
3057895996
3057893795
2935438911
3056763951
2935438925
2934548748
2934829594
3057830581
2935083137
2934912481
2931943513
3152309807
3063739564
3057816374
3057923051
3063287582
3382157893
2935435420
2932200446
2934825373
2934919871
3063724973
3061956221
2938833379
2934323857
3057692638
3063967020
3155769270
2938885053
3057822190
2935149693
2929488897
2934888143
3057945453
2938221800
3063186516
2931968617
2935092946
3063299896
3062790586
3153105930
2934857898
3152324516
2935438301
3056763460
2931893276
2934474113
3063708752
3063355131
3057829489
3062680497
3063451511
2935667852
3063206377
2934253735
3057700040
2934404646
3057899408
2934980680
2929487782
3156609432
2934906573
2934906365
2934636219
3057820550
000083060033E937
2934489946
3057918199
0000830600340D6C
2934840014
2934681253
2934644664
2934644818
2934906595
2934925807
2934990920
2934992332
2935078114
2935078173
2939102820
2939127985
2939157331
2934827823
2934503180
2934547268
2934546545
2936789008
3156639856
2934401327
2938632932
2935174190
2923000570
3057707095
2934245906
2934912602
3156373331
3062820440
3057357039
2934624357
2934595634
2935227395
2929939396
3152218820
2934397050
2938841574
000083840006012B
3057696248
3057828644
3057825494
2934512382
2929456744
3156224397
2922981623
2938653131
3057700697
2935578827
3381451338
2934241326
2934852009
2934381352
2929493246
3061958427
3057813404
2934832825
3383040788
2934354809
2938806546
2934599485
2934535276
3057946295
3063646228
000083060033DDAB
3057707590
2934322748
3156247271
3063641389
3057707010
2934553909
2934917738
2935128796
3381750684
3381650919
3062187183
2935093188
2932207941
3057710699
2934793869
2934242557
2935438839
2934343672
3062796594
3063293424
3057926858
2931857841
2929474585
2929485609
2929461076
2929582491
2929461639
2935729756
2935438323
2935092318
2935109753
2934584198
2934595506
2934651171
2935669013
2935667840
3380995499
2938182898
2934912203
2935231494
2934852170
3063348141
3063710735
3152363270
3152299806
3057894914
3057941806
3062374818
3057671960
3381039241
2934827097
2929579492
2929462163
2929491343
2929581373
2929462583
2929463905
2929582483
2929474575
2924084935
2932010197
2935680400
2934564896
2934420410
2934617361
2934354921
2934562259
2935185582
3382692841
2935438443
2935757906
2935137029
2935114739
2935435171
2934568187
2935128034
2934903814
2939131177
3063290149
3063673927
3062374158
3057923103
3156376989
3383157247
3057810815
2934479874
2934333366
2934840184
2934514447
2934840171
2934840182
2934516229
2934602225
2934595898
3381715031
2934502788
2938600831
3151963557
3159148699
2934323380
2931857742
3382758428
2934629490
2934821389
0000830600339009
3057893589
2931831391
3063646472
3057811417
3063294149
3057706466
3057694570
3153358887
3156037884
3381475803
3156340301
3057811745
3057944447
3062699460
2934828510
2934481888
2934822218
2934600326
2934834537
2934481915
2934494853
2934474021
2934494898
2934405777
2934916309
2931838266
2931783015
2932009680
2934503080
2934568927
2934570030
3153347989
2935197811
2934686811
2934640606
2935164792
2934502978
2934557948
2935173137
2935667482
2935759079
2935759724
2935083351
3063796772
3152296389
3156246816
3063355098
3063357453
2938641039
2938600716
2938602947
2938600728
2938612223
2938628631
2934922490
2934937482
2934897546
2934996332
2935011742
2938641074
2938621243
2938611344
2938649865
2939095408
2939141178
2939097245
2939097250
2939097281
2939097293
2939097268
2934684229
2934978139
2939102878
2938625565
3063188025
2934478999
3057695032
3063357704
2929490785
2932222686
3063986278
3062342553
2923001338
0000832B0023FEE8
3156353423
3063986648
2938612005
3063462348
3063450044
2938193970
2934860776
2935439247
2934248172
3156378667
00008306002FF6F2
3063709723
3381262256
2938640972
2934833327
2931786607
2938833457
2922986913
3063801870
2934616758
2934614997
2934485581
2929470786
3382165554
2934555957
3379621519
2934929314
3057898114
0000838400065F73
3152404301
3057695500
3057899374
2929462961
2938639005
2929455982
3057695541
3057829123
2934554169
2935128584
2934565466
3057826448
2934516032
2935759745
2931986108
3152215595
2934598336
2934393103
2938600611
3057821781
3382039572
3057697894
3057695029
3057697360
3057922439
3057811114
3057811891
3057922996
3057693427
3057920083
3381305449
3057693566
3057693368
3057709146
3057825330
3057917400
000083060033F6B4
3057919243
3057899973
3057920044
3057922982
3152358940
3057923268
3056767068
3382188023
3057921085
3057711670
3057917999
3057920076
3382619566
3056768910
3057895438
3057895034
3057821980
3382936256
3057822238
3057895301
3057918919
3057709544
3379756910
3057946893
3057918526
3381213697
3380716499
3057833622
3152227969
3382730633
3057923190
3153377648
3057924388
3057925923
3061955841
3062695580
3062188379
3062791758
3062814901
3057678698
3382160363
3382912754
3062690491
3062811642
3153080957
3062792564
3156905393
3062791856
3062778346
3062819404
3061957893
3379628512
3062792739
2934343126
2934828150
2934476814
2934455506
2934822870
2934821267
2934417686
2934314522
2934342836
2934539707
2934314973
2929383202
2929951894
2934564062
2929941651
2929939739
2929942551
2929386555
2934780057
2929939749
2934391714
2934530723
2934581555
2934825982
2934475464
2934474396
2934828461
2934827947
2934413777
2934822671
2934829661
2934822743
2934495610
2934852373
2934415248
2932223862
2932193390
2934246325
2932223992
2932224019
2932193324
2932216975
2934235970
2932209708
2931793558
2932201833
2932226450
2932193322
2932004507
2931793423
2932193400
3063194909
3382943104
3063743833
3063723371
3063340671
3063738146
2938183564
2938190437
2938231976
2938188015
2938655750
2938612946
2934889579
2935037093
2935037442
2935047609
2934925755
2935223055
2934977950
2939098377
2939098353
2934919319
2939098316
2922996657
2939134861
2929466859
2929462217
2929475015
2929578620
2929466816
2929453991
2929579765
2929475984
2929577690
2929499245
2929579732
3382164535
00008306003383BF
3057942131
3057900045
3381039183
3057897327
3057820172
3057895022
3057900687
3057699240
3057824473
3057826927
3057823834
3380694142
3057823019
3057813377
3057824138
3381797324
3379696691
3057692342
2932227698
3063740152
3063712769
00008306000A68FF
2922987151
2934481099
2934622169
3063449934
3057895229
2934257735
3057894817
2934511989
2935093517
3381648249
3156340040
2931870874
3063740372
2939119198
3063774041
3058566222
3063739009
2934934443
2934577611
3382749007
2934354708
00008306002F46E4
3156456923
0000830600255207
2922976457
000083840006526C
2935700618
2934248145
2938766417
2934616388
2938613740
3057810260
3057810953
2929941760
2929944392
2934422157
2934600105
2934478883
2934478668
2934478815
2934455771
2934381204
3383134868
2938940303
2934333265
3057947469
3057944236
2929494029
2922992566
2929490291
3153159945
3382013144
2929485614
2938602324
3057947360
3057898247
3063801763
3380975801
2932207592
2931793253
3057810938
2934641952
2934842057
2939153190
2934846551
2934793876
3062240767
2935222051
2934325463
3057820232
2931773917
3057826848
2934829672
2934581587
2929941018
3057918288
2934541790
2934824169
00008306002EBC0C
2934455576
2934823718
2922986195
3057823617
3063285624
0000830600340AB3
2934256958
2938627971
3057709895
2934830805
3156239663
3057821271
3062777430
2934315255
2929485558
3062681030
2935082434
2931866006
3063452070
3063684871
00008306002EBAB8
2934834248
3063673542
2934488363
2934485398
2934823675
00008306003383BD
2932208065
3062344976
3156231155
2934494605
3057922159
3063650711
2934542902
2932221182
3057809245
3057819306
3057357055
2922991582
2934678173
3063347938
2929486144
3063713657
2934356283
3057695097
2932231994
3057674382
2934333526
3382167660
2938612283
3381798631
2931791942
3156219450
3063450172
3380701111
3039986313
3379690693
2934568963
2934356168
3380651398
3057919554
2935757737
2934912431
2931844188
2934572737
3057923117
3063208138
2934948182
3152220000
3062795462
3063742270
3062778816
2929580219
2934828639
3152219117
2929500000
3057693756
2939136466
2938145748
2938198913
2938145708
2934875007
3057701027
3057693400
3381209657
3057695830
2938615865
2934617455
3063331114
3057921824
2938842381
2935082238
3156376862
2935707150
3062815899
2934571286
2934832561
3056761522
2934497483
2929453763
3062690623
2934313559
2932234538
2938245823
2922995613
3057925629
2934324986
3063338390
3062800462
3062341763
3381741124
3039985833
2931824069
2934893813
2934489099
2931783738
2934610894
2938182808
3057925332
3382731507
2929474640
2922994640
3057819247
3057357180
3057356812
2936995081
3062820893
2938764766
3064546356
3057286510
3063790041
2929583666
2934387886
3057363090
2934641612
3062805162
2938642189
3057813675
2934614362
3149476095
0000830600300091
2922984355
2934687530
3057709493
2934946277
3156549285
2934323228
2934838796
2934842186
2929486630
000083060033DDD0
3152228649
2934895697
2932214956
3057919909
3057674686
2934506475
2934763043
2929454277
2934571924
3057917762
2935435364
2934837487
3057360223
3063904756
2938759964
2938640975
2934364342
2931983584
2923000462
2934241698
2934827037
2934658094
2934543396
3380975756
3057820898
2935488284
2922987789
3153116682
2938655946
2938833436
2938656993
3057921623
2934697085
2934469728
2934826447
3153106195
2931941535
2938634496
2934578201
3057813156
3057832261
3062682639
2931889497
2929461479
3056684951
3056761319
3062820594
3058543148
2934245601
3062819045
3061957898
2938828627
2934825619
3152301547
2931986362
3057833290
2929580630
2929970760
3061957145
2929579045
3057696436
2935007242
2929578523
2939132530
2934948310
3062681168
2929606097
2934380897
3057359816
0000830600336198
2929477887
2935059096
3057900159
3062682788
2931773704
0000832B002BF22D
2934934031
3057894806
2931780458
2934419239
2934680591
2938869679
2938235052
2938637115
2936976245
00008306003004A8
2938198651
2922986409
3063293201
2938628959
2938230781
2938213767
2938227916
2938228051
2938213455
2938213626
00008306002FF0A2
2938195927
2938213399
2938230757
2938194698
2938189409
2938194941
2938189642
2938194884
2938195138
2938194746
2938194705
2938191598
2938194957
2938194690
2938241299
2938194697
2938189420
2941250121
2941238863
2941236995
2941236931
2941236939
2941236916
2941247706
2938194532
2938194545
2938194649
2938181898
2938181906
2938189506
2938194991
2938181816
2938189584
2938189752
2938230505
2938230593
2938189839
2938194544
2938241112
2938196835
2938181811
2938189576
2938189857
2938213206
2938185594
3156046017
2938240951
2938181795
2934825879
2934354638
2938189688
2938189632
2938189640
2938194564
2938194524
2935223922
2932209854
3057696613
3379752138
3057820450
2934831262
2938241104
2938241049
2938181930
2938243662
2938241253
2935237138
2940239247
2938181803
2934647022
3057823481
2938194675
2938212044
3039986642
2938213486
3063775150
3057939133
2939096238
2938203248
2929484847
2938194682
2934588780
3062339651
2938189700
2929389835
2937007098
2941242921
2941238760
2934539225
3063186788
2922986900
2938601978
2938194754
3057812723
2934481083
00008306002FEF4A
2934963817
2929480122
3063352088
2923001326
2934393952
2934236673
3063635858
2934847760
2934977173
2935438205
3057689490
3152306927
3153103385
2931788178
2934246984
2935102490
2934652682
2932006135
2934643092
2939134592
2929951402
3381208897
3063708897
2934962981
2934515695
2934253106
2934636977
2931993732
2941249904
2932003180
2934820272
3062341544
3057925019
3062793832
3057822490
3156030507
3057695485
2929490900
3056730533
3057918022
3057288795
000083840008B5FC
2929474752
3057899922
2929455646
2941242823
2941243186
2933274190
2941242926
2941242927
3403038053
2933277490
2941243250
2933277541
2933277545
2941243242
2933277533
2941242911
2941242935
2941242832
2941242871
2941242817
2941242903
2933274523
2941243198
2933273990
2941241758
2941241709
2941243151
2933283630
2941241819
3063649749
2922996192
3057700310
2941238706
2933271797
2933271694
2933271781
2933273977
2941241692
2933271710
2941246841
2941243206
2941243214
2941243134
2941243230
2933283521
2941243238
2933273923
2941238666
2941238658
2941238776
2933271789
2941238724
2933271851
2941241642
2929579787
2933273939
2933274144
2941242847
2933274168
2933274075
2933274156
2933274172
2933274654
2933274100
2933274076
2929580284
2933274116
2933274175
2933274212
2933274149
2933274157
2933274142
3159184723
2933283357
2933283712
2941238709
2941246476
2941243145
2941246758
2933271849
2933274338
2933271667
2933283659
3057924065
2933283691
2933277561
2933274510
2933269515
2934829523
2934313622
2934869328
2931938766
2933271141
2941243007
2941242838
2941242933
2941243063
2941243075
2941242846
2941242901
2941242941
2938601974
2938602083
2938601967
2941242985
3058564909
2941242917
3156562794
2922993022
2940239192
2934558252
2941242967
2938602357
2941242790
2941241686
2941244682
2941244556
2933279558
2941244553
2931882278
2934250908
2941244650
2941244667
3063695917
2940221654
2941244674
2941244719
3383177555
3063694056
2933279952
2933279751
2933279743
2941244659
2941244658
2941244698
2933275423
2933273237
2933273229
2941243970
2933273165
2933272263
2933273173
3149442531
2933273141
2941243922
3057675835
2933273157
3156697178
2929946211
2931978208
2934250560
2936962480
2929494104
2941242796
2933273397
2941243081
2941243978
2941242788
2941243938
2933283417
2933271878
2941242939
2933271925
2938606557
3063773667
2933283699
2933271933
2933271975
2933271854
2933274414
2941251240
2933271941
2938602071
2938602392
2933271656
2933271956
2933271951
2933283675
2933274224
2933271902
2941237146
2941238674
2933271757
2933271741
2933273941
2933273803
2933271795
2933272128
3156185670
2933273969
2941237089
2934835725
2934924241
2938656086
2933273795
2938181476
3063744681
2939095401
2941242863
2941242942
2933273981
2933273961
2933274118
2933274406
2933273945
2933273929
2931980488
2941244114
2941244128
2934703057
2933268521
3057894117
2929490455
2933272997
2933272250
2941238811
2935096969
2933273029
2941244024
2933273037
0000830600253889
2941242919
2941242825
2941242895
2933275063
2941244626
2941242879
2941250813
2941250907
2933279506
2933279990
2934259433
2934237115
2941250985
3153113410
3057823586
2941237065
2934356152
2932003574
2941250883
2933274927
2941250827
2941250819
2941250697
2933279585
2941250717
2933279664
2941238804
2941252132
2941244621
2933275061
2941248460
2934912939
2941250569
2941244784
2941252068
2941250625
2941252081
2934894750
2941244741
2941250633
2923001584
2935221847
3063770214
3156624774
2941250593
2941250665
2941248930
2941252107
2941244749
2933275157
2933279258
2941252105
2941244722
2941250577
2941244730
2941244780
2941244826
3153117203
2941248904
2938838490
2938612988
2941244746
3057693668
2934885516
2941244772
2941244754
2934358261
2938633105
3062815715
2941248444
2941242929
2933279226
2933279234
2941244860
2941248452
2941244794
3152228980
2933279729
2941252118
2934841918
2933279918
2941239145
2941244589
2935102380
2933279910
2933279681
2941244850
2933279764
2933279700
2934889610
2933279926
2934934186
2933279748
2941239258
3063651352
2934854544
2938601962
3057894807
3153333817
2934858572
2934577388
2934245888
2931957885
2932217453
2934823198
2933279934
2941246845
2941246937
3403173211
00008306002EBB34
3057696432
3057819486
2929577910
3153316841
2934399841
2933274423
00008306002F238F
2929465197
3057706576
3057696679
2941241985
2941246785
2934861914
3057688952
2941246921
2941246849
2931982004
2941241863
3381308438
2941241975
3153104200
2941246872
2941241920
2933274534
2941241903
3062817938
2929495970
3057894829
2934237846
2941242962
2941242978
2941243016
2933272909
2929467113
3057824039
3149397488
3062693903
2941241871
2941241983
2941241839
2929466401
2941246889
3057813243
2922990480
2934409472
2929580792
2934619572
2941243046
2941242970
2941243080
2933273118
2933273011
2941243022
2941242958
2941243030
3057811939
2931990509
3063553819
2934823258
3056729424
2938636623
2929478154
2933274152
2934332568
2939159832
3057822153
3039987901
3063176057
3063765290
2933274196
3062339832
3057825441
3383039381
2931779276
2933274085
2933274207
3039985914
2933274204
0000830600336295
2941251215
3379626966
2941242821
2933274188
2933274160
2933274148
2940239114
3057815137
2935679075
3153876323
2933274140
2936955316
2933274069
2941238634
2941238690
2941238738
2931779564
2931780572
3057830172
2934473853
2929585157
2933271670
2934621765
2934783567
2929471061
3057821291
2933271686
3057709488
2933274223
2941238698
2941238650
2941238746
2933271894
2941238714
2941238752
2941246448
2934834130
2934672871
2941246592
2931966257
2935114294
2941238730
2941246710
2933277770
2941246639
2941246782
2941246468
2933277839
2934965104
2935180825
2941246614
3057926413
2938629303
2933277778
2922990608
2941246703
2941246630
2933277799
2935222244
2933283470
2933274350
2941246527
2941242820
2941243073
2934914469
2938613262
2934474945
2941243009
3057696519
2941242687
2941243055
3063743775
2941242828
2941243025
2941242811
2941243047
2933274522
2941242831
3057947358
3381593308
2941242993
2934624141
2941242787
2931906385
2934899854
2941242819
2941242851
2933274191
2934819856
2941243033
2933268391
3057941234
2934578206
2941241176
3057900573
3380973712
2933275574
3152218892
3057808612
3063743286
3062819074
2922986841
2933275653
2941241050
2941241010
2934632953
3383119924
2933280028
2941241062
2933280047
2933280023
3063694174
2941241070
3156514441
2933275463
2932232475
2933275615
2933275585
2933275366
2934263174
2938603133
2934839776
2930281980
2938763057
3057809194
2941244081
2941244065
2941244184
2941243019
3062820954
2934849076
3057812880
3063288541
2929467879
2941243088
2941243068
2941244090
2941242994
2941243841
2941243148
2933277487
2934483083
2941249238
2934511300
2941243010
2941242986
3063709577
2941244040
3057898069
3063678731
2933274135
2934826376
3152215961
2933274143
2934388277
000083840003DC1C
2933274158
2941242815
3382744801
2931825253
2933274182
3039986078
2934252344
2933274109
2933274174
2933274111
2935525037
2932208286
2933274119
2933273787
3152365346
2933274093
2933272934
2932220368
3152214515
2933274181
2941246185
2941240987
2933274070
2933274063
2941241119
2941240627
2941241019
3063691929
2941240971
2934837888
2941240915
3061960934
2935183738
3381733527
2938858713
2941240635
2939107780
3057709527
2934554440
2941241090
2938633900
3062793672
3056760673
3149430910
2941241121
2929579089
2941240751
2939107616
3063330065
2941246209
2941240743
2941240830
2941240806
2934831479
2941240767
3382149791
3057947798
2941241167
2934512083
2934840396
2941250554
2941240643
3381532243
2923000448
3056761088
2941250681
00008306002EB29E
2938193919
2941236619
3063644708
2934313745
2933280889
2941236628
3149162649
2941236636
2933280921
2941250538
2941241217
2941236612
2941236699
3057287931
2934942297
2941236588
2941236691
2933280881
2941236659
2941248896
2941248659
2933274911
2933280854
2933275047
2933279901
2929944950
2932228867
2932205977
2932190156
2932207154
2932206041
2932215334
2934241669
2934264279
2932215889
2932189814
2934433588
2934258361
2932163512
2932160309
2934257800
2932148105
2934383962
2932216682
2932179282
2934364991
2932186823
2932130699
2931825904
2934473656
2931866026
2932196880
2931836353
2931876036
2934409923
2931812873
2931859109
2931866858
2931906871
2934384982
2931850060
2931795669
2931872495
2932214500
2931865427
2931816783
2931863503
2931852959
2932180158
3063696664
2931862293
2931866808
2931808220
2931855831
2931878862
2932162668
2934335939
2934267344
2934434416
2932170924
2932213330
2934256689
2932223179
2932171132
2932184818
2934235814
2932184510
2934343297
2932148138
2932157278
2932170613
2934254205
2932223817
2932134979
2932233265
2932191937
2934384356
2941235965
2933279521
3382778163
2932185003
2932156784
2932158598
2934252839
2932123499
2932170693
2932159030
2934415501
2934845053
2941248500
2932229283
2932208077
2932191616
2932157154
2932138960
2931774777
2931837117
2931827440
2932131285
2934378845
2931879120
2931860659
2932203581
2932217124
2931791373
2934259613
2932171112
2932184486
2932137384
2932205392
2932179013
2932206528
2934409440
2932162254
2931875663
2931765763
2931875704
2934417458
2932184491
2931856033
2932187503
2934264169
2932164649
2931872521
2934429242
2931809678
2932126037
2931875685
2934262725
2932206241
3381541116
2931852525
2934256108
2932181887
2931853246
3062822512
2931790113
2932163024
2931868034
2932215206
2932126451
2931877596
2931877251
2932222833
2932185231
2934441079
2931842092
2931864643
2931772064
2934464686
2931898765
2932153009
2932152193
2931862988
2931862666
2931836080
2934835756
2932207768
2931852403
2934252887
2934239631
2932214211
2932208168
2932226797
2934256700
2934239513
2932184038
3383144954
2934458176
2934417669
2932180466
2932125921
2931852000
2931780395
2931842156
2931873793
2932159085
2934261492
2931864556
2939107936
2931837895
2932202897
2931795724
2932179157
2932163124
2931876815
2934440903
2934473586
2934260660
2931836343
2931780326
2931851974
2932161498
2933280071
3062788424
2934256588
3382132343
2934915089
2931796087
2931765421
2931807638
2932139024
2931871452
2932190117
2931868771
2934462932
2932150710
2931875976
2931796460
2931871352
2931865261
2931797521
2931879094
2934412166
2931772187
2931864137
2931880194
2931798233
2931836851
2933275119
2931817671
2931859506
2931850771
2931881522
2931814480
2931830822
2931851077
2931851018
2931845425
2931841446
2931837732
2931853230
2934545474
2934912019
2931768049
2931858852
2931789590
2931880088
2932130487
2931861213
2931865029
2931805658
2934257409
2931816338
2932180396
2934334794
2932215782
2932217859
2932184618
2934504981
2932207926
2934837411
2934578110
2934511694
2934574805
2934839996
2931874464
2934377218
2932197363
2934747758
2931795405
2940239255
2932184926
2932227714
2932184079
2932180552
2932162243
2931888060
2934442420
2934416968
2932135311
2934461504
2932188488
2931874313
2931768403
2932183083
2931875545
3382593280
2932160768
2934251150
2931812949
2931871732
2932216839
2934423918
2931779549
2932188364
2931883754
2931774440
2931866968
2934259552
2931852002
2931853142
3159134773
2931877259
2931787315
2934409612
2934384010
2932215561
2934411540
2931851227
2931837877
2931857303
2931864089
2934252174
3063707081
2934246941
2934394216
2931873662
2931866860
2931800223
2934259900
2932161022
2934790407
2931877204
2931851660
2932225386
2931856169
2931765385
2932154087
2934377143
3381755714
2932218593
2931809030
2932203730
2932215271
2932155071
2934247197
2934254186
2932228899
2931941285
2932166105
2934240281
2932216666
2934440887
2931830290
2932182186
2932189363
2934444363
3057711685
2932142714
2934440618
2934444227
2934343017
2932191602
2934317978
2934837247
2934504454
2934842926
2934471570
2933275079
3063740162
2934542289
2932203269
2932218197
2934235918
2934336140
2934435139
2922994353
2934379658
2932167904
2932162702
2934471151
2929978445
2934434253
2934450828
2932160882
2934451118
2932152915
2931877336
2941250859
2933275055
2931871729
2931867052
2931871378
2931868154
2931780332
2931792783
2934479224
2931865799
2931830514
2931815994
2932181189
2931819617
2931863845
2931825676
2931850573
2931768796
2931850385
2931864677
2932196640
2932181429
2931846095
2931812898
2931859733
2932211009
2932130630
2932186856
2931883042
3063171626
2940239168
2933275087
2932154481
2932163202
2932203168
2932166979
2934434771
2932162626
2932228286
2932190279
2932229178
2932205557
2932235168
2932166638
3063523759
2932206483
2932170783
2934335460
2932157402
2932166735
2932185485
2934473528
2934344008
2934249811
0000832B00261F5E
2934462540
2932217572
2934640158
2932189109
2932126240
2932156927
2932160855
2932178451
2934410902
2935454374
2934317861
2932204123
2934385179
2935127834
2934267789
2932206236
2934239077
2932181179
2932139399
2934362511
2934464622
2934385485
2932129887
2932170844
2934261203
2934261488
2934260473
2932135352
2934459783
2932208308
2939160959
2935128674
2935183336
2938835724
2934414993
2932214031
2941250885
3057897215
3063291941
2934848272
2934819859
2933274858
3057815024
3063293283
2934433311
2931872438
2934415719
3063352823
3057809662
2929940852
2935131739
2934472723
2934257057
2932207896
2933279502
2934825733
2941250875
2941241096
2935546271
2934986730
2939108642
2931856536
2932220955
2931886956
2931805323
2934342315
3382604297
2934250414
2941246201
2941241063
2931793290
2931873902
2931859193
2931775073
2934412884
2934241652
2932196957
2932231887
2931780152
2932220930
2931802032
2932217993
2931887036
2934461583
2931862120
2931852331
2931846065
00008317001395C6
2941240827
2934847108
2933275345
2931865695
2931857671
2941241146
2934827677
2934973697
2931868371
2941240942
2941241055
2931813980
2931799398
2931772251
2931869475
2931765681
2931850727
2932131602
2931899006
2931865989
2932151457
2935061438
2934481332
2934868312
3063711538
2931872232
2931873355
2941241130
2934415983
3057823793
3381589698
2932215279
2931775028
2934416831
3057919567
3057921744
2932188285
2938764991
3057710098
2941241240
2941241029
2932187447
2931855644
2941240779
2938228867
2932157260
2931871582
2941244683
2935155524
2934842717
2934820936
2934362602
2931782242
2932161064
2932222465
2934441255
2931858540
2941241047
2941240771
00008306002FDF3B
3153332851
0000832B002A5FBC
0000832B0027162C
3057899047
3156696872
2934341686
3057820181
3062789769
3062684719
2934932179
2931861401
2932204922
3379629194
2941240727
2941241014
2934554537
2931835580
2934441207
2941246225
3063648736
3057920295
3382880908
2934651472
3057893568
2932160649
2931779621
2934868795
2922991075
2932228942
2931848849
2932129817
2939116837
2934336024
3057695406
2938606610
3057823903
2934959936
2932188146
2931799744
2932145252
3064269265
2934423672
2934442014
3057893923
2933274421
2934447207
2932204146
2934470636
2932190383
2932215709
2934350471
3403057254
2933274411
2932179321
2932135125
2934546635
2933274475
3062793083
2922997377
2932166522
2938636776
2934257624
2934472552
2933274403
2922988472
2932214150
2934246081
2932218730
3057372299
3156496273
3382128034
2934462352
2934834507
3062690807
2934452572
2934316993
3382955554
2932162652
2934251313
2934267476
2934374681
2934257082
2932170532
2933274132
2934335262
2932207056
2934507357
2935093038
2935197567
2934478305
2934362530
2932228076
2932124676
2934370369
2934259978
2934325288
2932138938
2934408891
2932125810
2934455132
2934454553
2932203072
2934380191
2932152945
2934442006
00008306002F213B
2936944030
2932127528
2934260253
2932206122
2932177779
2931790168
2931769633
2931850393
2931784883
2934255475
2931768040
2934255984
2932183640
2932225549
3063579704
2931837514
3379859104
2934833240
2931862890
0000838400041EE5
2931780373
2933274516
2933274467
2931879415
2932185434
2934262444
2931887097
2931876340
2934335869
2932161066
2931877862
2932212465
2933274381
3057830192
2934819796
2932223931
2932175087
00008306003331BE
2931874794
2931856212
2931796661
2931857138
2931794872
3063191179
2931868813
2931868622
2931871436
2941251272
3063740371
2931806365
2932204104
2934855602
2934462511
2934902698
2934828598
3063198813
2932127178
2934391547
2931879385
2931850186
2931879404
2931848015
0000830600335151
2931797688
2934439070
2933274459
2933274779
3058504825
2933274413
2933279529
2933279569
2933274443
3057696017
2933274588
2934843484
2934261444
2941251319
3062793323
2931872802
3153871004
3381566204
2934409965
2934839162
2941246693
2932158872
2934468924
2934439740
2932178604
2932178497
2932123793
2934241813
2932228368
2934532337
2932204121
2934608285
2932183550
2934912375
3062371417
2934242718
3057706904
2931807799
3382941136
3379981141
2932184153
2932213619
2932188188
2934322652
2935101720
3057676648
2934416040
000083840000D8FB
2934478377
2932196201
2932233615
2931858735
2934884123
2932168292
2934416048
2933283262
2933280063
2934570211
2934556016
3057811411
2938836266
2932153367
2934554451
2931855473
2935128140
2934678089
2931816816
2932158290
2932225450
2939108225
0000830600257C26
2931841775
2933275024
2934404567
2931768595
2934250494
2934398439
2934842749
2935093718
2931810133
2932150517
3381376801
2934403764
2932150624
2933279971
2935081994
3403038378
2932217588
2933279497
3156340223
2933280039
2933280256
2935012839
3381614703
2940239102
2932218814
3159120317
2932211745
2932177822
2933279594
2932182751
2931830067
2932129325
2931872308
2932145382
2931879956
2932226960
2934549479
2932224832
2931815529
2932183074
2934263132
2932139145
2938707078
2932224829
2932181479
2938853184
3156511920
2931891412
2931863447
2931884406
2935515904
3063294677
2934826269
3062701234
3063452600
2931852904
2932162110
2932179072
2931855786
3379735702
2934836461
2939092219
3057898885
2931873858
2932125687
2931789792
2934818366
2934842600
2932161823
2931852253
2931875818
2931817539
2934236157
2932218530
2931853191
2931792308
2932234192
2931767522
2934253852
2933279947
2934462980
3056761787
3156044871
2932208165
2932184391
2929580638
2933279828
2935217686
3056728193
2932184550
2934411690
2932215987
2932227107
2934242150
2933279649
2933279835
2932135023
2934830580
3057943895
3155866739
2933279955
2934559676
3057832183
2936962489
2934681629
2932204745
3382166552
2932154586
3063698600
3062342598
2934316987
2934263365
3152231886
2932226577
2934427923
3057697229
2932140870
2932127417
2932162136
2934262656
2932211315
2934256012
2934242648
2931873558
3381646130
2932196860
2931853314
2934343554
3156639800
2938612960
2935668971
2929460790
2941251185
2932126173
3381771861
2932197069
2934458025
2932152349
2932206280
2932164661
2932189265
2932166927
2935026912
2934262961
2932202928
2934416241
2939111095
2932162580
2941241632
2922991590
2939104059
2932213243
2941251239
2931946346
2932164277
2932199992
2940239094
2932160477
2934260737
2934416134
2940239124
2932216854
2932196988
2931863339
2931862714
2934429111
2931899488
2931768048
2931872465
2940239108
2934828838
2935127946
2932158915
2934545223
3063332041
3057820699
3057811100
3057943098
2941251207
3057900831
2929473146
2932172085
2932160110
2931865658
3057944821
2941251271
2938655893
2931840976
2933274167
3063448212
2931807664
2933274524
2933274134
2935435249
3379633228
2941241522
2934465366
2934443576
2935020013
2933272815
2941251256
2931836892
3057812037
2932215972
2941251296
3383118492
3057675848
2938764740
2934323333
2934660276
3063919962
2934821349
2934564967
2934847136
2934843228
2934564935
2935011791
2935011515
2935011849
2935094247
2936538611
2935493300
2935581715
2936559840
2931995368
2931994464
2931917995
2931917890
2932000802
2934582034
2935111915
2934541244
2934541119
2934578275
2935770344
2934580721
2934581451
2934511469
3062248984
2934886472
2935012259
2935235280
2935027270
2935030357
2934943828
2934949123
2934886510
2934945400
2934947893
2934651819
2934650845
2935066122
2939131196
2939131143
2939131142
2934671604
2935066050
2934870653
2939116266
2934858493
2934615905
2934875639
2934871424
2934858645
2941244216
3057694658
3057709754
2922987218
2934651547
3152364109
2941251255
2941251304
2933274059
2939095424
2941241174
2934510780
2941244144
2941244643
2941246217
2934829630
2934827072
2941241031
2941244675
2941236596
2941244651
2935074228
0000838400066367
2929491282
2929946482
2931970540
3381711623
3153127526
2937007133
2935088429
2937007159
2941241071
2941241127
3057710218
2941241151
2941241143
2941241159
2935005395
2941241135
2941244562
2941241183
2941246709
2941246795
2934822564
2929940297
2922998367
2941246677
3057899326
2931999321
3379633525
2941243027
2932199016
2941246733
2934351609
2933274405
2941246880
000083840005B21D
2941241895
2941241887
2941246665
2941246913
2934840326
2941246896
3381334468
2933274084
2934859284
3057832118
3057899186
2934344994
2935236139
2938867772
3152306871
3062820103
2941241911
2941241831
2941246905
2938819296
3057826127
2941241919
3039984842
2934390638
2934415249
2934828254
2934826135
2934562602
2933277886
2933274463
2931983746
2934658383
2938617576
2934236680
3152213179
2934388761
2933277833
2931854515
2941246628
3062684119
2941246764
3155157659
2941241943
2938637195
2934987185
3063746898
3062340088
2941246716
2941246644
2941241857
3380657932
3156704179
2934598750
2934507891
2934842221
2934826132
2934826315
2941246701
2941246652
2935552444
2941246741
2941246772
2941246653
2941246771
2941246779
2933274661
2941242893
2941241765
2934582212
2933273272
2934851484
3057943389
2934644179
3156520692
2941244050
2941241726
2933273344
2941242899
2933273264
2938656921
3063330303
2935004785
2936556137
2933274687
2941241824
2941241773
2935759934
000083060034551C
2935759598
2935182818
2935083307
2935097178
2935110114
2933273352
2933274095
2933274206
2933273178
2941242951
2941241733
2934245849
2929948035
2934512026
3153224082
2938806754
2934995351
2932009201
3062821556
2939100985
3057926443
3156164736
2938196653
2929467246
3057819371
3152231809
2938764952
2934825050
2938613966
3062819047
3063646365
2929479705
00008306002F11F8
2934673455
3379594538
3057945179
3063340935
3057819546
0000830600342303
3057897416
2931962565
3063297008
3057919125
2931916818
3063452551
2934520376
3062210297
3057814321
3039983920
2935184707
2934859662
2934605957
2938637109
2938842207
2938843370
3057356166
2929579703
2938838663
2934494009
2929489321
3057359384
2934596469
2934318157
3057687609
3057700864
3057834420
00008306003007AE
2934419842
3155431358
2934938405
2934586946
00008306002F1C83
00008306002EBBF7
2934836797
2938213254
2938835688
2934701741
3057821654
2929474546
2934561460
3383159823
2934694932
2938640667
2934378926
3381477206
0000830600336151
3057927293
2929482598
3062701529
3057707882
3062778441
2934344869
2938648238
2929462935
2931990943
3057941254
2934596808
3156467474
2938835620
3152297595
3379623535
3063295516
2940239107
2934402615
2929455654
2938764693
3057357843
2934254060
2939128946
2929461347
2934976973
3062694555
3056765492
2935010885
00008306003384C6
0000832B00270815
3381961949
2934481812
2934558879
2934632051
2935158738
2934828397
2938601630
2937007166
2938835697
0000838400068295
2922990999
3057671679
2938872316
3057708691
2934665472
2935097347
2934594644
3057709004
2934561663
3057922212
3057943063
3057893375
2931800452
2935680484
3063656599
2935057819
3156312200
2934903910
2934826317
3152189399
2934828805
3057824851
3382951047
2934913479
2923003732
3152233436
2941250877
2934561727
2931877615
2931963019
2934318139
3057830764
3156263987
3057820496
2935627203
2934922623
2931828303
2934833985
3063199080
3153169479
2938627693
2934562598
3063685807
3063715343
2934699192
2934379773
2934562367
2932190867
3057920575
2938656678
3063776265
3063738003
3057823259
3057920063
3057924682
2939131236
3057822677
2934546235
3057899096
2934243195
2934540821
2934663632
2929496124
2938655943
2922990186
3063445987
2929578119
3057708117
2934480651
2929580849
0000838400068731
3062218481
3062817656
3057896498
2935068034
2935544570
2935573049
2935494299
2935173204
2936996171
2935504055
2934550930
2935669010
2934566181
2934617750
2935757783
2934554277
2934651056
2934548307
2934387712
2934547483
2934548071
2934651311
2934586528
2934699607
2934699448
2934699553
2934699608
2934700177
2934586786
2934700112
2935182799
2935093704
2935759442
2935459618
2938634731
2935020709
2938652670
2934888191
2934940043
2934934479
2935221606
2935037860
2938822816
2938656136
2934996915
2938630912
2934912912
2938805581
2938836881
2938865331
2934942483
2938885191
2938616072
2938835715
2938633928
2938770001
2934932250
2934895848
2934907137
2934885417
2934932219
2934885455
2935027266
2938606567
2938601938
2938837490
2938601857
2938602168
2934851601
2939130496
2934851782
2934950269
2935092010
2939114165
2939107888
2935222753
3383158035
2939111036
2934644225
2934690263
2939126902
3381757374
2939094314
2934621299
2934867112
2934869560
2934874795
2934601216
2934621277
2934968804
2934658171
2934872136
2934658034
2934859757
2934637950
2934684131
3381611803
2934860871
2934871303
2934867334
2939124808
3383128966
2939100233
2935082617
2934936300
2934905139
2933271830
2929457041
2929483727
3381297184
2934617844
2939118429
2932208587
3057900182
3063728742
0000830600340008
3063676474
2934598982
2934580759
3057697500
2934241973
2931841443
2938602998
3435478555
3057814880
3057709847
3057895605
3057922414
3057918825
3057920530
3057925268
3057825061
3057893770
3057898212
3057694993
3057357447
00008306002F0C13
3057834187
3057711542
000083060033E252
3057942067
3057825013
3057691774
3156356836
3379629184
3057711051
3057831592
3057825953
3057710085
3057831350
3379842363
3057710401
3057917621
3382195924
3057695963
3057697673
3057697981
3057700047
3057356254
3057693308
3057693219
3057698067
3057698749
3156485452
3057711191
3057898573
3057942817
3057919474
0000830600334568
3056729721
3156504395
3057697223
3057899256
3156193339
3152318339
3057692138
3056730649
3153329194
3057697417
3056766474
3057830239
3057697555
3057829871
3057830025
3057831839
3057831423
00008384000685A3
3057831065
3057927271
3057692142
00008306003011DC
3057810367
3057359399
3152311254
3057945858
2934835898
2934824688
2934836293
2934385890
2934362948
2934502463
2934361713
2934385517
2929970224
2934826040
2934845212
3381618852
2934833562
2934855848
2934855892
2934828648
2934318957
2934828662
2934322551
3382282188
2934828690
2934345166
2934344983
2934344862
2934518923
2934517482
2934562927
2934538068
2934478621
2934840860
2934404428
2934488497
2934380957
2934822187
2934827104
2934320369
2934827007
2934818789
2934493513
2934829651
2934494737
2934823334
2934823176
2934581151
2934338436
2934823156
2934530299
2934530365
2929941050
2934399688
2934398705
2934546308
2934820993
2934850412
3383118444
2934859914
2934842064
2934827498
2937007124
2934823845
3382884985
3063717556
2934660469
2934338062
3063712204
3063685163
00008306003A3353
3063445829
3063676998
3063805564
3063445079
3057387333
3063441742
3062342160
3063288247
3063327236
3063927909
3063694177
3156906786
3063815326
3063738547
3063694783
3063775303
3063738723
00008306002F2238
3063778673
3063286362
3063796433
3063206780
3063655835
2922996695
2922977659
3381727709
2929583994
2922987848
2922986632
2922983325
2923003341
2923003624
3150218540
2929467464
2929468563
2929461294
2929580025
2929585338
2929493543
2929579080
2929496006
2929579810
3382196524
3057363332
2934818260
2934398662
00008306003462BC
2922996674
3063655373
2932217770
2935170333
3057895745
2929579138
3152405011
2938189760
2934672071
3153080019
3057708231
3063297795
3382172753
2938845458
2938230029
2938599618
2941248492
2929490886
2929461644
2941252133
3156346835
2929461013
2932191720
2934565384
2935063183
2938601969
2934925789
3057821163
2939110162
3062801923
2939137912
2934828636
2929455898
3058565116
2935128181
2935158078
2934383032
2934343072
2934562366
2934842876
2934842764
2934819756
2939136454
2941240867
3057698247
2938634282
2934905782
2935668901
2938627700
2934665235
3063739531
2938650815
2934821567
2934822605
2934596228
2934679286
2934669173
2934914593
2934628043
2931999658
2935174638
2938631802
3057822124
2939104035
2931812131
2934369752
3063170741
2934682602
2931801047
2934555898
2941244666
2934833720
3057697275
3156231224
2934570855
3058569589
2934535194
3063207213
2934344322
2931814495
3156373396
3057708070
2935096852
3379770758
2934539480
2934540391
2934620205
2934613147
2931995628
3057697774
2930273237
2934601111
2935083481
2934936371
2935627695
3057359386
2934315319
3057823471
2934564383
2931779863
2932229399
2934829189
2938656632
3057695495
3063648777
2922997526
3062819956
00008306003003F3
2923002919
2934581148
3057829926
2934592523
2935454845
3383177668
2939132891
3057699241
2934900470
2929970157
2934683855
2932228922
2931782915
2934541794
3152363694
2934837911
3057694931
3056760911
2938227956
3381266871
3380661741
2934554884
3057899124
2935138203
2938606295
2938613087
2934824746
2934612668
00008317000A906D
00008317000AF046
3057918665
00008317000AABA2
00008306002FE8A4
00008317000A8B97
00008317000B1FA6
00008317000B1CCC
00008317000B20FE
00008317000A7D5A
00008317000B1C20
00008317000B15CE
00008317000ADFDF
00008317000AE017
3063764582
2938634306
2934831471
00008317000AD4C6
0000831700071011
00008317000C5A18
00008317000A909B
00008317000B1EF1
00008317000AAB86
00008317000A883C
00008317000D34D3
00008317000A93CA
00008317000CD2F2
00008317000C1E43
00008317000D7608
00008317000A76FA
2922987658
00008317000C9E33
00008317000C1E50
00008317000C2C07
00008317000A76F3
00008317000C47A1
00008317000B14F3
00008317000C57A8
3383069007
00008317000C55CB
00008317000C37F5
00008317000A8755
00008317000C87A6
00008317000C5597
00008317000C5A35
00008317000C4864
00008317000A8B48
00008317000B1380
00008317000C4746
00008317000A8B43
00008317000B53CE
00008317000AAB90
00008317000AD28E
00008317000C62DB
00008317000C3ACD
00008317000ABD05
00008317000A8B7D
00008317000C61B1
00008317000C3ADC
00008317000AABE2
00008317000A9192
00008317000AE228
00008317000AE1A8
00008317000D3F96
2929483048
00008317000D2994
00008317000B1FB2
00008317000B2C31
00008317000D301E
00008317000C52CF
3153093628
00008317000A90D8
00008317000B1B06
00008317000ADF29
2935058631
00008317000A9E71
00008317000A7EB9
00008317000A7E42
00008317000A7D43
00008317000A6B5F
00008317000716A3
00008317000ADF79
00008317000ADF7B
00008317000AF10F
00008317000C1DEE
00008317000A6170
00008317000C2C46
00008317000B20A4
00008317000B6B68
00008317000B1F39
00008317000A7D4C
00008317000C573C
00008317000B1B34
00008317000CB215
00008317000B1F1D
00008317000A6BAF
00008317000B164D
00008317000B1CE3
00008317000A947E
00008317000B1B89
00008317000B286B
00008317000B2877
00008317000AF4A9
3381348782
00008317000AAB28
00008317000B059D
00008317000AF6B7
00008317000AE266
00008317000973B8
00008317000C9D36
00008317000B26E6
00008317000C62D8
00008317000AAB57
00008317000B44D1
00008317000A9494
2934327399
00008317000B1EFB
00008317000973F7
00008317000B26DF
00008317000AB741
00008317000C5AE4
00008317000CEA97
00008317000A8AB8
00008317000A8736
00008317000973A6
3057899268
00008317000C55FA
00008317000A6ACA
2935081363
00008317000C569E
2934650384
2934565309
3057824608
00008317000CEBB2
00008317000AE281
00008317000AE293
00008317000B15C2
00008317000A93AA
00008317000C58D9
00008317000ABDE7
00008317000B1F92
00008317000AAAE9
00008317000C59A9
00008317000B25F7
00008317000C5872
00008317000ABDCA
00008317000C5859
00008317000C54CF
00008317000ABE01
3403043511
00008317000C62EC
00008317000A9E8A
00008317000B157C
00008317000C5CE5
00008317000AF084
2935704602
00008317000C471B
00008317000C5A62
2934885894
00008317000A8AB7
2934821966
00008317000C5554
00008317000C3767
00008317000C7E71
3057356256
00008317000B1572
00008317000A9263
00008317000A94FF
00008317000AAB82
00008317000D753C
00008317000A9399
00008317000C4767
00008317000B3C2B
00008317000B3C34
00008317000C5DB3
00008317000A9354
00008317000C5A30
00008317000C5489
00008317000C5822
00008317000CC780
00008317000AB780
00008317000C5A56
00008317000C485C
00008317000ABF0A
00008317000D3FBF
00008317000A90DC
00008317000B3D70
00008317000C5D51
00008317000A9379
00008317000C7E68
00008317000B003F
00008317000C9C12
00008317000C2B98
00008317000B278C
00008317000B26E3
00008317000C102E
00008317000A9516
00008317000A7C50
00008317000C5750
3062817996
00008317000B2FD9
00008317000A917F
00008317000AEF14
2934530507
00008317000C58E3
00008317000C5594
00008317000A9462
00008317000C46C4
00008317000C5360
00008317000C5988
00008317000AABBF
00008317000B28CD
00008317000B2A18
00008317000B3C1D
2932201009
3152399500
00008317000AF77B
00008317000C46AB
00008317000AB79A
00008317000C5AD9
00008317000C1D0E
00008317000C9B08
3057405933
00008317000C9AE5
00008317000AFF76
00008317000A7EBC
00008317000AF162
00008317000AF2AB
00008317000A936D
00008317000B3D28
00008317000D53AA
00008317000B3BF8
00008317000B3C24
00008317000C3741
00008317000A8E45
00008317000AD56D
00008317000AD542
00008317000A7BC7
00008317000A7C8D
00008317000A8E37
00008317000A8E6C
2924086960
2929580209
00008317000AF30B
00008317000A7C90
3057693128
3057942726
0000830600300FFA
3152317817
00008317000D76AC
00008317000AF3F8
00008317000AD4A2
00008317000B1BD7
3156251578
2934530976
2934510219
00008317000CC079
00008317000A9E64
00008317000D3EC5
00008317000A9DB4
00008317000A7FC3
00008317000A9D81
00008317000A93FD
00008317000A9C9E
00008317000A9D29
00008317000AE18F
00008317000AE28C
00008317000B1F93
00008317000A8B80
00008317000D2189
00008317000A8266
0000831700097399
00008317000C1E5C
2938600536
3057830055
00008317000CEC16
00008317000A9E9E
00008317000AE286
00008317000A9119
00008317000B1AF6
3156185574
00008317000D3F7B
000083170013F1E9
00008317000AAB20
00008317000A7764
00008317000A6B13
00008317000B156C
00008317000C54A1
00008317000B37A8
00008317000AE01A
00008317000AE1F0
0000831700070FFE
0000831700138A2D
00008317000AB6FC
00008317000A875B
00008317000AD41D
00008317000AF6C3
00008317000AE2F6
00008317000C39BD
2931983758
3057893379
3056760996
00008317000C5648
2934935537
00008317000ADF50
00008317000AB61D
00008317000AB692
00008317000AB520
00008317000C61B7
00008317000A94F8
00008317000D3499
00008317000B1C91
00008317000B2581
2934914254
2934959110
3063357753
3381738134
2939113827
2934317941
3152226020
00008317000C5CD0
00008317000C5808
00008317000B25AF
00008317000B2887
00008317000AB6DA
00008317000AAC1F
00008317000C202B
00008317000B14E0
00008317000B25C0
00008317000B2615
00008317000B2FE1
00008317000C5A75
00008317000C5C5C
00008317000C5946
00008317000AB57D
00008317000A76BA
00008317000B1FE1
3152367971
2938756911
00008317000A778D
3063671578
00008317000B3DCB
00008317000B3DA7
00008317000D4023
00008317000AED99
00008317000AF2D4
00008317000A8EB8
00008317000A8EF5
00008317000C472D
00008317000C9D86
00008317000B5272
000083060033F1F0
00008317000A8928
0000831700070E3B
3152231787
00008317000D585D
0000831700072317
00008317000D402A
00008317000AF337
00008317000A7F33
00008317000D59F8
0000831700072254
0000831700070E47
00008317000B5409
00008317000CE6C0
00008317000A8E8B
00008317000AF125
00008317000AF2E8
2929469840
00008317000B52AC
00008317000AF335
00008317000AF143
00008317000AFEDD
00008317000A8E3E
00008317000AFF51
2935552170
3057825097
00008317000A7C77
00008317000B262A
00008317000A8F18
00008317000A93B5
3063803284
00008317000A8F2B
00008317000AFF62
0000831700071C6E
00008317000B15D9
3159146433
00008317000A8F6E
00008317000AFF07
3057287961
2934887309
00008317000CE672
3382767911
00008317000B0403
3063194382
00008317000A8E8A
00008317000AF136
00008317000B5502
00008317000B51DE
00008317000A8E73
00008317000B1B8F
00008317000AFF1A
00008317000A8E48
00008317000A8981
00008317000A8B11
00008317000ABE9A
00008317000C58CD
3057894708
00008317000AABD3
00008317000A8B04
00008317000C58D3
00008317000A9190
00008317000B25A3
00008317000A9E45
00008317000A9534
00008317000C9BC9
00008317000A937A
00008317000D2E86
00008317000CCD62
00008317000A9195
00008317000C5434
00008317000C5A4E
00008317000C62BE
00008317000B26D3
00008317000B2048
00008317000AB75D
00008317000C5302
00008317000A9D57
00008317000AAB9B
00008317000AAB6A
00008317000B26EB
00008317000A8770
00008317000A953B
00008317000A9D7B
00008317000B12AB
2929389832
00008317000D33F6
2935680773
2935082350
00008317000B12B7
00008317000AAB34
00008317000A7DAA
00008317000A8248
3056683783
00008317000C5945
00008317000C595B
3381580766
00008317000B26CF
00008317000CE435
00008317000B4430
00008317000C5617
00008317000C9DF4
00008317000A90B3
00008317000C55D6
00008317000C62FC
00008317000ABDFA
00008317000AACBD
00008317000A8AB1
3152241070
00008317000AFEFB
00008317000AD549
00008317000D2E14
3056682710
3057927130
2934977010
00008317000A8EAB
00008317000AF3EF
00008317000A7D3F
00008317000A8F01
00008317000A8E60
00008317000B27BA
00008317000A93CD
00008317000A8F0C
00008317000A5F4F
00008317000C5A2B
00008317000B418D
00008317000C469D
00008317000C4838
3056728604
2929453571
3063664025
2934395740
2934959037
2938842953
2930276609
00008384000685DD
3058567170
2934826173
2934249343
2938611109
2934928822
2938771506
00008317000A6044
00008317000C5AC1
00008317000A92FB
00008317000C8F54
00008317000C1E45
00008317000B3CCA
00008317000C47F1
00008317000C5A1A
00008317000C5831
00008317000C1D32
00008317000B3C46
00008317000C5A21
00008317000B3BFF
00008317000C5746
00008317000CE99A
00008317000B268B
00008317000A8E85
00008317000A8F1F
00008317000B020E
00008317000A8F24
2934519661
3057830649
00008317000B56F6
00008317000AF312
00008317000C2CB0
00008317000AF131
2938884779
3382098059
00008317000AF253
2934635942
00008317000AACA3
00008317000C1D68
00008317000D2FAA
00008317000C62C5
00008317000C37D6
00008317000B27E4
00008317000B01A4
2922999317
00008317000B2A3F
2938837181
00008317000AAB94
00008317000B2816
00008317000B129F
00008317000B277D
00008317000A8260
00008317000D31B4
00008317000ABF0D
00008317000B003A
00008317000C5C20
00008317000C3A1D
00008317000C54AA
00008317000B0049
00008317000CCD2B
00008317000B41C5
00008317000C630D
00008317000ABEFF
00008317000C54B6
00008317000C58A2
00008317000C5C41
00008317000B056B
00008317000A9194
00008317000C535B
00008317000AAA9B
00008317000D0C17
00008317000AF119
2929498915
2934402088
3382693614
00008317000A7BDA
0000831700072243
00008317000CFE48
00008317000A7F04
00008317000C632D
00008317000D40FE
00008317000B1B8C
00008317000AEDCE
00008317000A93E6
00008317000C9B19
00008317000B534C
00008317000D1E4B
0000831700071529
2929474662
2935459669
00008317000A7E5F
00008317000CB356
00008317000C5A1E
00008317000C630F
00008317000AE99B
00008317000C1EA5
00008317000C1EB1
3057898510
00008317000B1716
00008317000AF7A4
00008317000A7DF8
00008317000A6C0A
00008317000A9250
00008317000C1F59
00008317000C5674
00008317000A9D9C
00008317000D4092
00008317000C62D1
00008317000C4867
00008317000A9DB2
00008317000B2FBC
00008317000C5572
00008317000A7674
00008317000B2784
00008317000B2ADB
00008317000C61BC
00008317000C54AD
00008317000A8735
00008317000B0198
00008317000C356D
00008317000CEB1E
00008317000C38E9
00008317000CEC72
00008317000CC21E
00008317000B346A
00008317000C9D8F
00008317000C350D
2934413852
00008317000CC0B3
00008317000CC0ED
00008317000C6354
00008317000CE4AA
00008317000C29AF
2929490585
2934410694
3062679177
2922996353
00008317000C6393
00008317000A77E3
00008317000B01A0
00008317000ABEC3
00008317000C593E
2939099876
0000830600333805
00008317000AB58F
2934380816
00008317000C5C4D
00008317000AB583
00008317000C52C9
00008317000C5D1D
00008317000A76CB
00008317000C622F
00008317000AAAB7
00008317000ABE6F
2922991611
3062795283
00008317000C63C0
00008317000C5D16
2934492381
00008317000ABF12
00008317000B3BE6
00008317000D4570
00008317000D450C
3152186945
00008317000CE27E
0000831700097452
00008317000B04BF
00008317000CE9BE
00008317000AE232
00008317000A7F3A
00008317000AE1B2
00008317000C34B9
00008317000B15D5
00008317000A8B05
00008317000C9B6A
00008317000B1F9C
00008317000A9E91
00008317000C595C
00008317000AF018
3152306201
3057692557
00008317000A8F38
00008317000C52E7
3057355571
00008317000B27BB
00008317000C38A4
00008317000CC0F4
00008317000CE97F
00008317000B3D7A
00008317000AE2DF
00008317000B2073
00008317000A75C9
00008317000B2571
00008317000B28E0
00008317000B3105
00008317000B41E6
00008317000AB632
00008317000C63FC
00008317000C57A0
00008317000B2612
00008317000C57D4
00008317000C828A
00008317000A75EA
00008317000B3BA1
00008317000AB622
00008317000B5585
3057708487
00008317000B423A
00008317000B261E
2932208281
00008317000B1745
00008317000B201C
00008317000B1ADC
00008317000CA0E7
00008317000B1E64
00008317000A9DFA
00008317000B048B
00008317000A93F8
00008317000B0486
00008317000C7E67
00008317000AE2C3
00008317000C556F
00008317000A9131
00008317000B1AD5
00008317000B1C79
2935084699
3057821981
00008317000A9D21
00008317000A92DC
00008317000B3D94
3382816298
00008317000B4844
00008317000B381E
00008317000B28C2
00008317000C1D12
00008317000C47C6
2929453756
2939092751
00008317000B56F2
00008317000B2A05
00008317000C5DCC
00008317000C5A09
00008317000A7735
2934914536
2934545711
00008317000B579D
00008317000C1260
2938599777
00008317000C4833
00008317000A94F9
00008306003011D4
2936996232
00008317000C5B2A
00008317000B16B1
00008317000B20A0
00008317000A9D96
00008317000B21A8
00008317000A8210
00008317000C5ADD
00008317000B1695
3057822706
00008317000C8F8A
3057943679
2929496579
2934327547
2934937181
00008317000CB2B3
00008317000B1481
00008317000A7DD7
00008317000B149F
00008317000B1E98
00008317000B1CBB
2922998567
2934320906
2935063279
3057819710
2941251312
00008317000C36B0
00008317000D2E1B
00008317000722B8
00008317000A81EA
00008317000D3EF6
00008317000A81F6
0000831700070F87
00008317000D3E83
000083170007188D
00008317000C1E57
00008317000CCC94
2934378828
00008317000AAB1F
00008317000B26F9
00008317000B158F
00008317000B271B
00008317000A6021
00008317000CE116
0000831700071068
00008317000A60C3
00008317000A7956
2934246573
00008317000ADF9A
00008317000A9E6E
00008317000C5D5B
00008317000A60A0
00008317000C57DC
00008317000A8BB1
00008317000C61C6
00008317000AAC68
00008317000C4804
00008317000C53D0
00008317000B2748
00008317000A8BA5
00008317000AF25D
00008317000AAC75
00008317000B1312
00008317000A60E7
00008317000A6121
00008317000A9128
00008317000C3A17
00008317000AF4DB
00008317000CC240
00008317000AACDE
00008317000D411F
00008317000B1378
00008317000AAB9C
2935052248
3057674920
2935018021
0000831700097394
3057823332
00008306003458CD
00008306002FFE1E
2934828603
00008317000AD2B7
00008317000D217D
00008317000CE6AC
00008317000B1C6D
2934872875
3153051331
3057824794
00008317000A6AB2
3063677076
3039984975
2934562405
3057696757
0000831700071FAE
2938829344
2938603815
2934564336
00008317000C9DC8
00008317000C5B6B
00008317000CE0CD
00008317000A8827
00008317000A5FA4
00008317000B1B0C
00008317000A9CD4
00008317000CD4C8
3062779427
3057894710
00008317000B12FB
00008317000A8B09
3153096137
00008317000A8B96
3063450623
00008317000B262D
00008317000C58D1
00008317000ABF11
00008317000C5CAE
00008317000B4411
00008317000C5CAF
00008317000C55FD
00008306002FDFD4
00008317000D0BD2
00008317000B258A
00008317000AB53B
00008317000ADFF1
0000830600338D05
2935009032
2934997035
2934673496
00008317000AAC41
00008317000B3C1A
00008317000C5865
00008317000B25B1
00008317000AD450
00008317000C5D54
00008317000B25BB
00008317000ABCFA
00008317000B2FC2
3057831660
3057812919
00008317000A77AF
2935680620
00008317000AAC49
3057812301
3156504179
2938602457
2939095419
2938612967
2938637179
00008317000A939C
00008317000B3620
00008317000CC799
00008317000B288D
2932221898
2934983576
2934854538
00008317000CC1AF
2935219516
00008317000C290A
2934333505
00008317000C1EA2
00008317000A93EA
00008317000C63D6
00008317000AE239
3062792048
3056767888
3057822207
00008317000CEA71
00008317000B2602
00008317000C5E5B
00008317000CB284
00008317000CD42A
2935157153
2934581999
2934566430
3057896281
3057942172
00008317000CCDDA
3039985338
00008317000A60DE
3062793711
00008317000A9CB2
00008317000AF6E6
00008317000B217D
00008317000A9D51
00008317000A9CAB
00008317000AFECD
00008317000A6039
00008317000A9D45
3058542447
00008317000C62D4
00008317000AE30A
00008317000A8BAE
00008317000C39EF
00008317000B38F8
00008317000C5804
2934922449
2932006623
00008317000AABF2
00008317000AEEB5
00008317000A7DB1
00008317000A7DBD
00008317000A7659
00008317000C5874
00008317000A9528
00008317000AABEA
00008317000D3407
00008317000B3CFF
00008317000B3D12
00008317000C826B
00008317000A7CEA
00008317000C4774
00008317000B207A
00008317000AB799
00008317000A9CF1
00008317000AF4C1
00008317000A9EA1
00008317000AAC78
00008317000B283E
2922988376
3063295034
2934623634
00008317000B1F84
2934968591
2934323184
2934596164
00008317000B2C1E
00008317000B2C19
2931807806
00008317000AEE39
00008317000AF4CF
00008317000AB654
00008317000C2C0C
00008317000B2199
00008317000C1E4F
00008317000B12BD
00008317000A8AFE
00008317000B1B1E
2929479231
2934570808
3057696620
00008317000A913D
00008317000AE268
00008317000AD4F5
000083170009744D
00008317000A9E4A
00008317000A7794
00008317000C5934
00008317000C122A
2931777652
2934848745
00008317000CE720
00008317000AE19A
00008317000A8376
00008317000B1FA5
00008317000B289B
3063447407
3063740705
2935093760
3380365358
00008317000B040E
2938656702
00008317000B2AD7
00008317000B270C
2934313267
2938236490
00008317000ABEED
00008317000B1FD1
00008317000C5904
00008317000B38A8
00008317000ABED0
00008317000B2772
00008317000A7765
00008317000B38A1
00008317000C5C2E
00008317000AACAA
00008317000B2AA8
2929979147
2931847003
2934856221
00008317000CE673
00008317000C586E
00008317000CB08C
00008317000A9191
2939131193
00008317000C568A
00008317000A8ABE
2934895861
3063658038
00008317000D3190
00008317000A9E6F
3062339194
00008317000A90CE
00008317000C5607
00008317000A8B0D
3057922457
2931934520
00008317000CC0DF
2938235643
00008317000C590B
2938233522
2922988998
00008317000C592D
00008317000B276B
2934704261
3155207816
2938853261
00008317000CCAC0
00008317000A77CB
00008317000C5825
00008317000A9377
00008317000AEF19
2935047740
2938612420
3057942683
2934995288
00008317000B0055
00008317000C5444
00008317000B0057
00008317000B2FC6
00008317000B275A
0000831700070EF7
3056763846
00008317000A7F35
00008317000C54F2
00008317000AE244
00008317000ADF10
00008317000AE1FD
00008317000CE23F
00008317000B206B
00008317000AEF0A
00008317000B1EB2
00008317000CCDC9
00008317000A9CE3
00008317000A60AE
00008317000A9E80
00008317000C0D9D
3381301525
00008317000D2149
00008317000C5603
2934829670
00008317000AEE6F
00008317000AF0BD
00008317000A90CF
3381718465
00008317000B155D
00008317000A8011
00008317000C2BF9
0000831700071C62
2934913957
00008317000A8F14
00008317000CFC69
00008317000AF2A4
00008317000D5A38
00008317000AFF31
00008317000D410F
00008317000D413F
00008317000D3E7C
00008317000A8950
00008317000D43AD
00008317000AEDB6
00008317000AD250
00008317000A6008
00008317000B153C
000083170007101C
00008317000C3690
00008317000A61BD
00008317000B0565
00008317000A76B1
2931806510
00008317000ADFF2
3382814144
00008317000AE2CA
2938194737
00008317000AE202
00008317000C5E31
00008317000CC1B7
00008317000C5D9D
00008317000A7648
00008317000A94B9
00008317000C1D13
00008317000B2A0C
00008317000B2021
3057694207
00008317000C574F
00008317000B1F70
00008317000C34C5
00008317000A939D
00008317000B1F97
00008317000AEF03
00008317000A7725
00008317000C5626
00008317000B1719
00008317000AD2E7
00008317000C61C3
00008317000B28C1
00008317000A91EF
00008317000A94E5
00008317000A9368
00008317000B28A5
00008317000AAC5D
00008317000C37DE
00008317000C5675
00008317000C47FF
00008317000C558E
00008317000C5CD3
00008317000C619D
00008317000A8BB5
00008317000A6071
00008317000D40F3
00008317000B1E8D
00008317000A9CB4
00008317000C4858
00008317000B13AF
0000831700071695
00008317000A60D9
00008317000C5B8E
00008317000C61A2
00008317000C533D
00008317000C6280
00008317000AB6E1
00008317000B441D
00008317000B2580
00008317000C58EB
00008317000AB553
00008317000B26CD
00008317000B4440
00008317000A773E
00008317000B25FA
00008317000B388C
00008317000C581C
00008317000B28D6
00008317000C57F7
00008317000A77F4
00008317000AB64B
00008317000B271A
00008317000B2711
00008317000B4185
00008317000AB6E6
00008317000ABDA8
00008317000C5901
00008317000CE3F8
00008317000AFB3A
00008317000AF4CA
00008317000C52D5
00008317000C63CC
00008317000A9E43
00008317000ABF05
00008317000C55E9
00008317000A777D
00008317000AB519
00008317000A777C
00008317000B3861
00008317000B255E
00008317000C5749
00008317000AB590
00008317000C5CA9
00008317000ABF27
00008317000B2585
00008317000B38A3
00008317000AFF20
00008317000D2138
00008317000D2FB6
00008317000ADFB1
00008317000A60B1
00008317000A8BBB
000083170007167E
00008317000B3D10
3057824100
3057925883
00008317000C5AC8
00008317000C825D
00008317000C5734
2934391427
00008317000AB710
00008317000A92E3
2931774812
00008317000CCCDB
00008317000C5C8C
00008317000CCCBB
00008317000C5A0F
00008317000AF221
00008317000C62ED
2934520515
2929499891
00008317000B2633
2934909411
3057830220
3381244389
3057820563
00008317000B4210
00008317000973F5
00008317000CCDCD
00008317000A9431
00008317000AB656
00008317000C5B5F
00008317000CCD30
00008317000A90E5
00008317000B3D07
00008317000B0034
2934354171
00008317000C6306
00008317000C2B86
00008317000C5CB3
00008317000B1370
2934312064
00008317000B2801
00008317000CB1C1
00008317000973A5
3057708549
3380731863
0000832B00261F3B
00008317000A9DCA
00008317000A7E95
00008317000D352C
00008317000B1C74
00008317000A9D91
00008317000ADF5C
00008317000A7E71
00008317000B15FE
00008317000B2043
00008317000B20B5
00008317000B15E0
00008317000AEE5F
3057711356
3056757932
00008317000B2FC0
00008317000AFF2C
00008317000C37A9
00008317000AE2D8
00008317000B1B22
2934402701
00008317000CC0A9
00008317000A9CA0
00008317000C2BE2
00008317000B057E
000083170007169D
00008317000A9D76
00008317000C59D3
2935048681
00008317000B1C8E
00008317000B2144
00008317000B172A
3062692809
2932006416
00008317000B00DB
00008317000AE2C1
00008317000AAC24
00008317000D0BC1
00008317000C9D7F
00008317000D3E80
00008317000AF36E
2934864827
2934830790
2934417303
0000831700070EED
00008317000B2137
00008317000AEDB1
00008317000B527A
00008317000AF2D3
00008317000CE57E
00008317000B1B5B
00008317000A7D6F
00008317000B1B26
00008317000C2B79
00008317000AA32B
2929462690
2936963111
00008317000B0413
00008317000A8853
00008317000A8E7F
00008317000AF413
00008317000AF13C
00008317000A5F4B
00008317000A7BA1
00008317000A8E33
00008317000A7A5D
2934678052
2934479476
00008317000B15A2
2929584056
2938627688
00008317000B0433
00008317000B044E
00008317000C3A66
2934642739
00008317000C5C64
000083840003C922
00008317000A8278
00008317000A7FB4
2934902360
2931851382
00008317000D4359
2934822808
2934545264
00008317000A61C1
00008317000D4354
2934909431
00008317000AF3BA
2934554597
3062791079
3062679358
00008317000B28B4
2931929140
3057833729
00008317000AF4BD
00008317000A8F00
00008317000A9536
00008317000B2685
00008317000D3E99
3057710665
2938770129
00008317000B3587
0000831700071082
00008317000AB6F6
00008317000B51F6
2931978642
3057819838
3063694928
00008317000D2F27
000083170007188B
00008317000AF2C9
00008317000AED84
00008317000B16AF
00008317000D3FC9
00008317000D4108
00008317000A61C2
00008317000C9AE2
00008317000B5353
00008317000A61D5
00008317000A8ECB
00008317000A92D5
00008317000AD555
00008317000D3E91
00008317000C5AD3
00008317000B25E4
00008317000CCAC4
00008317000AB76E
00008317000AD2B3
00008317000B21B5
00008317000C1F66
00008317000CCCF0
00008317000B1B6D
00008317000B1F36
00008317000CFEF4
00008317000C5955
00008317000C614D
00008317000AE22A
00008317000B163B
00008317000A7E3D
00008317000A933A
00008317000CC1BC
00008317000A93A7
00008317000C5CFB
00008317000C5B0F
00008317000B3BE7
00008317000C862A
00008317000D78FA
00008317000B12B0
00008317000B212A
00008317000ADFB8
00008317000CD4BC
00008317000B34C2
00008317000A8B03
00008317000A60CE
00008317000B1EBE
00008317000D593A
00008317000C1E1B
00008317000D0BB5
00008317000A9DFF
00008317000C58E7
00008317000A9E92
00008317000AEEB7
00008317000CE288
00008317000C1E61
00008317000AF3D0
00008317000AF417
00008317000CD1CB
3062681087
00008317000B15F3
00008317000D4123
0000831700070F4C
00008317000A93DA
00008317000CE9A6
00008317000C5DA3
00008317000C6247
00008317000B26CB
2935528504
2934567172
00008317000C5DF4
00008317000C5E49
2934825191
2932180520
00008317000B3C23
000083060033B898
00008317000AF0D6
2934847618
00008317000C597F
00008317000B340E
00008317000D590F
3057923550
2934551396
00008317000C5AF7
00008317000C1C63
00008317000B3D99
00008317000C61EF
00008317000C467B
00008317000AE00E
3063695484
3057825345
00008317000B2777
00008317000C5AB5
2939111025
3057708831
2934565424
00008317000A93ED
00008317000AF3EC
00008317000ABED7
2934892206
3063266499
00008317000AED97
00008317000C4790
00008317000C5314
00008317000B20F5
00008317000D453E
3058563997
2934313613
00008317000C59E1
00008317000C56A2
00008317000C5702
00008317000B1290
2938634055
00008317000C3856
00008317000A874B
00008317000A6081
2935172110
00008317000B1393
000083840003DC8D
00008317000B3469
00008317000C5635
00008317000A952F
2934635596
00008317000B26BC
00008317000B275D
00008317000CE121
00008317000B297E
00008317000A784A
0000838400045FD3
00008317000A6D15
2934855750
2929483615
00008317000A7671
3062692490
00008317000B2853
00008317000A920E
00008317000B26A1
00008317000B2867
00008317000B3B98
00008317000C8258
00008317000C303A
00008317000AAC4F
00008317000C5AF2
3057942803
2934317942
00008306003E176F
00008317000B47E3
00008317000B2FD8
00008317000A8F11
00008317000A7D68
3062216337
00008317000A7BF7
00008317000AEDFA
3063211359
00008317000B0408
00008317000D4447
00008317000A9311
2931785169
00008317000A7BBB
00008317000711D3
00008317000A7BC0
2932222480
00008317000B21A2
3056761978
00008317000A8AE6
2934860673
00008317000A7B97
00008317000A7D36
00008317000CEA8A
00008317000A7C52
3057693089
00008317000B21AA
00008317000AEE5C
00008317000B04A8
2938656026
00008317000C1E8E
00008317000B1B55
00008317000C1248
2931811604
2935047943
3063446885
2932214156
00008306003355B1
00008317000B1CD8
2922987766
2934867938
3057893359
00008306003015CC
00008317000C543F
00008317000C7E6B
00008317000B2880
00008317000B257F
00008317000C5DFB
00008317000A7779
00008317000AB5A4
00008317000C58CB
00008317000ABECB
00008317000C631E
00008317000AB59D
00008317000ABD7E
00008317000C5996
00008317000AAB2F
00008317000C57BB
00008317000ABF5E
00008317000C1261
00008317000CCC7D
00008317000B2A2B
00008317000CB261
00008317000B2152
00008317000CB242
00008317000CB249
00008317000B1F24
00008317000A76E9
00008317000C549E
00008317000B2577
00008317000C5BE9
00008317000C5CB0
00008317000ABEDE
00008317000B6B6F
00008317000B3C2A
00008317000A76D2
00008317000C620C
00008317000A77D5
00008317000CE6A7
00008317000A7FB7
00008317000C5B6C
00008317000ADFCC
00008317000C3640
00008317000A8B9D
00008317000C5676
00008317000D76B3
2935513579
2935011681
00008317000B2189
00008317000B1C4A
00008317000A7DB8
3381678603
00008317000C615A
00008317000B2093
00008317000A7F40
00008317000B21BC
00008317000A7D6E
00008317000A7EC0
0000831700071FB5
00008317000D318B
00008317000A9E54
2934920700
2938822279
00008317000C576E
00008317000B2049
00008317000AE2DC
2934934828
000083840006BC98
2935762107
00008317000B1B18
3063741638
00008317000AD3D9
2922999269
00008317000C57EC
00008317000C1E88
3062788341
3379628653
2934700590
2931998822
00008317000A7F1C
2934655429
2934481371
00008317000B12EF
00008317000B2A3E
3057947499
00008317000C3A29
00008317000B1275
2934318680
00008317000B38F2
0000831700097381
3152322786
00008317000B1582
3151867626
00008317000A9D65
00008317000ADF0F
00008317000CD1E3
00008317000B01F5
00008317000ADFBB
00008317000AD212
00008317000C5967
2934380117
00008317000AF4D6
00008317000B01F0
000083170007107E
00008317000A9CBD
2938655960
00008317000AEFA7
2934909516
00008317000AB547
2935078066
00008317000AB518
2933271807
2932221154
00008317000C6212
00008317000C593A
00008317000AB616
00008317000B2714
00008317000AB667
00008317000A8951
2938235009
00008317000C5479
00008317000B1F8B
00008317000A93C4
00008317000B28DB
00008317000B2584
3152243073
00008317000C57C2
00008317000C5922
00008317000B3DB9
0000831700070EEA
00008317000A8B15
3057918049
3403176555
00008317000B1708
00008317000B157A
00008317000ADF6F
00008317000AEEF2
00008317000B1C22
00008317000CE268
00008317000B3C0F
00008317000A60D1
3057825868
2939111161
2934592981
00008317000B1540
00008317000A82DC
00008317000B1279
00008317000A9383
00008317000C5807
00008317000B388B
00008317000B3895
2931938659
2934844749
00008317000ABF08
00008317000B25DE
00008317000A7693
00008317000A76C6
00008317000A75C2
3062777193
00008317000AAC4D
3403176784
00008317000B258C
00008317000B25CE
2934693309
2934612717
00008317000AEF40
00008317000B288E
00008317000B442D
00008317000B259E
00008317000B2705
00008317000C5952
00008317000AFEF6
00008317000AEE12
3063728660
3062822735
00008317000AF31E
00008317000AEDE7
00008317000A7BD3
00008317000A8E93
00008317000B4F8B
00008317000A8F39
00008317000AFFAB
00008317000A7BAF
00008317000A902E
00008317000AF130
00008317000A93DF
00008317000A8E9F
00008317000AFF02
00008317000B007F
2922981802
00008317000B1280
2936505301
00008306002F1738
2934417409
0000831700097383
00008317000B486A
00008317000B27E2
2934835233
00008317000B0176
00008317000AE1BA
00008317000B12F0
00008317000C8F04
00008317000AB5E0
2934318923
2935090546
2935562408
00008317000B27D8
00008317000B3D20
00008317000B3CBD
00008317000B1BF8
00008317000B1CDC
00008317000A9049
00008317000A9114
00008317000ABE60
00008317000CCCC6
00008317000B2FBF
00008317000ABD34
2931884632
2934826592
00008317000A9DC3
2941241246
00008317000B38E3
00008317000CB1B5
00008317000B15E6
00008317000B15F2
00008317000AE28A
00008317000C6323
00008317000AEED8
00008317000D3F85
00008317000C58D7
00008317000C5CC7
00008317000CB28E
00008317000A7DDF
00008317000AD45A
00008317000B0202
00008317000AEECB
00008317000B1E80
00008317000C470E
00008317000AE2B1
00008317000A8E2C
00008317000973EF
00008317000B2201
00008317000ADF4D
00008317000C5690
00008317000ADF48
00008317000B1C8C
00008317000C5C9C
00008317000C61FF
00008317000B15ED
00008317000AD416
00008317000C5787
00008317000AB53A
3063449543
2934380932
00008317000ABF07
00008317000B25EB
00008317000A877E
00008317000A90CC
2934596368
2929497630
00008317000C5C52
00008317000B3897
00008317000C58AC
00008317000C7EA6
00008317000A94DE
3057923857
3063341111
00008317000AACE6
3057897211
2934476304
00008317000B3DBA
00008317000A76F9
00008317000C591F
00008317000C58C5
00008317000A90CB
3062690477
00008317000B3899
00008317000B2FEA
2938657194
00008317000C6150
00008317000B44B4
3057672998
00008317000CCDC6
00008317000ABF17
00008317000ABD01
00008317000B3D30
2938633097
00008317000C58B3
3062695122
00008317000C594A
00008317000AAB24
00008317000C634A
00008317000B53EF
00008317000B4188
00008317000C8667
00008317000A7818
00008317000A606F
00008317000C372F
00008317000CE90C
00008317000A9241
00008317000C534C
00008317000B2A77
00008317000D59B3
00008317000C471D
00008317000B4490
00008317000CEB7D
00008317000A921D
00008317000B41D7
00008317000CEBF0
00008317000D42ED
00008317000AB76B
00008317000C907B
2934561882
3057889725
2938211167
00008317000B387A
3381706096
00008317000C46BC
00008317000CFCC3
00008317000C1052
00008317000C5B6E
2932218385
3152223871
00008317000AB503
00008317000B2A1D
00008317000A9375
3156170482
3153075233
3063448118
00008317000B483D
00008317000C1D54
00008317000A7CA2
2935138237
00008317000B2A35
2934844268
00008317000D3519
00008317000973DE
00008317000B2075
00008317000A6028
00008317000A9355
00008317000AB7A1
00008317000C6186
2938634267
3380252297
00008317000B14B8
00008317000CB1D9
00008317000B2AD4
00008317000973BD
00008317000C8283
00008317000B1605
00008317000B2AC3
2923000910
00008317000B28E9
00008317000C4768
00008317000A769C
00008317000B2858
00008317000C475C
2934823902
00008317000C2B92
3379628631
00008317000C5880
3057286483
00008317000AAD06
00008317000B2027
2934824584
00008317000C39C2
00008317000A7651
00008317000A8759
00008317000B26B3
00008317000A7E59
2932232934
3057921889
3063173594
2934474556
2939113558
00008317000A828B
00008317000A7CA5
00008317000A8754
00008317000AAB10
00008317000C5A67
00008317000B15B4
00008317000C5A4F
00008317000B2805
00008317000C4800
3058318996
00008317000B4483
00008317000A9E87
00008317000C5632
00008317000CFE8B
00008317000AB53D
2934474535
2932218619
00008317000ADF40
00008317000B1672
2934826992
00008317000B203C
00008317000A7C32
2934562299
2932219069
00008317000C5C84
00008317000C4730
00008317000B158C
00008317000B4415
00008317000A91A5
3151943734
00008317000A77C5
00008317000C3811
00008317000C637D
00008317000C4759
00008317000C46E7
3062788654
3063685672
2935010966
3062682398
00008317000AACF5
00008317000B3D0E
00008317000ABDC5
00008317000B3C19
00008317000AB546
2934697340
00008317000A77BF
00008317000CCDA9
00008317000B38A0
00008317000C5926
00008317000A917D
00008317000B2844
2934363513
2931800021
3381377037
2922997840
00008317000C5CED
00008317000A9121
2940239145
2934829363
00008317000CF98A
00008317000A75E9
00008317000C47B0
00008317000B38EF
00008317000A8919
00008317000A82A8
0000831700071716
00008317000CFCA4
0000831700071FBD
00008317000CC17C
3381993376
00008317000C5367
00008317000AB4F8
00008317000C63B4
00008317000C5958
00008317000716BA
00008317000AB52D
00008317000C1D63
00008317000CE0F4
00008317000A899F
00008317000D304D
2930286588
00008317000D305E
00008317000D2E13
000083170007182D
00008317000D29B1
3058565199
00008317000C902C
00008317000C39B9
00008317000C9013
2931780536
00008317000C0E2E
00008317000CC22C
00008317000CA3A8
00008317000C2945
00008317000C0FC0
00008317000C909A
00008317000CC1DF
2922990397
00008317000C5D9E
00008317000C35F2
00008317000C8779
00008317000B3432
00008317000C9736
00008317000A9289
00008317000C3586
00008317000973D7
00008317000A6C79
00008317000C5654
00008317000B05B0
00008317000A9D5C
00008317000B446A
00008317000A7CD2
00008317000D3EFA
00008317000A874E
2931995666
2934671028
00008317000B27C0
00008317000C557E
00008317000AB724
00008317000B3BA9
3063187535
000083170009738A
00008317000A8762
00008317000CE3D2
00008317000CE3EA
00008317000B3B9D
00008317000C1E28
00008317000C1D17
00008384000653EF
00008317000C59D6
00008317000C5A43
00008317000A9482
00008317000C5B20
00008317000C61F6
3057695534
00008317000AF25F
00008317000CEBE9
00008317000C581F
00008317000C4689
00008317000C469A
00008317000CCBE6
2934607099
2934918531
00008317000C1C52
00008317000C58CC
00008317000B2FCB
00008317000A77D0
00008317000B4433
00008317000C5C78
00008317000AB6C1
00008317000AEEBC
00008317000CCAD1
00008317000CCAE0
00008317000A93B8
00008317000A945D
00008317000C5E02
00008317000ABDCF
00008317000AE23A
00008317000B217B
00008317000CE715
00008317000C55F0
00008317000A824A
00008317000A9E69
00008317000B1C48
00008317000B0056
00008317000B047A
00008317000AD454
00008317000B1701
00008317000B1BF3
00008317000AD21E
00008317000B1501
00008317000A9111
00008317000AD3F1
00008317000C547F
00008317000AD3D2
00008317000A9D02
00008317000B205B
2938192472
00008317000B3C1E
00008317000C5A61
00008317000ABDB4
00008317000AABD8
3381607559
00008317000C5459
2935159150
00008317000AEE91
3057881868
00008317000C572E
00008317000C54C2
2934928754
2929488297
00008317000CCAB4
00008317000ABEF9
00008317000AEEC8
3402733362
00008317000CD1DC
00008317000C4678
00008317000AABC6
00008317000AAAAE
00008317000ABDBB
00008317000CCD75
00008317000CC7A5
00008317000B257D
00008317000B25FF
00008317000B2FBE
00008317000A7780
00008317000B265B
00008317000A90F3
00008317000C5552
00008317000AB55F
00008317000B43F4
2939116720
00008317000A90F8
00008317000ABEFE
00008317000C59CC
2929455438
0000830600338225
3056768276
3056766668
3057712978
3057711634
3152359707
3057830751
3057823476
3057809439
000083060033524C
3380709723
3382925619
3152297793
3152219966
3057892997
000083060034445C
0000830600341528
3062791200
3156255762
3062684617
3062807802
3062683572
3062702319
3062819693
3062778301
2934769506
2934841097
2934483340
2931814953
2931964632
2931856450
2934595508
2934255775
3152363372
2934912394
2934902686
2922977871
2923001530
2922981880
2922986680
2929474407
2929474776
2929474569
2929495005
2929499249
2929491956
00008317000C5E74
00008317000ADF7A
00008317000C4782
00008317000A8BA3
00008317000CB2C0
00008317000AB6EB
00008317000C6301
00008317000A8AE0
3403547560
00008317000CD447
00008317000CCD9E
00008317000A5FBA
2935667845
00008317000AEFF8
00008317000B1E67
00008317000C59AA
00008317000C2031
00008317000A7F77
00008317000B1CE5
2934621911
00008317000B1C6C
00008317000B41E0
0000831700071029
00008317000AD4A7
00008306002FF901
00008317000C250C
00008317000B21EF
00008317000D4569
00008317000C59FC
00008317000D5392
00008317000B3CA2
00008317000A837C
3057925200
2934673176
00008317000C87A2
3056685975
2938184814
00008317000D442E
00008317000B3C11
00008317000AB6E4
00008317000A92CB
00008317000C125F
00008317000B4470
00008317000CEA80
00008317000C9722
00008317000B3C66
00008317000CD35C
00008317000ABEC6
00008317000C4778
00008317000C5DDC
00008317000C8FE7
00008317000A6068
00008317000C46CE
00008317000C5721
00008317000B3C96
00008317000B3C35
00008317000AB6BD
00008317000C61DB
00008317000C5DDA
00008317000AB50A
00008317000CD307
00008317000A9437
00008317000A930B
00008317000B575C
00008317000C47EA
00008317000D4441
00008317000B26F0
00008317000C6211
00008317000B4F2F
3063336381
3057695584
00008317000B419B
00008317000C9DBF
00008317000C2A40
2939155727
3380983227
00008317000C39C3
00008317000CC196
00008317000CE4A0
000083840003E7A3
00008317000CE4ED
00008317000C38F8
00008317000B380B
00008317000B33E6
00008317000CEC81
2938657044
2934383729
3057696176
3156511750
3382165154
3057945604
3152226022
3057917471
3057920292
3057918245
3057919722
3062795709
3057898422
3057893590
3057691194
3057938800
3057696247
3381036141
3156704467
3057899776
3058567504
3062372729
3381884762
3062682464
3039985570
3155866724
3062441048
3062339422
3152311431
3058319237
3062694722
3156439236
3062344311
3382886668
3057823856
3057947152
3062682776
3152302675
3057946683
2934317067
3056763812
2934402880
2935546417
2934842060
2934493329
2934828830
2934818443
2934483131
2934402716
2934396800
2934504690
2934509560
2934504101
2934358347
2934363642
2934390590
2935192871
2935012674
2935535932
2935121497
2935513580
2935012642
2934549812
2935438544
2934693313
2934686583
2935092854
2931778089
2934620141
2934594662
2934387449
2934354472
2934497946
2934504576
2934549093
2934648421
2934406966
2934648906
2931825083
2936976726
2931889186
2931986199
2931889908
2934627941
2935759529
2934622356
2935093277
2934625252
2935127954
2935127783
2935672874
2934552320
2934651206
2935729313
2934541556
2935717691
2935438717
2937007091
2934523397
2934566038
2935626756
2934594556
2934625703
2934536082
2934620679
2934684425
3380702196
3153100153
3063715960
3063691959
3063741632
00008384000692CD
3381572264
3063737256
3063744002
3063744352
3063554675
3063286244
0000830600341308
3152363722
3063293372
3063195712
3152366311
3063357470
2938232103
2938192650
2938190048
2938184711
2938236899
2938190469
00008317000B41B6
3057832137
00008317000C34E0
00008317000CEC22
00008317000C1EE1
00008317000B1586
00008317001434D2
00008317000C360A
00008317000AE22E
00008317000B5516
00008317000B219B
00008317000AEEF7
00008317000C5368
00008317000A9E8B
00008317000A60D6
00008317000A8276
00008317000D2182
00008317000B203E
00008317000C350B
00008317000AF0B0
00008317000AE33E
00008317000CC186
00008317000C3AC5
00008317000C5885
00008317000B2F99
00008317000A93BD
00008317000C5DA4
00008317000C5CC6
00008317000A9493
00008317000B3888
00008317000B3C08
2932003493
2939095389
00008317000ABE7B
00008317000AACCE
00008317000C5803
00008306002F0B80
00008317000ABE5A
00008317000C5A5D
00008317000AB6CF
2938852682
00008317000CCDBA
2934844092
00008317000A77FF
00008317000CB079
00008317000B41BE
00008317000B4248
00008317000C5973
00008317000B2FE6
00008317000A779F
00008317000B4435
00008317000AB674
3382052924
00008317000A76F4
00008317000C5A7A
00008317000AB67A
00008317000B2656
3057697215
00008317000C5B50
2934968701
00008317000CCC83
00008317000C5C5E
00008317000A7856
00008317000B448E
00008317000AB5AC
00008317000B2657
2922990002
00008317000B3DBF
00008317000C1EBA
3063196259
00008317000CE0F6
00008317000AAC90
00008317000AAA80
00008317000C304D
00008317000AB5AA
00008317000B162E
3063747354
3152872704
00008317000B3D41
00008317000B15BA
00008317000A7807
00008317000D5927
00008317000AAC9B
00008317000B33F1
00008317000B3D88
00008317000AB6CC
00008317000C46D5
00008317000A9365
2934530578
00008317000B3C0B
00008317000B3D2D
00008317000C5A40
00008317000A948B
00008317000A7600
00008317000B26F6
00008317000A9384
00008317000B3409
00008317000C481C
00008317000CD336
00008317000B137B
00008317000C3763
00008317000C480E
00008317000C4738
00008317000B3D29
00008317000ABEE1
00008317000C4857
00008317000B2868
00008317000AEEE6
00008317000AEEF0
00008317000CCDC1
00008317000C5CBA
00008317000B2FDA
00008317000A919F
00008317000C616F
00008317000AB64A
00008317000AACE0
00008317000AFECE
00008317000AAAA7
00008317000C59B5
00008317000AABF7
00008317000B04B3
3159139307
2934404120
3062186869
3057814445
00008317000B1AD9
00008317000AD2E8
00008317000C3ACB
0000831700071017
2934851629
00008317000AF12A
00008317000A93BC
00008317000A8EA7
00008317000A7C46
00008317000C4831
2934848750
00008317000A7E65
2938639152
3062342226
00008317000A891A
00008317000A7D5C
00008317000AF327
00008317000A7617
00008317000B2709
00008317000A9D5A
00008317000B01C1
00008317000D3F6F
00008317000B4804
00008317000B1744
00008317000B12D3
00008317000A7684
00008317000B126B
00008317000A7E76
2934482588
00008317000CE082
00008317000B3CDD
3057945288
2931773936
3403177241
00008317000B2AE7
00008317000A9E03
00008317000CC0A6
00008317000B1C80
00008317000CE08C
00008317000CE3E0
00008317000CE989
0000831700070EEF
00008317000B2ACF
00008317000C55C6
00008317000C9D89
00008317000B2052
00008317000AF423
00008317000C577B
00008317000CC790
00008317000ADF58
3152772065
3063342141
2934827119
00008317000A90AB
00008317000B1F9D
00008317000CB21C
00008317000C57DB
00008317000A604C
00008317000D303D
00008317000CC18C
00008317000CED3A
00008317000C3893
00008317000CC1C4
00008317000B00E2
00008317000D42C2
00008317000A7857
00008317000A9215
00008317000C35B8
00008317000C38FA
2934419159
00008317000C39CE
00008317000CC112
00008317000CC184
00008317000C29D4
00008317000B3488
00008317000CED2D
2938835660
00008317000B2745
00008317000CD4D1
00008317000C5938
0000830600333F77
2929456324
3057820209
3063759192
3057694848
00008317000CA086
00008317000C5B78
00008317000AF089
00008317000A9DD4
00008317000C5944
00008317000A9149
00008317000A7B62
00008317000D7663
00008317000B5662
00008317000B21E2
00008317000D43CF
0000830600334A0B
00008317000A824F
00008317000A794A
00008317000A602D
00008317000AE1DA
3063671707
00008317000C55B3
00008317000AE1F2
00008317000BE8BB
00008317000CC122
2938231863
00008317000C904B
00008317000C3769
0000830600338E15
2932213722
00008317000CC1D0
3057920448
00008317000CC076
00008317000C9D9A
00008317000C37B1
00008317000C1E1F
00008317000D582A
00008317000CE488
00008317000CE465
00008317000C0ED7
00008317000C37AA
00008317000CED5B
00008317000D3041
00008306002F1D00
00008317000A928D
00008317000C2952
00008317000A8341
00008317000D40BA
00008317000A9DD6
00008317000B26A0
00008317000C62C2
2934822042
2938858729
3063657772
2934935812
00008306002F0FC0
3057361908
00008317000B15E7
00008317000AD520
00008317000B483F
00008317000A7C55
00008317000CC0B7
00008317000C2BFC
00008317000B1C7B
00008317000C2B81
00008317000B20C1
00008317000A9CEE
00008317000CB1BC
00008317000CB1CD
00008317000C62B6
2929453732
0000832B002C6206
2931770159
3057924552
2931880155
00008317000B2878
00008317000B12EB
3057706970
2934830724
00008317000C58F0
00008317000B15D2
00008317000C6308
00008317000C5733
00008317000C5CA1
3057823164
00008317000D3F35
00008317000B3C4C
2941237152
3152397845
3057812558
00008317000B2636
3063651147
00008317000C5B56
2941244627
3062776701
2934509775
3057812198
2934380886
00008317000C5738
00008317000CE030
00008317000AD51E
00008317000C578A
00008317000A76C1
00008317000ADFBC
00008317000C5751
00008317000C5E07
00008317000C5759
00008317000C595D
00008317000C5E51
00008317000ABDD4
00008317000A782F
00008317000B30C5
00008317000B12AD
3062778380
2935762283
2929940391
00008317000D3544
00008317000B1EE4
00008317000B424C
00008317000AB73C
2932204065
00008317000C3795
00008317000C62DA
00008317000B2773
2934594226
2934601380
2934629974
2934645928
2934704256
2934837030
2934962773
2935057360
2935221679
2938602929
3057830389
00008317000CB068
00008317000B2755
2939099640
2934245313
2935107856
2922996655
2929493588
2934344195
2934404385
3057690685
3379670404
3057698456
3057701058
3057815471
3057821041
3057943136
3063744732
3062779447
3057823609
2929461937
00008317000ADF98
2934558605
00008317000CB06F
00008317000ADF2F
00008317000C1FFB
00008317000A7F99
00008317000C4825
00008317000A6B75
00008317000AAA5E
00008317000CB351
00008317000B1AFE
00008317000B1C89
00008317000CD4C7
2934599505
2938221904
3382914501
2938885178
2931877201
00008317000C480C
2935680514
2934644549
2934582113
3057673562
2934620528
2934825575
2929494708
2941244581
2931779636
00008317000B2888
00008317000AAAA4
00008317000A6138
00008317000AAA84
00008317000CB22C
00008317000B389C
00008317000C5CC2
00008317000B21CD
00008317000C2C4A
3057920642
3063654329
2935047024
3057825749
3057921180
3057822858
2934354717
00008317000B388E
00008317000A9EAE
00008317000AAAF6
00008317000B2707
00008317000AE328
00008317000A77C4
00008317000C5C1B
2929585347
2934853905
3057694995
3057710861
00008317000A784D
00008317000C597A
00008317000AAAE4
00008317000B1FB0
00008317000CE3D4
00008317000A776C
00008317000B27D4
00008317000AAABE
00008317000C588A
00008317000C5812
00008317000AEF78
00008317000A77BD
00008317000C57B1
00008317000CE28A
00008317000C5593
00008317000B1F66
00008317000C5D30
0000831700071040
00008317000B1281
00008317000AAC59
00008317000A8962
00008317000A9171
3057697515
2923000222
3063348747
2931857283
3057898743
2929389571
2931805865
2934670929
00008317000AEEDD
2929581680
2924093647
2934405081
2934244752
2934835439
2934641717
2934641326
2934846807
2934670668
2934241552
2934680562
3152914825
2934992149
3057922449
2934251310
2938657936
3155343522
2934381456
3152302870
3382624391
2932213781
2934850286
2934336025
2939102669
2934363737
2931789274
2934649361
2931994927
00008317000C5DEF
2929946172
00008317000B3C32
2935047069
2935092700
3057354989
2929497036
2938756925
2935017691
2939103929
00008306003015E5
3062800948
3381808834
3381540644
2934586638
3057943862
2938837699
2935033939
3156370629
3063717527
2934849675
2934328121
2934934284
2938638674
3057819760
2938835658
2935628604
3063738931
3057835073
2939098945
2935184598
2934836221
0000838400045298
2931780526
2934960976
3062812940
3057697133
2933272833
2938658320
2934352901
2932208241
2931832285
2934992021
2934565135
2934343183
3152310035
2938232064
2932160895
2934357787
3057825956
3062792945
3156045558
3062188861
2934666747
2935062821
3156515641
2929470059
000083840001B57B
00008317000CE40A
2932204603
3379569766
3062417448
2935128772
2931889282
2934614193
3381993291
2929940931
3039987244
2935066207
2938827344
3152218881
2929476010
3063720199
2935459546
2934641485
2929578480
2934505302
00008306002F1793
3152363366
3063938819
2923000902
3063765800
2935522786
3063450188
2932207619
00008317000AFEBB
2934573056
2932207092
2922983822
2934254934
2938633227
2935115629
2939131762
3058569781
3062691546
00008317000C5CA7
2938199637
3056729323
2934384053
2939110376
00008317000B1720
3063206690
2922988526
2934651809
2934911804
3057833326
2935206203
2932224232
2934404638
3057925134
2939092222
2934693133
3057821294
2936468571
3149379952
3063336274
3062778601
3057693628
2934666474
2934826836
2939137919
2934846629
2938611159
3057707276
3057821239
2934659997
2934823643
2934620383
3063764152
3063904728
3063699995
2935521487
2935522772
2939117911
3062817241
3152299266
2934989839
2938206534
2929951400
2922998032
0000830600338F9E
2934621942
3155936408
2931857759
2931878351
2934819759
2931995357
2934934038
3057811265
2929580602
2934849511
3063770746
3057692391
3063328411
2934614286
2934874904
2934474540
3062819847
3383318604
3057820591
2933283409
3063708792
2934678059
2929486750
2934981239
3057823048
3057833126
2934664644
000083060033EA52
3057709277
2934255161
3156504278
3380268191
3063647319
2938657003
2939111097
3403030143
3063295468
3156494538
3156255842
2934827168
2935014348
3057708108
2934407148
2932006400
3057825691
2935037560
2939100243
2934540658
2934664799
2934839760
2938842623
3056727812
3057921542
3057287169
3063641900
2933274180
3063287683
3156612022
2934519838
2922987610
3156021464
2935231522
3057899245
3056763108
2934640025
2934401354
3057821354
2939110668
3063744187
2935717495
2935077291
2938836134
3156660162
2934673488
2939112905
2934619549
3057820611
3063763758
00008317000AF48A
3057821508
2939095388
3057695623
2936898782
2934255480
2938833833
3056762565
2934929926
3062338207
2938601760
2934873746
00008317000C5E97
3379623925
3063739833
2934404662
2938627550
2934511492
3057920828
3057826265
3057900451
2934664876
3063685848
3057917842
2938807907
2932228424
2934253433
2934562134
2935242480
2934629215
3057707568
3039986159
2934913209
3057821417
2931779763
2934920373
2934493517
2922989982
3057706671
3152861645
00008317000D413D
3379658052
2938600664
2932213802
00008317000A8E98
2938232307
3057822726
3057922083
3062338391
3057812851
3057354988
3057822050
3063171492
3057693341
000083170016A3E4
3057831984
3057692133
3056769191
3056729179
3435398413
3057693779
2940239101
3057707183
3057698093
2934834984
2934827781
2934478769
2934529386
2934399312
2929495821
3063654032
2935454070
2929473423
2935454014
2935003598
2935217685
2934932262
2935020603
2935231727
2934851530
2935539167
2935210727
2935569062
2935572594
3063174778
2934851452
2931980423
2934837025
0000830600346B25
3057900231
2934834218
00008317000B1C68
2929478982
2934665477
3056763177
0000830600341231
3056730529
2929970577
2938756765
2934640736
00008317000C622D
2939094565
00008317000A9D19
2933274222
2934547298
2938629300
3382188147
3063676308
2929461763
2934510657
3057830111
3057695465
2938837693
00008317000AB578
3063712029
2931891954
3057896638
2936899723
3063299898
2935109898
2929581796
3057830370
3057899122
00008306003469BB
2934629099
2938602294
3057820985
3063766608
2934548544
2938629345
00008317000C581A
2932207191
3062678748
2934251578
3063171133
3057694290
3152397300
3063444280
2934345561
2935494265
3057697245
2933274091
2931774009
2938764959
2934858546
2934829572
3057697017
3063447140
2929493275
2938638926
3057709857
2934495709
00008306003462D0
2934834867
3057922605
2938229956
3057814062
3063742327
00008317000A9517
3381793771
2922987657
2934509113
2934577360
2938236029
2931983743
2922982534
2938634239
2934561936
2939098912
2932216765
3063794770
2934641575
3056762121
3063347477
3063728156
2935115095
3063196017
3063288529
3403044070
2940239200
3063942109
3056768127
2931799899
2938822365
3062371532
3062218025
2934401585
2934272753
2934271163
2934271828
2931397567
2934271900
2931394836
2934271156
3153105535
2931609983
2931610170
2931397381
2934272043
2931611394
2934272729
2931611044
00008317000A6075
2931610063
2931396706
0000832B0006C521
2931396843
2931609229
2931396829
2931394941
2934272772
0000832B0009272B
0000832B00014C17
0000832B0008FE0F
0000832B0008F0CC
0000832B0008ADF6
0000832B000146AC
0000832B0001460C
0000832B00014A56
0000832B00014381
0000832B00014488
0000832B00091EA7
0000832B0001FC8E
0000832B0001FD47
0000832B00020088
0000832B00014C18
0000832B0001FF8E
0000832B000200FD
0000832B0001FE7B
0000832B0001FCE8
0000832B00025783
0000832B0001FCA1
0000832B0001FF78
0000832B0001FFD0
0000832B0001FE4B
0000832B0001FD33
0000832B00091ECA
0000832B0008D68C
0000832B000918F7
0000832B0008A314
0000832B00014C5D
0000832B00090B10
0000832B0001FFB7
0000832B0008AE35
0000832B0008B424
2940239196
0000832B0008D6FD
0000832B00091816
3379818884
0000832B0008BC49
0000832B0006C8B9
2931397045
2931396696
0000832B0006C55D
0000832B0009187B
0000832B0008BBB9
0000832B0008A899
0000832B0006CA52
0000832B0008FD17
0000832B000917DE
0000832B00072C72
0000832B0001FF10
0000832B0001FDBC
0000832B0001FD76
0000832B0002019C
0000832B00072B9A
0000832B00072BE2
0000832B0002020D
0000832B0008D780
0000832B0008F893
0000832B0008A237
0000832B0006EA98
0000832B000925B7
0000832B0006A982
0000832B0009095C
3383126968
0000832B00089AB0
0000832B0008E32A
0000832B00016B82
0000832B0008A64D
0000832B0006F003
0000832B0001472B
0000832B000907C0
0000832B00082CA2
0000832B0006EA97
0000832B00082CD4
0000832B0001F937
0000832B0008A0C8
0000832B0008BF1E
0000832B0008E2B9
0000832B00091E41
0000832B000145B7
0000832B00091B7D
0000832B00072C45
0000832B0009280E
0000832B00072C8A
0000832B00072D93
0000832B0002015A
0000832B00072BFE
0000832B00092663
0000832B0006BDD0
0000832B0006DA9D
0000832B000697EB
0000832B0006BDDA
0000832B0009026F
3383137051
0000832B0008FC2E
0000832B0006CF93
0000832B0002AD3D
0000832B0006BE73
0000832B0009007C
0000832B0006DE30
0000832B000697CC
0000832B0006BA54
0000832B0006FA1E
0000832B00021D53
0000832B00020049
0000832B00020162
0000832B00021F45
0000832B0006FE3F
0000832B0006FF28
0000832B0001CCFA
0000832B00021EBA
0000832B00021F11
0000832B00021EF7
0000832B0008B8BA
0000832B00092962
0000832B0006F9C3
0000832B0001FE1E
0000832B000201B4
0000832B00091EE2
0000832B0002178E
0000832B0008BA2A
0000832B0006FAA9
0000832B0008EA92
0000832B0008EC2E
0000832B00064C10
0000832B00064B75
0000832B0008B20A
0000832B0008B24D
0000832B00064C2D
0000832B0008FE8B
0000832B0008B497
0000832B000903E3
0000832B0008C432
0000832B00090292
0000832B0009029F
0000832B0001CE2C
0000832B00021E79
0000832B00021EED
0000832B0001CDF1
0000832B00021D98
0000832B00070447
00008306000A6B5C
0000832B0006FEDA
0000832B0008C19A
0000832B00021DAF
0000832B0008B7FE
0000832B00021FBF
0000832B00021850
0000832B0008C448
2934827300
0000832B0008B7CF
0000832B0008B84E
0000832B00021EA3
0000832B00021F51
0000832B00021F15
0000832B0006C6BA
0000832B0006FF42
0000832B0001CDCB
0000832B0006CCD2
0000832B00021D1E
0000832B00064C5A
0000832B0008B8B6
0000832B0006F078
0000832B0006EA8C
0000832B0002ADEC
0000832B0008E272
000083060024F539
0000832B00090963
0000832B000924DE
0000832B00016611
0000832B0006ED5B
0000832B0001CEE2
0000832B0008A99F
2934662031
0000832B0006EDCE
0000832B0001468E
0000832B0001F7DE
0000832B0002F947
0000832B0008A14D
0000832B0009263E
0000832B0006FC82
0000832B0008F21D
0000832B0006F99A
0000832B0008CBC9
0000832B0008F4ED
0000832B0006FA2C
0000832B0006CB6B
0000832B0001CD48
0000832B0006FAC3
0000832B0001CDDC
0000832B0008C1E9
0000832B00092D96
0000832B0008A5DC
0000832B0006D14D
0000832B0001CDFE
0000832B00021691
0000832B0009029A
0000832B00021F1A
0000832B0008C568
0000832B0001CD3E
0000832B00014C69
0000832B0002013E
3057899307
3382606375
0000832B00014C74
0000832B000202A6
0000832B000148D3
0000832B00025762
0000832B0001FE88
0000832B0001FECA
2934665280
0000832B00014C05
0000832B00014A93
00008306000A3388
0000832B00014B5D
0000832B00091F17
0000832B00025732
0000832B000902AA
0000832B00014C62
0000832B00014CEE
0000832B0001FFF8
0000832B00014ACD
3057287896
3057707776
0000832B00020206
0000832B0001FF09
0000832B0001FC94
0000832B000918B7
0000832B00090420
0000832B0009228E
0000832B00014916
0000832B0006552E
0000832B0006571E
0000832B000149A7
0000832B0007248E
0000832B00065750
0000832B00065726
0000832B0006EFCC
0000832B0006F13D
0000832B0008E3F6
0000832B0006579E
0000832B00065479
0000832B0006F480
3057923529
0000832B00014C1C
3380091266
0000832B00014CD7
0000832B00014399
0000832B00014AFC
0000832B00014B43
0000832B00014C45
0000832B00014C81
3152215863
0000832B00014B0D
0000832B00020016
0000832B00020262
0000832B00014AC3
0000832B0002570F
0000832B0001436D
0000832B00014B48
0000832B000145CE
2929472226
0000832B000202D2
3063165108
0000832B00020115
0000832B000142D0
0000832B00014A7C
0000832B00020276
0000832B00025657
0000832B00014A64
0000832B00014CBE
0000832B00092985
0000832B000918B8
0000832B000256AD
0000832B00014524
0000832B0001FD03
0000832B000145C6
0000832B00014B2C
0000832B0001FEFB
0000832B00072D9F
0000832B00091F24
0000832B00014C16
0000832B0002571B
2934977445
0000832B000201A5
2939113528
3062682462
3152219889
2932195930
3057830160
0000832B00020072
2931609243
0000832B00014A9C
2938193290
000083840003A410
3057943018
0000832B00014553
2934481969
0000832B00072B6B
2932226112
3062789884
0000832B0001FE3D
2934314473
0000832B000256A0
0000832B00020095
3057917509
3062701749
3058567148
2931611830
2931394773
3057816187
2931922238
2935717776
2934665323
3063770429
3382164853
2935079979
2934553860
3063188340
2938658334
3063690711
3057824920
2932003812
2934236653
2938606471
2934914485
2934254330
3063346641
2931985948
3057943260
0000832B00025794
000083060034392E
3152309758
3152219781
2934912341
3156516915
3152240888
3062787518
3381792227
3063815104
3063694782
3063743792
2936502340
3062694794
2933274646
3057820394
2934820657
3063769118
3153126947
2934897266
3381289035
2934832017
2934594665
2931396837
00008317000C3558
3152562672
2938228787
2934616711
2934504085
2932005089
2931607860
0000832B0001FCFB
3063714859
2934902569
3057708882
2935000055
2931801330
3153109311
2938756845
2934955880
2938639183
2931786796
3057812702
2924092327
2938628769
000083060034398F
2934568296
00008317000C4845
00008317000B0578
00008317000A8EA0
00008317000B2A00
00008317000A7EBA
2932183961
2932129538
2935115297
2935174356
2931986603
2934628218
3062691106
3152376252
2934825344
3057918549
3156231696
2938709328
3057920885
3152300902
3057288515
3057707645
0000831700071654
00008317000C5D11
00008317000B26E9
00008317000A7C8F
00008317000C5CDA
00008317000B1BAE
00008317000A8AB6
00008317000D2F20
00008317000B28D1
00008317000A8781
00008317000B151C
00008317000A7800
00008317000C2B90
00008317000B0497
2935181038
2934589956
2938822945
2935220819
2939153179
2938829308
2939145540
3063294918
2934820220
2934548058
2934856136
2929479297
2933274451
3057820931
2934933324
2938603020
00008317000C5C3A
3153155713
2929498914
2934820743
2934963226
3063694486
3056761394
2929577726
2938193961
2939092758
2922982437
2934380821
2929472386
2934557085
3057698270
2938193887
3380779031
2931994253
2935052811
00008306003018FF
2935661964
3062802901
3057899028
2931610827
00008317000AB50D
2929487273
2934869572
2934699009
3155188581
00008317000CC123
2931396844
2932209578
2935439154
00008317000B2764
2934551221
0000832B0006D7F0
0000832B0008A69F
2935476828
3057707685
0000832B0006C701
2934665040
3039987448
2938844906
2935082186
00008317000C5887
2932002560
2931814316
2932199796
3062680905
2929483636
00008384000601F6
3056729892
3063294998
3156519224
2932003683
2934856280
2935115069
3063698154
2934899839
2934874606
2934480613
3152218627
3057826650
2932209665
3382155768
2929581060
00008306002F10A6
3063772731
3156044941
3057814044
3056766743
3057357313
3057898502
000083060033B6CD
3057899133
3057925024
3057945567
00008306002F0DC8
3381562380
00008317000D3F1E
2934824282
00008317000C57EB
00008317000CCBEC
00008317000B3BA5
000083170009735A
00008317000B1B33
00008317000A7D94
00008317000A924B
00008317000ABD10
00008317000AFF15
0000831700071FA9
00008317000B15C6
00008317000B533F
00008317000ABF63
00008317000C9B90
00008317000C7E61
00008317000AEF84
3056763194
3057693888
3057944386
3152233962
000083840005F938
3057699243
3057697956
3057943087
3057922608
3057831084
0000838400062684
3057821807
3057826300
3057893251
3057819600
3057824632
3057943390
0000830600336141
3063814182
3063553761
3063188782
3063442275
3063713639
3381308433
3063763855
3063771830
3063816250
3063771388
3063773467
3063773145
0000830600345597
00008306002F0B92
3063340738
3152186832
3058541392
00008306002F2227
3156511449
3058541697
3058542142
3063738700
000083060033443F
3063689959
3063942898
3063323751
3063324283
3156263997
3063707712
3063340048
3152323367
3063693867
3063189046
3063701515
3063187504
3063207088
3063198101
3063666558
3156494243
3063755692
3156031626
3063985634
3063286425
3063771866
2938192907
2938146572
2938244512
3152006032
3381649445
2938233355
2938189131
3382850482
2938222299
3057893448
3056762999
00008306002F46C9
0000830600338DAA
00008306003453FA
3380250544
3152438209
3057812322
3056764741
3156077394
3057694997
3057833850
0000830600346B3A
3057900154
0000830600341DD8
3435394498
3153171493
3057815332
3152186750
2939096862
2934353774
2931396677
2931396992
2931396712
2930353726
2931396711
2934271140
2931394848
3381480220
2933274061
3063707928
0000832B00014977
2931962621
3062794672
3153075039
00008306002F10B1
3062794278
3062692296
3062818048
3062817691
3062815401
3062791672
3062443265
3380484766
0000830600343839
3062339351
3062372324
00008306002F1D43
3152359573
3062188923
3153094659
2922984522
2922978537
2922987955
2922952354
2922976791
2922992396
2929474709
2929479812
2929495788
2929461460
2929493373
2929500673
2930354644
2929579254
2929499257
0000830600340A7B
2929579890
2929581071
3062819128
3057288282
3062777286
3152299523
3062819221
000083060030183E
3062691395
000083060030066F
0000832B002BEEE0
3381772117
3062814066
3039986287
3057917613
000083060033F02C
2939130369
3383080680
2939123166
2939130363
2938657242
2934943446
2938657251
2934912302
2934898137
2938655878
2938628030
2938611179
2938613683
2938627556
2938613679
2938633919
2938657557
2938638834
2934903054
2934893992
2934894006
2934913655
2938650126
2938627687
2938602394
2935061505
2934932274
2934932086
2938833281
2938837916
3381501471
2938612499
2938613770
2938612530
2938612590
2938629043
2938612477
2938610979
2938614042
2938612434
2938603070
2935239800
2935037129
2934916526
2934896194
2935239708
2938657595
3062340513
3057694345
3057693737
3061957811
2934837107
2934473217
2934410262
2929946602
2934852892
2934410728
2934381652
2934519056
2934823735
2934827440
2934846456
2938192285
2938829429
3057898202
2938189736
2938213815
2938243881
2933274331
3381757164
2933283501
2933274853
2941243015
2941246864
2941243083
2933277818
3381122549
3382103176
2933274101
2933279545
3159089975
2941241175
2933274943
2938192858
3057898683
3058320963
3062683491
2934849820
2934849266
2934849772
2934827445
2934834291
2934834280
2934849776
2934837977
2934519864
2934520180
2929383018
2929949348
2934520263
2929382965
2929949267
2934519722
2934582809
2934823803
2934817976
2934823812
00008317000B540A
3152231832
00008317000AAB03
2935704759
2934851308
3057821059
2934959266
3063928105
2931610981
3057822052
3382920434
2931397520
2929946655
2941241216
2931774909
00008317000AB509
2938836077
2939098346
2931397580
2932191864
3058565019
3063721163
2935110260
2934635822
2934905074
2929490187
2934860096
3062791496
2938883787
3057699698
2931610042
2934327522
3382164124
3155866685
2936411582
2934828393
3152323264
2931396700
3063771783
3063292497
3057821553
2932213705
2929982284
3039985832
2934242791
3062338095
3062818340
2939141739
3156234520
2929943298
2931811117
2931881176
2934823339
2938765144
2934454437
3381817004
2938236714
3063639708
3058566357
000083170013B25F
000083170011957E
0000831700159194
000083170014C991
0000831700094FE2
0000831700149FAE
00008317001440DB
0000831700153769
000083170014E8E7
000083170013D2D0
00008317000C9E22
0000831700150FA6
0000831700146C7B
0000831700142005
0000831700145D2B
000083170013EEED
000083170015EFC7
000083170014E0E4
0000831700158E1E
000083170013C7A9
00008317001445A3
000083170015E89B
000083170013FC2C
00008317000F7210
0000831700148C94
000083170014CA4D
000083170013B065
3062352437
000083170015E91D
000083170014C436
0000831700143382
000083170014CE92
000083170013DAB2
00008317001432A2
000083170014E69E
3381040994
000083170015024D
0000831700135DB4
3063502658
000083170015F145
000083170015F968
00008317001360BF
000083170015996E
000083170015A4E8
000083170014F33A
000083170014726D
000083170014AAB7
00008317001426AD
000083170014DAC9
000083170015251D
000083170015951B
000083170013DAD1
000083170013DA7B
00008317001195AA
0000831700145FE2
00008317001470C3
0000831700146018
000083170014AD44
00008317001360B8
0000831700135DE1
000083170015030E
000083170014CCE6
000083170013BFDC
000083170014E6E5
00008317001483E4
00008317001591C3
0000831700148CA5
0000831700154E7E
000083170015E3B4
000083170015BF5D
000083170015A674
000083170014ED99
000083170014B6C2
0000831700147B1F
000083170014EE34
000083170015559E
000083170015F8C2
000083170014EE30
00008317001529D0
00008317001445F3
000083170015D4E3
000083170014669C
000083170014EE1B
000083170014B6CF
3149400315
000083170015E5D9
0000831700156F88
0000831700147B09
000083170013FB8E
000083170015B208
000083170015DA3D
0000831700145057
3156516113
0000831700118C2D
0000831700154EEE
0000831700141425
000083170014327B
0000831700135CF0
000083170011ED05
00008317001525C3
0000831700143396
0000831700152CCF
0000831700133A4A
000083170015EAA6
000083170011F1F9
000083170013DAD5
000083170013C8C6
00008317001567D6
0000831700158C04
0000831700133ABB
0000831700151125
0000831700146069
000083170011B6A5
000083170013FCA8
000083170014A9DC
0000831700157AFD
00008317001409E7
0000831700150AEF
000083170015F96C
0000831700151719
00008317000E65CB
000083170014DB20
000083170013E01B
0000831700146501
000083170014DF7B
000083170015FEAF
0000831700149F3F
0000831700135213
000083170015D2E0
0000831700155F41
0000838400040AEE
00008317001434B2
2934379560
2931610082
2934354658
2934948038
2934314866
00008317001433C0
0000831700152B2C
00008317000CCB25
00008317001234B0
000083170013B36C
3057357821
000083170014E2F0
0000831700155AB9
0000831700103942
0000831700125745
2934565434
00008317001212A6
0000831700137CFB
0000831700152BAC
0000831700104205
00008317001409EB
3403043828
0000831700150FB1
000083170015F944
000083170014556D
000083170014FBAB
000083170014AA08
3062791390
0000831700151FE6
000083170015E9DF
00008317001526F4
000083170015EB54
000083170015AF0D
2931985958
000083170015850F
000083170014551C
0000831700135604
00008317001591E3
0000831700159543
0000831700146B82
00008317001436E9
000083170015196B
000083170013BA45
00008317001233C2
00008317001436E8
000083170011FBFD
0000831700145549
000083170015919C
0000831700141738
0000832B00014AC6
000083170014702A
00008317000F3C35
000083170009B433
0000831700135F20
000083170012D072
000083170011967F
00008317000F8206
00008317000F8253
0000831700135F55
00008317000F7966
000083170015EC46
000083170014CDC4
000083170015EB3E
00008317000D3226
00008317000EB9DB
00008317000EDCB2
000083170012414F
00008317001426E2
000083170013FC48
0000831700150ABA
3063797696
3058567032
000083170011C4D6
000083170013CA99
000083170014988D
000083170013CA43
000083170015D980
000083170015207E
0000831700147B3B
000083170011ED33
000083170015E1BB
2941243946
2931890081
0000831700156733
000083170014CB64
000083170014B6E6
000083170015DA73
2935543708
3152216109
3063689286
2934827411
000083170015F853
000083170009B2A8
0000831700145B40
3058107233
0000831700151913
0000831700151F03
0000831700155725
000083170015E71F
000083170015BF9E
000083170014C9B5
2935066278
2934823526
000083170015AD83
2934956326
000083170011A656
3152364067
3380775214
2930353661
0000831700158471
000083170015F13A
000083170015AD61
000083170015173B
000083170014DA80
000083170013605D
0000831700119671
000083170014AAC5
0000831700153734
0000831700158344
00008317000AAD09
2931780260
3057899830
2939132271
2929490829
000083170013499B
0000831700154603
3057921935
000083170014E0C7
000083170014DA6D
0000831700119820
0000831700158529
0000831700150A65
000083170014DF66
000083170014CFA2
000083170014CA1F
0000831700145FA8
000083170013DADD
000083170013F3E2
000083170014DAFD
0000831700147FD3
000083170014E010
000083170014C987
000083170014DF9D
000083170013C3AC
000083170014DC57
0000831700134F9E
0000831700135F9A
000083170016007D
0000831700144577
000083170013D54A
000083170014AAC3
0000831700147FC3
00008317001596FF
000083170015F170
000083170014AA39
0000831700136002
0000831700150A91
0000831700140766
0000831700135F4F
000083170013D609
000083170015FC88
000083170015FB25
000083170014D8B7
0000831700150B0B
0000831700119FF3
0000831700118B3B
0000831700118F6F
000083170013A273
0000831700146F61
000083170014644D
000083170011EF27
000083170013CAAA
000083170015601C
0000831700136085
00008317000C4771
000083170015497A
0000831700154061
00008317001409F6
000083170014AA18
000083170015E4B1
0000831700159185
0000831700132812
00008317000E704B
000083170015F6A3
0000831700136031
000083840001B795
0000831700118B45
0000831700118F60
000083170013D310
00008317001360AF
000083170014E2C0
0000831700119C54
00008317001512A0
0000831700119C0F
00008317001361AA
0000831700146F3C
000083170013D2DC
00008317001454FD
000083170014E898
0000831700118F1F
0000831700119C43
0000831700126895
0000831700121BF9
0000831700126892
0000831700150FBE
000083170011ED72
000083170014DCF1
000083170012AA85
00008317001519C9
000083840005FC8D
0000831700154608
0000831700134591
00008317000F796F
000083170015AFBF
000083170014DB2F
000083170014B537
0000831700158559
0000831700127895
000083170013C890
0000831700159618
000083170013FBA1
0000831700143466
000083170013DAE4
000083170014DF4D
0000831700148259
000083170013FA9A
00008317001327E7
2934852217
3383193226
2938602334
3057927162
00008317001570FE
000083170014554F
000083170014DB15
3057919134
2931966259
2931857870
0000831700135132
00008317001414E7
000083170013FC57
2938628745
0000831700132A84
000083170014057C
000083170015F1E8
00008317001528AB
000083170013226E
00008317001565B2
000083170013F3D6
000083170013EF36
0000831700158622
000083170015E9CA
3381118649
2932207163
000083170013BA3A
000083170009A89D
0000831700119C09
000083170013B4CD
0000831700151CD6
0000831700132BBC
2934782794
0000831700135F4D
000083170015047A
2934599901
2934342326
000083170015283B
2938236973
0000831700118FAF
0000831700118F20
0000831700144FB4
000083170013BA76
000083170015C477
000083170014068A
00008317001583CA
000083170013CAC9
000083170014E2E3
000083170015A200
0000831700158DA7
000083170014F5E7
000083170015F639
000083170014CE89
000083170014AA2B
000083170013F38A
000083170015E484
0000831700135FC4
000083170014AA94
00008317001197F7
000083170015F152
00008317001529A3
00008306002FEA29
00008317001360C4
000083170014AA8D
00008317001499F5
000083170014E0D3
000083170011962B
0000831700149A04
0000831700136007
0000831700148BC8
0000831700159AB0
2929482687
000083170015BFB6
00008317001518F6
2938187929
00008317000AACD5
2938653166
2941244098
000083170014EDCD
3379690931
2934337282
000083170015D70C
000083170015F8A2
2929474724
3063713659
000083170014EE27
0000831700153DEA
3057900406
2935057557
3057919723
2939111168
0000832B0001FD62
0000831700154E2A
2934900443
000083170015CE10
3057695633
00008317001457C6
2934404215
2931803079
000083170014C1DD
000083170014E806
0000831700143276
000083170013D67B
000083170014F7DD
000083170014A596
0000831700147AB8
000083170015E61B
3057694896
2934827495
2934585060
2934355264
2934309879
2934506471
2934314992
2934402672
2934509385
2934817969
2934493194
2934693270
3380979807
0000831700151F42
2941251328
000083170014AA7A
2934369957
2929976034
2934818406
2932195932
2931981736
2931981116
2931777479
2931976933
2931777574
2931890658
2931784226
2931985620
2931784262
2931783786
2932223390
2934243109
2934242195
2932223183
2934242096
2932223432
3062791752
000083170015F626
2934621039
2932217591
0000831700123783
2934917458
2934911765
2934939157
2935220752
2935022702
2935048028
2934636883
2934832574
2934841343
2934625460
2934680150
2934989939
2934673151
3381408219
2934865368
2934669149
2934671476
2934866556
2934847281
2934671489
3379959228
3057892942
3152226079
0000831700103549
00008317000D56E4
2935088755
3152398016
2934612300
2934612371
2934669497
2934842939
2934612500
2934678140
2934838918
3381670897
3381745323
2934681409
2934681397
2934866713
2934632711
2934859921
3381510967
2934610879
2939113733
2939113186
2935056591
2931611442
000083170015ADE1
3382284135
0000831700148D9F
00008317001570F2
0000831700150A7F
2938199329
2934846717
000083060034011D
2931610009
2939113972
3155749646
2939113802
2939141369
2939138952
2939137895
2939137973
3380993165
2934619420
2934968007
2934968360
2934989492
2934619558
2934624308
2934968313
2934968286
2934968430
2934847155
2934846969
2934868898
2935435268
000083170012705E
00008317001006B5
00008317000D3A71
000083170014CD18
2934897581
2934968409
3153120839
2935070925
2935041136
2935041712
2934962618
2934604345
2939108484
2934604449
2934615732
2934602207
2934604603
2934604634
2939134886
2934681547
2934617495
2939123370
2939123354
2939123680
2939123704
00008317001591B9
000083170015F26E
0000831700152BB9
0000831700103E72
0000831700159330
00008317001226EF
0000831700122A25
000083170009B431
00008317000F024B
0000831700091ECD
00008317000EDCEC
00008317001546CB
2934539859
3057921808
3058318886
2939123339
2939123401
2934967439
3381811464
2934940579
2935074187
2934967391
2939098919
2939160430
2939128950
2939106539
0000831700103E66
0000831700154619
2934957985
2934962880
2939148238
3383161392
2934909374
2935049565
2934936148
2938657969
2938633143
2938826520
2935236105
3058564599
00008317000FEDCB
3381727094
00008317001513F7
000083170013F914
00008317000EBE00
2932223469
2934241709
3381736329
2934259269
2934236096
2934242382
2932222648
2931779728
2932223983
2931945888
2931960897
2932005490
2931979531
2931960692
2931961063
2931965213
2931966876
2931961553
2931965369
2931966046
2931966893
2934596563
3382873884
2934559543
2934631567
2934561515
2934688440
2934556847
2936974321
2935672340
00008317000F6D46
000083170012614A
0000831700126976
2932217272
2934260214
3382791853
2931879969
2931828883
2934260999
2934451011
3152904620
2932189708
2934461739
0000831700135E3B
0000832B00089FBC
0000832B0006CF85
0000832B0006DE2D
0000832B0008E5F1
2935158453
00008317000B1ED8
00008317000C55B4
00008317000C9D5D
00008317000B2AC8
00008317000CEBC0
00008317000A9CEC
00008317000A9388
00008317000B2044
00008317000AED6A
3381824206
00008317000A7BB4
00008317000B090A
000083170014AA58
00008317001482A2
00008317000FCA2E
000083170014CE9E
0000831700119644
2938657500
3057707270
2934688470
2934688421
2934553875
2934647666
2934582378
2934647494
2934689630
2934406841
2934655261
2934545556
2934406952
2934598801
2934380633
2937007149
2937007160
000083170015EB69
000083170015AD5C
0000831700134F35
000083170014DFE5
000083170012B2C5
0000831700156FBD
000083170013F86B
0000831700159D15
0000831700134270
000083170014064C
000083170011E85E
0000831700132D1E
00008317001591E2
00008317001525A8
000083170015ECB2
0000831700135F22
000083170014DA6F
000083170013CA4F
000083170013A276
0000831700146F9D
00008317001583BE
000083170013CB5D
0000831700150337
000083170013CA62
000083170013E3C3
0000831700132C5F
000083170011A01E
0000831700150B14
0000831700135CF8
2934634952
2934581994
2934511552
2935105243
2935109616
2935758466
2935183582
2935180813
2934942353
2935182578
2935627411
2934506020
000083170015FE55
000083170013CA7F
2922993896
2934596318
2934582261
2935757926
2935093848
2935438934
2935672899
2934617649
2934544924
2935455983
3382754906
2935661425
2935717978
2934698460
2934655957
2934684423
2934621575
2934638098
2934660619
2934693221
2936976770
2931965539
2935678710
2931976938
2934619664
2934251060
2931985972
2932222995
2935700430
2932011343
0000832B00064D75
0000831700119C11
3057833398
000083170015906D
2931396699
2931396967
2931396694
2931396752
3151954166
000083170015FBC4
0000831700132A47
000083170013C015
2934832945
0000831700153CE5
00008317000B1F78
3057926021
000083170009B3D3
0000830600332EB6
00008317001504A6
000083170014CE37
00008317000A77F8
2934530080
00008317000A873F
00008317000AFF5D
000083170012412F
000083170011A666
2934312070
2940239172
3057287433
0000831700071004
3152311046
2941246231
2934561724
0000831700146CA7
0000831700150360
00008317000FD5B2
2938835645
3063743324
000083170015133A
0000831700148668
000083170014348A
0000831700103A42
0000831700150444
2938763002
3057831848
0000832B0022793E
2929581755
00008317001331B1
0000831700135206
000083170014E881
0000831700159346
0000831700118B51
2929579135
000083840003E073
3063695803
2938613085
0000831700146413
2932129527
000083170014FF38
000083170013D312
2934601556
2929579768
2929461262
2938655976
000083170013BA59
000083170015862E
000083170013C0D0
0000831700146F7E
3382034071
0000831700158818
0000831700135DDE
2929478999
000083170011A085
000083170015FC0C
3057894008
000083170013A82D
000083170013D292
000083170015E450
2929455709
2934553692
2938638860
0000831700118D01
000083170014555B
3063764711
3057926416
000083170010A9AD
0000830600341205
2922998519
2934651664
3057709854
2932233926
000083170015A2E2
0000831700134A55
000083170014A36E
00008317001543A9
0000831700153CEA
2931831499
2938867733
00008317000CC06D
2931941205
000083170013F9EF
0000831700155533
00008317001032EA
00008317000988A7
0000831700152AD8
0000831700141F7C
0000831700156CC1
2938942864
00008317001360F2
000083170014551E
2923005621
2938641304
2934986231
0000831700154ED6
000083170012CA59
3152240186
2929486022
000083060034385B
000083170015826D
3057834423
2931940762
3057815577
000083170015CFF9
000083170014E94A
3063705959
000083170014FF9E
000083170015DAE9
2938636584
000083170015CD3C
000083170015DF54
000083170015F7A2
2934824184
000083170015D94C
000083170015DE2E
000083170015F7F2
000083170015F84B
2938629156
0000831700151EFA
000083170015F32A
000083170014539E
000083170015E39E
3062804204
3062678641
0000831700119791
0000831700158261
000083170015E7C9
000083170013560D
2938613930
3381996980
3056762642
2933274164
000083170014641A
3062818064
2934481728
2934824418
3062800994
2929578997
2929466828
000083840005FF23
2934503258
00008317000AB545
000083170011E889
000083170014DBFC
000083170015F67C
3152368459
000083170015D4CA
0000831700135F9F
0000831700135F43
2934664730
00008317000A947F
2935221692
0000831700142104
3435404214
2934854498
0000832B0001FE86
2922992133
00008317000C3539
3062683478
000083170013C947
0000831700150AD9
0000831700158ADE
00008317001470F1
0000831700150B0F
000083170013C46D
2929461525
3380775118
000083060034575F
000083170014CCFF
2934470190
3057899156
2934831935
2934470215
2934936083
0000832B0008B37D
3062790963
2938602250
2931920367
00008317000EFA0F
000083170011FE7B
0000831700103303
000083170014B56A
000083170013F485
0000831700134A37
000083170013C53A
000083170013CA81
0000831700150AC6
0000831700156FA5
000083170009C4E4
00008317001342FF
000083170013FE8D
000083170015FE6B
000083170009C052
000083170014FB30
0000831700156E57
000083170015362B
0000831700139F1B
0000831700118D02
00008317001038FB
00008317000E86B6
000083170015192E
00008317001507CB
00008317001591AE
000083170014E689
0000831700143218
00008317000EF91C
000083170014365F
000083170014DB88
00008317000F784A
0000831700125770
000083170012311E
0000831700150565
000083170010100E
000083170014C99D
00008317001351D1
00008317000CD574
0000831700148C18
000083170014CDCB
000083170014B52D
00008317000EAE41
00008317000FD626
000083170015926B
00008317001045C4
000083170013FBA0
0000831700132832
00008317000FD5CB
0000831700122765
00008317001434FE
0000831700113028
0000831700148DE1
00008317001031E1
000083170015C591
0000831700159149
000083170014E6E7
00008317000ED721
00008317001212CA
0000831700124446
0000831700153443
0000831700118B60
000083170015850B
0000831700132BE0
000083170013DCA6
0000831700159E84
0000831700150F60
0000831700146F74
000083170013F1E3
000083170013C01D
0000831700150AE1
0000831700140651
000083170013CA85
000083170014166D
000083170013DC99
0000831700118F07
000083170013CAB2
0000831700118B59
0000831700118CEE
000083170013CAD9
0000831700140664
2931989151
000083170013C421
0000831700134D1F
2934547867
2934851700
2935096924
000083170015F10C
3057942120
3057824088
2938627970
3057920111
00008317000A9CA7
2929468012
2938763025
00008317000CC0AA
2932006338
000083170014AA25
2934531686
3057822870
2938180829
2934601353
3063354785
3152883111
2934547302
3039984862
2934833311
000083170015F976
00008317001522A2
2934410568
2934577887
2934884028
2924086025
2934618466
2929487810
3061991450
3159156015
3380948316
3156380447
000083170014F386
00008317000EA93F
0000831700151972
000083170011C986
00008317001595CA
0000831700121E58
000083170015E310
0000831700159861
000083170014824D
000083170015EBF9
0000831700103A5F
000083170014D1B8
000083170014B582
00008317000EF5CA
2938867754
00008317001436ED
0000831700140544
00008317001591B4
2934612331
3382163938
2938867734
2939134868
3153095698
000083170015F12E
00008317001257F7
0000831700126860
0000831700149604
00008384000474EC
2934833531
3056728194
2934842850
0000831700137340
3063762074
000083170014E18A
2934393955
2934253182
2934547717
2935156947
2934555174
2934949376
000083170014E8F7
2934394012
2931865614
000083170014640C
2929469534
3056766314
2934522466
3380965714
2935127394
2934898404
2934892749
2929498389
2934829603
2936411930
2939093259
2931779393
2938192490
0000831700139ED8
0000831700148E3A
000083170011F430
0000831700126937
2940239163
00008317001229E4
3057922640
2929481532
3063201372
000083170014CE4B
3159099829
00008317000FFD1D
2938826188
3152186627
000083170014ABC1
0000831700144096
00008317001504A0
0000831700146C67
2939126389
000083170012123E
00008317001554A1
0000831700156819
000083170013D441
0000831700136097
000083170014E802
000083170015F6A8
000083170013CA90
00008317001526C4
000083170013C0CA
00008317001350DA
0000831700152B3C
0000831700152B65
0000831700103AC4
00008317001591BB
00008317001433F8
0000831700143212
00008317000DDC94
0000831700151268
0000831700119607
000083170015F0F4
000083170015F04A
0000831700153615
000083170009C0A6
000083170015AFB8
0000831700158F07
0000831700136090
0000831700145D1A
0000831700148D56
00008317001356B7
0000831700135DE4
000083170014DF5D
0000831700155CA9
0000831700152260
00008317001504A1
0000831700148D3A
0000831700145585
000083170014DAC2
0000831700142110
000083170014EAE2
000083170014E825
000083170014C993
000083170014646D
0000831700148672
00008317001470D5
00008317001463C6
0000831700155416
00008317001470EC
000083170011CFB8
3062800819
000083170014550D
000083170013C43F
0000831700157ACC
00008317000ED6FA
0000831700157AB9
00008317000988C1
00008317001278D9
0000831700150332
0000831700119566
000083170014FA6C
0000831700147109
000083170013C90F
0000831700150BA5
000083170011957B
000083170014E8E2
000083170014FA7D
0000831700109E4D
000083170011A66C
000083170014F5CF
000083170014CF91
000083170013511F
000083170013F8CC
000083170015F60E
000083170014870F
000083170015A4F9
0000831700140674
0000831700121E33
000083170014E2DE
0000831700150B21
000083170014753B
00008317001211C9
00008317001360D6
000083170013C008
0000831700159196
0000831700140711
0000831700152AD7
00008317001565DB
000083170011BC17
00008317000988E1
0000831700133B74
000083170011A67E
0000831700145D09
000083170013C09F
00008317001593C7
000083170013FBF9
0000831700141320
000083170013FAFE
000083170015135E
000083170009B35D
000083170013D2DB
000083170012534C
000083170013C0A0
0000831700133B68
00008317001526AC
000083170013605F
000083170014CD7A
0000831700119C33
000083170013BA78
000083170013906B
000083170013D2D5
000083170013D305
3379876990
00008317001351AD
000083170013BA39
0000831700146F98
00008317001535D7
0000831700147B2F
0000831700154E99
000083170014F181
00008317001324D5
00008317001465D8
000083170015F845
000083170015B1F5
000083170013F44D
000083170015996F
000083170015BFAF
0000831700153DAB
000083170014A518
0000831700154682
000083170014142E
00008317001447E0
000083170015D4E0
000083170015D4E5
000083170014F7FC
00008317001518C5
000083170015ECB7
000083170014A9EB
0000831700126853
000083170012692F
000083170014DB9C
000083170013D405
000083170014B54C
000083170014DA91
0000831700147233
0000831700151282
000083170015930F
0000831700149627
000083170011D44F
0000831700141537
000083170013EB03
000083170012A6BD
000083170014E2D1
00008317001591BA
0000831700147971
000083170014E01E
000083170014DB35
000083170012154E
000083170014E8D5
0000831700135DD8
0000831700157D3F
00008317000EF8E6
000083170014AA5D
00008317000FFEA6
000083170011961F
000083170012C08D
0000831700103DDD
0000831700135F71
0000831700126874
0000831700103A3C
0000831700146D05
000083170014E87A
00008317000EA419
000083170015D4B6
000083170014A5BF
0000831700152B57
0000831700137323
000083170015BF94
0000831700158ACB
0000831700158DCC
000083170015F78B
000083170014E89B
000083170014141E
0000831700151980
00008317001520CE
000083170015001B
000083170015CD60
0000831700146F65
000083170015E675
000083170014C1DC
0000831700154EA4
00008317000E27F4
00008317001597E7
0000831700144DF2
00008317001510F5
00008317001510BC
000083170011D838
00008317001390AD
3382134244
0000831700118B34
0000831700158907
00008317000EA3C8
000083170014B70C
00008317001360F9
000083170013C0AA
0000831700155165
000083170014E87E
00008317001522CB
0000831700134AC9
000083170015CC20
0000831700133C5A
000083170013FB39
0000831700159955
000083170015733B
000083170014B6E7
0000831700159891
0000831700118B65
000083170014A4E6
0000831700159A01
0000831700134A00
000083170015CF98
0000831700135005
000083170013D6B1
0000831700146527
000083170014BBD6
000083170013A26A
2941243003
0000831700118D3B
0000831700157BD6
0000831700146D42
000083170015AE08
2934820807
00008317000F7948
00008317001597FD
000083170013FBC4
00008306002F0B22
000083170014E885
0000831700118B2F
2934253146
00008317000F4420
0000831700132C13
000083170014A9CD
000083170012B033
0000831700105504
000083170014E8A2
2931927663
2940239260
2934353674
0000831700152B74
00008317000EFC5B
0000831700150A92
3057917513
00008317001584BB
000083170013FB2D
0000831700158575
000083170009C10C
00008317000A60C2
0000831700159844
2938806363
2934847280
3156376697
2934516984
00008317001524E0
2935667738
0000831700147AEC
000083170014F1C5
000083170015D520
000083170015D49B
0000831700135517
000083170014061A
00008317001593DA
000083170015846E
0000831700136166
3062351522
3063179550
2938617585
3155761718
00008317000A905C
000083170013D7FD
2922996470
3057925826
000083170015652D
00008317001520BD
000083170014EC4D
0000831700144697
0000831700144536
0000831700153DA9
2934651854
2934943416
000083170015F864
3055893989
2935127915
2935037321
2939131248
2938633960
3057898357
2935186064
3062372938
00008317000A92D6
2934419678
2934920765
0000832B000149EB
00008317000AB5C9
0000831700143703
2938635813
2934643643
3062338252
3152318617
3063698470
2934827117
2934634901
3057695095
2934318481
0000831700144E92
000083170015CCA7
00008317001430DD
00008317000FC8E6
000083170015F6EB
0000831700139E23
000083170014072E
000083170014EC71
00008317001276CC
00008317000C2B72
2935096656
000083170014E8E6
00008317001591C6
000083170015034B
000083170014320D
0000831700128493
000083170015C77D
000083170013EF55
00008317000F71F2
0000831700143387
000083170012CAB4
0000831700141523
000083170015F645
00008317001591D9
000083170015E4C4
00008317000EFB1F
0000831700141743
2929461472
000083170015925B
0000831700150FAC
2938193785
2923880762
0000831700124492
3062217913
3063773981
2933271895
2938636783
00008306002537FF
2934384531
2934544974
2929478403
3056728251
0000831700121C24
00008317000A7D80
0000831700135177
2934850404
2929585234
2935158000
00008306002F22EA
2934829708
0000831700121E3E
0000831700154646
2935578228
2939104048
000083170015D4E7
2941246161
000083170014CDEF
0000831700141534
2939119796
2934358308
000083170011BFD7
2938601844
2939115147
2934477131
2934474261
2934342023
3057921120
3063328660
2922994412
3057692139
000083170014CA4A
2939098619
2934820823
2938213472
000083170014B5AA
000083170011A64A
2934564524
000083170014A9FF
0000831700159250
2935181091
2922995494
3380807355
2934837705
2935013278
0000832B00014B3C
2932216874
3152885865
2931981482
000083170014DA9B
000083170014863A
2932002224
00008317000F727B
000083170015ED35
000083170014DFF2
000083170010A8B3
0000831700141308
000083170015A562
00008317000F8276
00008317001483EA
00008317001354C9
0000831700148D4D
0000831700103A78
000083170012B03D
2938186669
2938885166
00008306002F04F5
3057675872
2931976408
2934793980
2934660145
3063447051
2932006590
3057809889
3057823501
00008317000B2971
00008317000AB655
00008317000A7C39
3402774572
2934472926
2939128934
3057673283
2939105767
00008317001360A3
2934243203
3063173067
000083170015377A
00008317000EC9F1
0000831700148C88
2934823041
3057920317
2931881809
0000831700145D37
000083170013432A
000083170011A3FF
000083170015FEED
000083170014E820
000083170014ABBA
3057707978
3063297578
3057812622
3156431191
00008317000F874C
2934875689
000083840006F416
0000831700135DE8
000083170015F230
2934917860
00008317001504BB
3057707244
000083170009B350
0000831700148DD3
000083170014DBAC
0000831700160039
0000831700152BA4
000083170015F019
000083170014AA16
000083170014E16B
000083170015EB37
00008317001406CD
0000831700148D39
0000831700119653
000083170014AACF
000083170014CD7F
000083170013C409
00008317001196AB
000083170014CF95
00008317001109E9
00008317000EC1EC
000083170011F48C
0000831700152B70
000083170014B55E
0000831700159236
000083170014DAD3
000083170014A530
0000831700154E34
000083170015D647
000083170015614A
0000831700157CAD
000083170015F836
0000831700155B31
0000831700145779
000083170015D47E
000083170013BFF5
0000831700159A80
2935700295
000083170009B3B4
000083170013BFF1
0000831700119693
000083170016006C
000083170014F5C9
0000831700141742
000083170015EB35
0000831700155391
0000831700119631
0000831700152B1A
000083170013DFE5
000083170014DBF0
0000831700142B51
0000831700159CD2
0000831700133AEB
0000831700119010
0000831700134F94
00008317001565BC
00008317001526D2
000083170011FA14
00008317000F8247
0000831700159D0F
000083170013FE3A
000083170015136F
000083170015F1F6
000083170013E4B2
000083170013734B
0000831700152529
000083170013FA24
0000831700137332
000083170013DF8E
3063573953
000083170014C99F
00008317001503AB
0000831700152B86
00008317001463E8
0000831700148D74
00008317001360D0
000083170014AA8F
000083170014AD49
0000831700119F80
000083170013F39A
0000831700159197
00008317001360AD
0000831700152A90
0000831700148E0E
00008317001409E3
3152231769
000083170015F14B
00008317001426B7
0000831700148C9F
0000831700158E17
0000831700134DEA
00008317001433A7
000083170015EB2B
0000831700148E00
000083170014E2FC
0000831700151295
00008317001499F2
0000831700157D2D
00008317001501AB
000083170015E9CC
0000831700146015
000083170014DFD8
00008317001198CC
0000831700158E1A
00008317001196A9
000083170015542E
0000831700158473
000083170014AAA7
000083170014DFEC
0000831700150B82
0000831700152980
000083170013C908
000083170012343B
00008317001553C4
000083170013C7A3
000083170012617B
000083170010BE58
00008317001351B0
0000831700141458
00008317001479D8
000083170011F844
0000831700153638
000083170011F6EE
00008317001591CA
000083170015EB58
0000831700145B53
000083170013EEF0
000083170014DCB7
000083170015E495
000083170014AA0A
000083170015E4B4
0000831700150BDB
000083170011CAB6
000083170014326B
0000831700146505
00008317000EF939
00008317001351EC
0000831700150350
000083170014DFAA
000083170013B3FC
00008317001591C1
00008317001448F1
0000831700153E17
00008317001196B9
0000831700133C61
0000831700154C97
000083170015F707
000083170014B6F9
000083170015D4CF
000083170015526C
000083170014EC68
000083170015CCB8
000083170015F58A
000083170015104B
000083170015F6E5
00008317001324C4
000083170014EE3D
000083170014A5E7
000083170014E9DC
000083170015E30B
000083170015B1FF
000083170014FD2E
000083170014EC66
000083170014FB2B
000083170014B2E4
000083170015000F
000083170015E368
000083170015D31F
0000831700155F90
000083170014EA08
000083170014B6D2
0000831700158F18
000083170015E7F1
000083170015CD05
000083170015AFBA
000083170014C9B8
0000831700124827
0000831700138B85
000083170014BEF4
0000831700134A5D
0000831700157389
000083170009C04F
000083170013C049
000083170013FB21
0000831700146627
000083170013B65A
000083170013BFE5
0000831700159A04
0000831700149F7A
0000831700159240
000083170014468C
00008317001196A4
000083170015B580
0000831700160073
000083170011A65B
000083170015C9B9
0000831700159264
0000831700159D1E
000083170014AA2C
0000831700152B71
000083170015366E
000083170014CE9F
00008317001433F3
0000831700152027
00008317001390A9
000083170014336F
0000831700124026
00008317001390A1
0000831700137C6F
000083170011A130
000083170014668B
000083170013282D
000083170013DFFB
000083170014E36D
0000831700119088
000083170013DCB8
000083170013CA7B
0000831700155499
000083170014E880
0000831700119C45
0000831700150B5E
0000831700151CDD
00008317001219AB
0000831700118B66
0000831700118B2A
000083170013DCB2
0000831700118FA0
000083170013DCA0
0000831700118F17
000083170013BA52
000083170015A500
0000831700150293
000083170014CCEC
00008317001501CA
0000831700151DF6
000083170014C45D
0000831700157C88
000083170014CD0F
000083170014CF76
0000831700150FE2
00008317001321A4
0000831700149957
000083170015A5E9
0000831700150A9B
000083170014DA47
000083170014370D
000083170015201E
0000831700135DB2
000083170014B738
0000831700159192
0000831700144F4F
0000831700147282
000083170013C45E
000083170015F062
000083170014C9B2
000083170014636C
000083170014C445
0000831700152016
000083170013EF07
00008317000F6ECD
0000831700126948
00008317000EDC75
2934639983
000083170012AA3B
00008317001496AA
0000831700128117
000083170011400A
000083170014E8FB
000083170014DCC6
000083170014E8C2
0000831700105898
000083170015E570
0000831700150352
000083170013BFF7
0000831700144F37
0000831700125366
0000831700159109
000083170014DF50
000083170014E385
0000831700136095
0000831700150A66
000083170014617A
000083170014C42A
0000831700119638
0000831700136F2F
000083170014DBD0
000083170013C3E7
000083170011963D
0000831700150449
000083170015E9E2
000083170011A11A
000083170011910C
0000831700144594
0000831700159169
0000831700157D5D
000083170013E0A7
0000831700139ED2
0000831700159254
00008317000EF96C
00008317000F82C8
0000831700149F5F
000083170015D95C
000083170015E2C7
000083170015DED4
000083170015F7BF
000083170014ECCC
00008317001555C2
000083170014EE05
000083170015E22C
000083170015CD41
000083170014F84C
000083170014EDB6
0000831700135DBA
0000831700146D69
00008317000F7240
00008317000EFB49
0000831700135116
00008317000988E8
00008384000191FF
00008317000F7276
0000831700148DEF
00008317001383AF
000083170009C4CC
000083170013AFD4
000083170015BCF7
0000831700140737
00008317001522A9
00008317001356DC
0000831700141FA2
000083170014CDD3
00008317001323D3
0000831700150FB5
0000831700154137
000083170015EFEB
000083170014156E
000083170013B485
000083170014DF9E
000083170014C985
00008317001233F6
000083170014328F
000083170013E558
00008317001510B5
00008317001433FD
0000831700159315
0000831700145534
3382786401
0000831700144E85
000083170009C049
0000831700151CF3
0000831700146519
000083170013F9DF
000083170015AEA3
000083170015D4B8
0000831700133E1F
000083170013D6A8
000083170015D4F8
000083170014CDD0
000083170014AA4D
000083170014E889
000083170014E034
000083170015FC03
0000831700126977
0000831700150B97
000083170013B401
0000831700152CBE
0000831700158474
0000831700132BC3
0000831700141C87
000083170009B424
000083170015842F
000083170011B6D5
000083170015DAE0
000083170014EA37
000083170015B8CB
00008317001453DC
000083170015E681
000083170015E34B
00008317001559AE
000083170015DAB5
00008317001591A1
000083170014A9F7
00008317001239E1
0000831700127E38
000083170014650C
00008317001440E3
000083170014DA74
00008317001356B1
000083170010C2CC
000083170013F9F0
000083170014DBCD
00008317001261DE
0000831700147104
0000831700153D02
0000831700150B89
000083170014CE42
000083170014E8B4
0000831700141F9B
00008317001351DB
000083170011CB15
000083170013BFFE
0000831700133E17
000083170014667E
000083170014E2AD
000083170014130D
0000831700155278
000083170013F9E4
3152300766
0000831700142083
00008317001524F4
000083170014A4FB
000083170015D4AF
000083170014056F
000083170013EF94
0000831700158F9B
0000831700159A63
0000831700134AF2
000083170013B67C
0000831700125444
000083170014CD21
0000831700146625
0000831700152B12
000083170013C076
00008317001483D3
0000831700144DAF
0000831700146D97
00008317001361C9
0000831700139F34
0000831700146D0B
3381109508
0000831700144E68
0000831700135F96
0000831700136F8D
0000831700156E4B
000083170009B3A0
000083170015D4EE
00008317001377E0
000083170014865A
0000831700147AF8
000083170014329B
00008317001507D2
0000831700152502
000083170013E550
0000831700144DDB
000083170014C1AD
0000831700152627
0000831700155F8C
00008317001458A5
0000831700152335
000083170014ECBA
000083170015CD7E
000083170014F83A
2938656597
0000831700156E11
000083170014456C
0000831700152AD3
000083170013CB51
000083170009A879
000083170013CA77
0000831700135F35
0000831700125239
000083170013EA71
00008317001391C2
0000831700143388
0000831700152009
0000831700148CBC
000083170014E6CE
000083170011F8AE
000083170011CF56
000083170015134D
000083170014F1A6
0000831700145838
000083170014502B
000083170013FB83
0000831700146D52
0000831700119C56
00008317001324BD
0000831700156E67
0000831700159975
0000831700154D95
0000831700133674
0000831700119FF7
0000831700147B51
000083170015AE6C
00008317001535DC
00008317001430F0
000083170015DAE1
000083170014EC2D
000083170015E372
000083170015B202
000083170014F944
000083170015F8D2
0000831700159519
000083170014A5D6
000083170015E549
000083170015624A
0000831700147067
00008317001470D4
000083170015F8DC
000083170013C0C8
000083170015E447
0000831700105E2B
00008317001436DC
000083170014153B
0000831700151380
0000831700159279
0000831700150333
000083170015E4A8
000083170014A9E3
000083170011B842
00008317001520E8
000083170014142A
000083170015E65A
000083170015DEC9
000083170011ECE6
000083170015CC90
000083170015E65C
00008317001420C1
0000831700155A19
000083170015E2E5
000083170014EE16
0000831700152316
000083170015E243
000083170015F877
2934863549
00008317001559EA
000083170015E2AF
000083170014FEC5
000083170015E793
000083170013D901
0000831700152BC0
0000831700135F26
000083170015FC00
000083170013BA89
000083170011CB1F
00008317001360C1
00008317001431FB
000083170013241C
0000831700143228
000083170014754B
000083170015C0A9
0000831700152AB9
00008317001390C4
000083170014B733
00008317001414A0
00008317000EFB51
00008317001383B9
0000831700150B9C
000083170013EF6D
000083170013C945
000083170015B016
0000831700119041
000083170014AA17
000083170012B4B5
0000831700159155
000083170012B01B
000083170015201D
0000831700147B8A
0000831700103EF1
000083170014CE36
000083170015496E
000083170012BE77
0000831700154956
000083170011A00F
0000831700134A3C
000083170013FED3
00008317001351CB
000083170013A9EE
0000831700143376
0000831700142ACA
2938612612
000083170013F3DC
0000831700134ACE
000083170013EAB9
000083170014146F
0000831700144425
0000831700135DBF
0000831700121C36
00008317000F3023
000083170013C7CE
0000831700137357
000083170014AAD4
0000831700142030
0000831700133DFA
0000831700133E3F
000083170011A44B
00008317000FCA15
000083170013FB3F
00008317000EF894
000083170015119B
0000831700146686
00008317001338E4
00008317000E81B9
00008317001568AE
00008317001231AA
000083170015C458
000083170012B48F
00008317001246A5
000083170015E41F
000083170013524A
0000831700150BC2
0000831700133AD3
000083170009A6FC
000083170015EB41
00008317000B164F
00008317001198D1
000083170013FB9B
000083170014FFDB
000083170013C7CC
0000831700155BD0
0000831700104512
0000831700150AD2
000083170015FCF9
0000831700127949
0000831700150FC4
000083170014668A
000083170015928F
0000831700141540
0000831700149F22
000083170014E8C5
000083170014A79E
000083170015E2DD
000083170014370F
000083170015F881
000083170015DA91
000083170014EC5A
000083170014CB4E
0000831700151926
00008317001518D7
000083170015BFAA
000083170015670A
000083170015F7AF
000083170015E66D
000083170015F80F
000083170015E610
0000831700147B1B
0000831700152E5F
000083170013E33F
0000831700148D97
0000831700150324
00008317001433C3
000083170015408E
000083170015C1AF
0000831700140530
000083170014B5D2
0000831700145536
0000831700152ADB
000083170014E7E4
0000831700143441
00008317001501D6
000083170013FC04
00008317000EBDC7
0000831700125348
000083170012522F
0000831700136077
000083170012485A
00008317001278AD
000083170011CAE3
00008317001267BA
0000831700145B4C
0000831700151F2F
000083170015DE74
0000831700144614
000083170014CB36
3152306852
000083170014EB43
000083170015DEF9
000083170015D96D
000083170015F7B0
000083170014CB2A
000083170015F852
000083170015D93D
0000831700132721
000083170014F198
000083170015F78A
000083170015F7C6
000083170014ECB8
000083170015E74B
000083170015F7E6
0000831700134AC2
000083170012486D
000083170014AA65
0000831700140753
000083170013D683
000083170013610A
0000831700103242
0000831700139088
000083170013C079
0000831700148E1A
00008317001501BE
00008317001331BD
00008317001551C0
0000831700154620
0000831700151946
0000831700150A77
0000831700150417
000083170015A52A
0000831700149E92
000083170015EA1C
000083170014CD13
0000831700159316
000083170014CD9D
000083170012AA99
000083170014DFEE
0000831700127DF7
000083170011D41A
000083170013FBED
000083170015A597
000083170015916D
000083170014DCC0
00008317001436D7
0000831700151341
0000831700119FE1
0000831700119C48
0000831700119FF5
000083170015FDF5
000083170015494F
000083170013CA0C
0000831700119C08
0000831700136048
00008317001350E0
0000831700144DA3
3152301254
00008317001425E5
000083170013AFE0
00008317001463DD
0000831700145506
000083170013430B
0000831700159061
000083170015EC3F
000083170012CEF7
000083170013F3AE
000083170012B136
0000831700132213
0000831700150A94
0000831700125324
0000831700152A3E
000083170015132F
0000831700119609
0000831700154601
0000831700148D76
00008317000EFA48
000083170014E8F5
00008317001000A3
00008317001268B5
0000831700152B75
000083170013B453
0000831700124148
000083170014AA57
0000831700146BC1
00008317001253A7
0000831700152829
0000831700118FD6
000083170013CAD5
000083170013BA7F
000083170013BA88
0000831700146BB5
0000831700152B88
00008317000FC841
00008317001487ED
0000831700118F04
000083170009B40D
0000831700152BC5
00008317001391A6
000083170011CA4C
0000831700139F10
0000831700132802
0000831700146C66
0000831700152B8B
000083170013EAC1
0000831700159809
0000831700147A39
000083170015029A
00008317001414D5
00008317001567F4
000083170014457E
000083170013C924
00008317001445B1
000083170013B657
000083170013F588
0000831700135489
000083170013C796
0000831700152B2F
000083170015B1F3
000083170014FD36
0000831700145397
000083170015E5F2
00008317001559C7
000083170015206B
00008317000AE1FC
0000831700147B1A
0000831700119C4B
000083170013C0BA
000083170014E711
000083170015527D
0000831700145FFD
000083170014D6BE
0000831700155F02
000083170014CE87
0000831700152A45
000083170015FBB3
000083170009B353
000083170014DAFC
000083170014063B
0000831700145B63
0000831700155BCB
000083170011A079
0000831700158AC8
0000831700150AF8
000083170014E8E3
00008317001231AE
000083170013CA6C
000083170013CAE5
0000831700132BDB
0000831700137337
0000831700155344
0000831700141249
000083170014165F
00008317001405B1
00008317001190EE
0000831700144633
000083170015254E
000083170011D3F1
0000831700154C43
000083170011908F
0000831700132815
000083170014534B
000083170015F585
000083170014EE3A
2938835324
000083170014ECB3
000083170015DE66
0000831700157CC5
0000831700158E78
000083170014EB6B
00008317001599B6
000083170015CD16
0000831700147AAC
0000831700136051
00008317001420A7
000083170014FA54
000083170013FC02
000083170014663D
00008317001321C8
0000831700150792
000083170014C1C4
0000831700154E91
0000831700147B25
0000831700150DFF
000083170014DF72
0000831700156FD8
000083170013F393
000083170014DCD9
00008317001406FE
000083170014053A
0000831700146B87
000083170011A02A
000083170013D297
0000831700135F42
0000831700156FAA
000083170013A81E
000083170015FEF7
000083170015F2A5
000083170013BA51
000083170014BBF9
000083170012B10A
00008317000EF8AD
0000838400043A79
000083170013C181
000083170012AF74
00008317001353B3
0000831700159283
0000831700139F18
0000831700146C15
000083170009BFFF
000083170015DA4B
000083170013D694
000083170014CE23
000083170014C1B8
0000831700135D97
000083170014200C
0000831700146610
0000831700159361
000083170013C0B3
000083170011A3C0
000083170013E559
000083170015ECAB
0000831700122927
000083170014AA50
000083170013D6A1
0000831700148D7E
00008317001454FE
000083170014FA5F
0000831700119682
000083170015F140
000083170015224D
000083170012845F
00008317001521D1
000083170012287F
0000831700135A92
0000831700118D09
000083170011A3EE
0000831700146F35
0000831700150B3F
000083170013575D
000083170015A15C
0000831700146F4D
0000831700147B01
0000831700134364
00008317001584D3
00008317001507B3
0000831700126251
000083170013C17A
000083170011B69B
0000831700145D0F
0000831700100EC8
00008317000FC94B
000083170012A3B9
0000831700126883
0000831700121C4A
000083170014EC78
000083170015DE3A
000083170014FC6C
000083170009B39B
000083170013FB1A
000083170015D636
000083170014A5D5
0000831700159D1D
000083170014ECD8
0000831700155284
00008317001559CC
000083170015B8B3
00008317001510F8
00008317001434F5
000083170015717A
000083170009A73C
0000831700136102
0000831700152B44
00008317001567C6
000083170013F9CD
0000831700157AE0
0000831700159AB7
0000831700159AFC
0000831700146F80
000083170013F5B2
0000831700144E8C
000083170013FA0C
000083170015F0CD
00008317001045A8
0000831700103270
00008317001502FB
00008317001501E3
000083170015297B
00008317000EFB16
000083170013F900
00008317001253BD
000083170013C92A
000083170015FC26
000083170015047B
0000831700135DF5
000083170014554A
0000831700152564
000083170014AA63
0000831700148266
0000831700136019
00008317001543AD
000083170014C974
00008317001360B3
000083170015ED54
0000831700136086
000083170014CD2F
0000831700160051
0000831700105377
0000831700158F0C
00008317000F73A3
000083170015049C
000083170012B4CE
000083170015917A
0000831700147F9D
00008317001436CE
000083170014AA34
000083170011964E
000083170014DFAE
0000831700148635
000083170015B58C
0000831700159263
0000831700156796
000083170009C06A
000083170011A424
0000831700133617
000083170013FDA3
0000831700118F49
000083170014E87D
000083170013D27A
0000831700133623
00008317001360B5
00008317001583B7
000083170013C0C4
0000831700134A4A
000083170009C0C7
000083170013C0AD
0000831700159A05
000083170013E4D8
000083170015987E
000083170013D65F
000083170013D69A
00008317001558EE
0000831700156F91
000083170013FBFD
0000831700151FFD
0000831700146AA9
00008317001433E4
00008317001383BB
000083170011A38B
0000831700159970
000083170014CCA6
000083170014138B
000083170014E6D3
0000831700152B97
000083170014D179
000083170013BFD4
000083170015AFA2
000083170014BF1B
000083170014464E
000083170014B586
0000831700154270
0000831700146192
000083170014AA26
000083170013C7B5
000083170011B63F
000083170012293C
0000831700158AFD
000083170015B065
000083170016004A
000083170015925C
000083170014DF7A
000083170014ECA3
0000831700153DA4
000083170014BBD8
2938600643
000083170014E9FD
000083170015CCE8
000083170015F8AC
00008317001567DA
00008317000E24A1
0000831700150A6D
000083170014EACA
000083170013C7AF
0000831700133C4E
0000831700142B5F
00008317001463D1
000083170014056A
000083170013F9DC
000083170014968B
0000831700141317
000083170011B778
000083170014AA3D
000083170011CB7D
0000831700150418
000083170015C693
0000831700150422
00008317001360BA
000083170015CFDC
0000831700135FDE
0000831700119656
0000831700149970
000083170015E4BD
000083170013C8C7
000083170014C9DB
0000831700135E47
000083170015FC4A
0000831700155544
0000831700150285
000083170014E8AA
0000831700145558
0000831700152BC6
0000831700150363
00008317001260B5
00008317001510C3
2934968799
000083170015F784
0000831700147B33
000083170015CCDF
000083170015E266
0000831700145881
2934642456
000083170013607C
000083170014E8B1
000083170014B713
00008306002FEA63
2938641122
2938234787
000083170014E7F7
0000831700158440
0000831700159253
0000831700139F72
000083170014DFDE
2939110365
2934676592
2935049950
000083170014A9D1
3152302922
3057900610
3063740845
2934853294
2935104725
2931933840
2929950856
000083170014CD92
2934665460
3381224474
2941242695
2934659285
0000831700135170
0000831700150334
00008317001409D2
2938183810
3062778499
2929493805
3381489584
3057694467
2935219481
0000831700159186
3062801608
0000831700135DED
000083170014E8E0
000083170014AA07
3379684684
000083170014ED3A
000083170013C4A2
000083170014608C
000083170013C496
000083170013C921
000083170013C840
0000831700146D94
000083170013F3C2
0000831700150465
000083170014CDD4
000083170015B002
0000831700146421
000083170014AA7C
0000831700134B0A
000083170013C250
0000831700123C23
000083170014B581
0000831700150FCA
0000831700119C7F
0000831700133EB9
0000831700150356
0000831700152E4D
00008317000D6D88
00008317001525AB
00008317001507BF
0000831700135DD1
000083170015034E
000083170015625D
000083170013C7DD
000083170015046A
000083170015038E
0000831700152B59
000083170013B247
000083170014B55D
00008317001414A5
0000831700140557
0000831700133202
000083170014DB3B
00008317001383E4
000083170015044D
000083170014F72E
0000831700159A39
0000831700152B1F
000083170014409D
00008317000F6DCD
000083170012AA82
000083170010333A
0000831700147036
000083170015533C
0000831700156F92
00008317001342B7
000083170015271E
000083170013DC6F
00008317001499F1
000083170015C5DD
000083170011A637
0000831700148BE9
000083170016008F
0000831700151973
000083170014E021
000083170014E7C0
0000831700136F19
00008317001555F7
0000831700135459
000083170011A05F
000083170015D313
0000831700145543
0000831700118B4E
00008317001405C3
000083170011A008
000083170013D7A5
0000831700158867
000083170013E555
0000831700133C56
000083170011CF4C
000083170014E957
000083170014ECC8
00008317001559FE
000083170015BF60
000083170015D451
000083170013B69F
000083170014B6DE
0000831700098DE2
000083170013F9AF
00008317001197FC
000083170015F800
00008317000EFA11
000083170014F5D6
00008317001591A6
0000831700152B25
000083170013D4BA
000083170013935C
0000831700159309
0000831700109E56
000083170015FC41
00008317001470DC
0000831700150B7D
0000831700159344
000083170015F103
000083170014478F
000083170013C90B
000083170013C4AE
0000831700150494
000083170014F335
00008317001434DF
3381636347
000083170013FC9E
00008317001195A5
00008317001474D3
000083170014CDEB
0000831700135FCA
000083170013F9BA
00008317001390CD
0000831700148E3B
000083170014CE8C
0000831700126930
00008317000F672B
00008317001335FF
000083170013CA9C
000083170015F9A0
0000831700134334
000083170013BA3E
000083170015FE81
000083170013CA5B
000083170013D6BA
0000831700151312
000083170014D6CF
000083170014DF33
0000831700135DD6
000083170014E6D9
0000831700150259
0000831700142119
0000831700148D8A
0000831700149972
000083170014D5DF
0000831700152521
000083170013C900
0000831700150AA2
00008317001504B7
000083170014E005
000083170015E865
00008317001597E3
000083170012570F
00008317001560B3
0000831700145960
000083170015AF05
000083170011D993
0000831700143418
00008317001565EE
0000831700155F30
00008317001458C8
000083170014A50A
000083170015B014
000083170013500D
000083170014F8E5
0000831700158839
000083170013A874
0000831700155F86
0000831700118F0A
0000831700119CAE
000083170015CCDC
000083170014EA09
000083170015E2B0
000083170015AF9D
000083170014ECD1
0000831700145006
000083170015EB3C
3156474933
00008317001537AD
000083170015F899
000083170014DAB2
000083170015ED3E
0000831700148D63
3381120660
00008317001507D0
0000831700148CB6
000083170015D37A
000083170014153C
000083170014DFB5
000083170015029E
000083170015EB26
000083170015136D
0000831700148BEA
0000831700144DFA
000083170015995F
0000831700140571
000083170014555A
0000831700150441
000083170013A78D
000083170014FAF7
000083170015EB4C
000083170015750F
0000831700158ED2
0000831700145B74
000083170013C941
000083170009B42C
000083170014ABD2
000083170011CF5A
00008317001529DC
000083170014BBB9
000083170013C0A7
0000831700159037
00008317001430D1
000083170015BB6B
000083170014BBB4
000083170015E2D1
00008317001501AC
000083170014B3EE
000083170015364C
0000831700139FDF
000083170015F0D9
00008317001600BB
0000831700135734
00008317001405DF
0000831700153DE2
000083170015DA44
0000831700144FD6
000083170014A5EF
000083170013FBDF
00008317001354DB
000083170014EC70
0000831700109001
000083170014EE0C
000083170014EB63
000083170015F632
000083170014ECC1
0000831700132A94
000083170015EB7E
0000831700148CA7
00008317001426C5
000083170015EB42
3403041864
000083170013DAB7
000083170013F95A
000083170013C8D3
0000831700152BBE
000083170015FC2D
0000831700151967
000083840001C15F
00008317001198D3
000083170011D903
0000831700135F88
0000831700156781
0000831700147FC2
0000831700145538
000083170015F11D
00008317001321D1
2938641000
00008317000CE723
000083170015C622
000083170011A00A
000083170015286A
0000831700132286
0000831700144FF0
0000831700152823
00008317001453D7
00008317001584C2
000083170014EE01
00008317001326EB
0000831700118F5B
000083170013E48E
000083170014ED9D
0000838400065AE0
000083170014CB25
000083170015DAA8
00008317001453BE
000083170015C712
00008317001582C1
000083170015DED8
3382719620
000083170015525C
000083170015CD5B
00008317001535C8
0000831700137E15
0000831700159276
00008317001039F2
0000831700158ABA
0000831700148E38
3381297027
0000831700151D10
000083170011F937
0000831700153430
000083170014D89E
0000831700152B1D
0000831700150AA9
000083170014CDF6
000083170011BCC2
000083170013F9EE
000083170015ED90
000083170013C023
000083170014E696
0000831700140758
0000831700145518
0000831700129902
000083170014C9D6
0000831700135F25
00008317000E9DA6
000083170013C92E
0000831700152340
00008317000F68FB
000083170014E8D1
0000831700134476
000083170015EB5F
0000831700155345
000083170013F39F
000083170015133D
000083170009B36A
000083170014DBB5
000083170014DFFE
0000831700154645
0000831700145511
0000831700157AEC
0000831700159832
000083170014CD36
000083170015F26D
0000831700151334
00008317001556FA
000083170013D386
0000831700132AE7
000083170014E71D
000083170014ED94
000083170013C0D7
000083170014ECC5
0000831700159658
000083170015E219
000083170015E33D
000083170015CCA4
000083170015CE79
000083170015E350
000083170014AA90
2934868283
00008317000FCCDF
0000831700119827
2934668705
000083170013C29B
00008317000F6702
0000831700132168
000083170014DC79
0000831700156039
0000831700152BB4
000083170014AA88
00008317001479CF
00008317001360F7
000083170014E8A1
0000831700149F7F
0000831700147889
000083170014DA70
000083170014A9E4
00008317000F32FA
0000831700147B7A
000083170014CD71
0000831700158CD7
000083170015FC51
000083170015F14C
000083170014DB6A
00008317001499DF
000083170014AA45
000083170014057F
000083170015FEA1
3152218178
000083170015E757
0000831700148DF5
0000831700119F7B
000083170015131A
000083170014AA64
0000831700150488
00008317001474F2
0000831700150A71
000083170014CCF2
0000831700152AAD
00008317001501C3
00008317001591D6
00008317001463EF
00008317000F72D6
000083170013A82E
00008317001244CD
0000831700150329
000083170014AA7E
0000831700151762
00008317001327FA
0000831700092742
0000831700152295
00008317001591D2
000083170011BBF0
000083170013D693
000083170009C085
000083170013C084
000083170013EF68
0000831700141378
000083170009B38A
00008317001465E8
00008317001528A1
0000831700135250
000083170011A395
000083170014CD7B
0000831700158E1C
000083170014DF62
0000831700147B45
0000831700152B99
00008317000988D9
00008317001440CF
000083170011C9EC
000083170015774D
000083170015EB78
000083170014B5A1
000083170014DA95
000083170015FEE1
0000831700139ECC
0000831700152BA2
0000831700152A7C
000083170014DB6B
00008317001453AB
0000831700148D8B
0000831700155B2A
00008317001518D3
00008317000F68DE
0000831700159211
0000831700147CAC
0000831700118FDF
0000831700135FFC
0000831700135DC0
0000831700150EF9
00008317001570E8
000083170013DAB8
000083170014DAE4
000083170014AA4B
000083170013605E
0000831700150A6B
0000831700148401
0000831700135447
00008317001463FB
000083170014DB0E
0000831700150343
000083170014E8A6
000083170014AB9D
00008317000F6ED9
0000831700122735
0000831700142B1F
00008317000F6740
000083170011BDC5
0000831700142606
000083170012B45A
0000831700144657
000083170013F462
00008317001257B1
000083170009B425
0000831700143702
000083170013C3D6
0000831700152B80
000083170014CD0C
000083170015F133
0000831700155CA2
0000831700152987
00008317001463EE
000083170015AFF6
000083170014989F
00008317001498B8
000083170011B80D
000083170013C07E
00008317001267DD
000083170012684A
000083170012B198
000083170013600D
0000831700157AE5
00008317001360CF
0000831700144ED6
000083170015E876
000083170014DF7E
000083170013D6F5
000083170013F9F5
000083170013D416
000083170014FA73
0000831700139E5F
00008317001360BD
000083170014DA8A
0000831700124781
00008317001426D6
0000831700140556
0000831700146C52
000083170013F572
000083170014663C
0000831700157ACD
000083170015B598
3381524823
000083170013F985
0000831700144F4A
0000831700142B58
0000831700127E3F
000083170013F403
000083170014AD4F
000083170014EB26
0000831700146D1D
000083170014FB36
0000831700159B03
000083170015E2CF
0000831700132418
0000831700148E29
000083170014DBEB
000083170014E94E
0000831700159C7A
0000831700134BD4
00008317001543AB
2934690261
0000831700159505
000083170015E31C
0000831700147AE8
000083170015D513
00008317001499E0
0000831700123709
000083170014997B
00008317000F7887
00008317001190F4
000083170013C8D6
00008317001567CA
000083170011904F
000083170015B1FC
000083170014EC36
000083170014EDFC
00008317000EA3DF
000083170014FAFE
0000831700154E14
0000831700148336
0000831700153655
000083170014154A
000083170013C370
0000831700158533
000083170015036F
000083170014CDD6
000083170014C9FC
0000831700142AD5
00008317001406B1
000083170015915A
00008317001501AD
0000831700136058
000083170014062E
0000831700134AFE
00008317001591BD
00008317000EF934
000083170014E6D4
000083170010146E
0000831700157D3A
0000831700144FBD
00008317001338CC
000083170011F5E3
000083170014B8FF
0000831700139FE2
000083170015DAE6
00008317001559E4
000083170014F1B9
000083170014A5E8
000083170015F88D
000083170015D300
0000831700151F45
0000831700146520
0000831700134AE1
3403180590
0000831700109E4B
0000831700148580
00008317001406DE
000083170012492B
0000831700154E78
000083170015E738
000083170015194E
000083170015E231
000083170015CB54
3152364314
0000831700155F39
000083170015E24D
0000831700152E4F
2934494462
00008317001382BB
000083170015B8D0
00008317001445E2
000083170015933A
00008317000D90D1
000083170014E379
0000831700152B37
000083170014CD5E
0000831700148BF1
3381310944
000083170015CB6A
000083170010D28A
000083170012A66C
000083170014DAA6
0000831700135DB3
000083170014CF8A
00008317000FC8D7
0000831700125D01
00008317000F2FB4
000083170015855B
0000831700135FC3
00008317001512E7
0000831700153071
000083170013B63A
000083170014460E
00008317001338DE
000083170013C41B
000083170014342D
000083170014479B
000083170013FADE
000083170014213A
000083170013282A
000083170014341C
000083170013C3CC
00008317001414D4
00008317001445EC
000083170015252A
0000831700153F9C
0000831700146D7F
00008317001327AC
00008317001559FF
00008317001321A8
0000831700143298
000083170015AE97
000083170015B20C
0000831700157124
0000831700152C00
000083170009B341
0000831700147AFE
0000831700159AC5
000083170014B90E
0000831700144E45
00008317001343DF
0000831700147B2B
000083170015DADC
0000831700146F85
000083170014E6F0
000083170014BBFF
000083170013FB45
0000831700151DB5
0000831700152022
0000831700156109
000083170013C0C0
000083170014C1A6
0000831700140679
000083170015D4D9
000083170013C89D
000083170014CDF8
00008317001434C8
0000831700159349
000083170013E482
0000831700150450
000083170015B65C
0000831700118CFD
00008317001512EA
000083170015FECE
0000831700132BC8
0000831700125063
0000831700119FE8
0000831700132C18
000083170013E3CA
0000831700135F48
0000831700135417
000083170014CC38
0000831700159949
0000831700156C52
000083170014597D
00008317001521CF
0000831700133B73
000083170014AD50
0000831700135471
000083170015DF0A
0000831700152E5A
000083170014ED89
000083170015E68D
000083170014EB5C
000083170014FD5D
000083170015DF5B
0000831700151947
0000831700134ABF
0000831700144FDD
0000831700141FDB
0000831700135DD0
000083170013C869
0000831700133CFF
000083170013C8A6
000083170015136B
000083170013F3D3
000083170014B433
000083170014C456
000083170013C933
00008317001434C9
000083170013BA56
0000831700135CD4
0000831700155403
000083170014283B
0000831700119C1B
0000831700118B4D
000083170015137C
00008317001591CE
0000831700118F3E
0000831700135193
000083170014CD25
00008317001579BE
000083170011AAD1
000083170013919D
0000831700157B58
0000831700158841
0000831700133A65
000083170013E557
000083170013246E
000083170014D0A5
000083170014538D
000083170015F766
000083170015D547
000083170015F6F4
000083170015E2F8
000083170016ABA5
000083170015DB36
000083170016D163
000083170016BD13
000083170016B7F3
000083170015DD35
0000831700169A57
0000831700142BBA
000083170016AE2F
2931609973
0000832B00090429
000083170015D7BC
000083170013638F
000083170013631F
000083170016AE3C
000083170016A1EC
000083170016C136
00008317001693AB
00008317001698D9
0000831700138589
00008317001346D4
3382045257
00008306002F4756
000083170013D8F0
000083170014E71B
000083170014CB1E
000083170015DF6C
0000831700155B25
000083170013D909
000083170014CA09
000083170015E4B3
0000831700137349
000083170014DB5B
000083170014AABC
000083170013511A
00008317001361E1
000083170014CCE4
0000831700119660
000083170014ABAE
00008317001436FE
0000831700134AC3
00008317001331D5
000083170013FA07
000083170013A7F0
00008317000F67F4
0000831700123123
0000831700141637
0000831700155072
00008317000924E1
000083170015F9BB
00008317001583AB
00008317001553DB
000083170013EFB5
000083170013A010
00008317001338FC
00008317001535D8
0000831700160067
00008317001502C3
000083170014E699
0000831700153F48
0000831700136F02
00008317001433B9
000083170013BFE8
000083170011CA8E
0000831700132CFD
0000831700132C64
000083170015837D
0000831700146F6B
000083170013A263
00008317001360A9
000083170013CB58
0000831700150467
0000831700150448
00008317001504B9
000083170013C886
0000831700134DE4
000083170014E02F
3062809025
000083170015E5C9
000083170015DA4D
000083170014C0EE
0000831700150022
000083170014FD16
00008317001518F2
00008317001559F4
000083170015D000
000083170015DA93
0000831700152A81
000083170015F02D
00008317001512CF
0000831700152B92
0000831700148D8C
000083170015F015
000083170015E893
000083170014B550
000083170015F25D
0000831700150A86
000083170014213F
000083170013FB52
000083170013F4E5
2934316962
00008317001431F3
0000831700147ED0
000083170013EFC4
0000831700152AAA
00008317000F46BC
0000831700135E42
00008317000F68F3
0000831700142760
3381740853
3381540799
00008317001464D8
000083170014339B
0000831700141532
00008317000FD5B4
000083170014DAC0
000083170014CE80
000083170015E3C9
0000831700141741
000083170011969E
000083170014CE4D
000083170014DFD9
000083170014B532
0000831700144FFE
000083170015A505
0000831700140970
000083170013692F
0000831700151FDB
0000831700146D6C
000083170013C0BC
000083170014E8D4
000083170014E006
0000831700139FFF
000083170011978E
0000831700127085
0000831700159166
000083170015EA74
3381561759
0000831700153FEA
000083170014168A
00008317000F7905
0000831700134312
0000831700152835
0000831700152840
3381495396
00008317001413BB
000083170013F579
000083170015F943
000083170013C3BB
0000831700152ABC
0000831700155BC4
00008306003417F2
3057697638
0000831700152535
000083170013DAAC
000083170013C7C1
000083170015843A
000083170011A639
0000831700146D26
0000831700157163
000083170015EB44
000083170014CF8E
000083170014DA7C
000083170014DD08
000083170013C40E
0000831700135F57
00008317001483E3
0000831700148DF4
000083170014AA8A
0000831700151FE2
000083170015362F
000083170014462B
00008317001501B2
0000831700156F84
000083170013522F
0000831700155C34
000083170009A715
000083170014F02D
000083060033D5D4
000083170013689C
000083170013C3A0
0000831700135208
000083170013D29E
0000831700150B03
000083170013D304
0000831700150AD3
000083170015922E
00008317000A91FE
0000831700123209
3382607104
0000831700151DB0
0000831700118EFF
0000831700156FB1
00008317001504A8
000083170013DA63
000083170013C8CB
0000831700119606
000083170014AACB
000083170013C8CA
0000831700154640
000083170015F0ED
0000831700151361
000083170014DB05
0000831700119699
000083170014B78B
0000831700148BD9
0000831700140A03
00008317000F730C
00008317001331C9
000083170011B6B2
000083170014BD08
000083170009B3E5
000083170013D394
0000831700146ABC
000083170013C0C5
000083170013DAD3
0000831700125330
0000831700154B3F
000083170013D429
0000831700144FF2
000083170015F782
000083170015DECA
000083170014EE1E
000083170015CF0F
000083170015DA47
000083170015DEE9
00008317001518E6
0000831700119B2D
0000831700136028
000083170013D323
0000831700118B40
0000831700119C4F
000083170013D2ED
000083170013D2D9
000083170013BA83
00008317001434BB
0000831700158E3E
0000831700148DFA
0000831700144557
000083170014DBA0
00008317001360CA
000083170014995C
000083170014DC51
0000831700135F5D
00008317001434AF
0000831700150A6C
000083170013734F
000083170013917D
0000831700152ACC
0000831700141517
0000831700139121
000083170014E6C7
0000831700134A68
00008317001360B4
0000831700152DEB
000083170013C0CC
000083170011B71E
000083170014068D
000083170015DAB6
000083170013BA4D
000083170014F375
000083170014FA69
0000831700155F95
0000831700157D6D
0000831700142634
0000831700134A1C
000083170014BEAD
000083170013C027
000083170014662E
000083170015C9A6
000083170014D16A
0000831700152A84
000083170014B525
00008317001512BA
000083170014C9E2
0000831700141FE3
0000831700139EFC
000083170013FC9C
00008317001391BE
0000831700147B2C
3063739715
0000831700150C2A
000083170014BDB9
000083170015B200
0000831700154E7F
0000831700146A6B
000083170013E443
000083170013D680
000083170013C092
2934565473
0000831700150C22
0000831700145D44
0000831700134A45
00008317000988BC
000083170015B071
0000831700143485
000083170015933C
0000831700146435
000083170014052B
0000831700134A86
000083170015897A
0000831700145D5C
000083170013F4BC
000083170015DF75
000083170014EDED
000083170015DAC2
0000831700151F1D
000083170014ED4A
000083170015D6FE
00008317001518D2
000083170015E5F0
0000831700150AF3
0000831700123231
000083170011A411
0000831700132D09
000083170013CB45
000083170015603D
0000831700118F68
000083170015A4F0
0000831700148CB3
000083170014DD02
000083170014AA4E
000083170011A655
000083170015045E
000083170014A9CA
000083170014054A
000083170012D011
0000831700141FF9
00008317000AB57E
3381716698
0000831700154614
000083170014AA1B
000083170009B438
000083170015856C
0000831700159AF7
000083170011A022
0000831700140632
000083170013427C
0000831700146D29
00008317001391EB
0000831700159A98
000083170009B351
0000831700119620
000083170013736A
00008317001535E7
0000831700145535
0000831700159912
0000831700141E58
000083170014DCDE
0000831700139101
0000831700157B09
0000831700144FEB
2938857990
0000831700144623
000083170013FB5F
0000831700148DCE
0000831700145531
0000831700150A78
000083170014DBCB
000083170011F0B1
0000831700136014
000083170013C4BA
0000831700150AB9
000083170014619C
000083170014DA77
000083170015EA16
0000831700136089
0000831700143213
00008317001448BF
000083170011A65D
000083170014DBCE
0000831700150E41
00008317001231F4
000083170014D5B5
000083170015215E
0000831700121402
000083170014CE01
000083170013F8D1
0000831700159304
000083170015032E
000083170015A53A
000083170014EAE1
0000831700135DB9
0000831700158EC1
0000831700135DF9
00008317001434C7
0000831700147FD6
0000831700158ECD
000083170015AD6B
000083170014150B
000083170014DF90
000083170013516A
0000831700142AE8
00008317001433B7
000083170011BFAE
000083170014AA41
000083170013EB0A
00008317001351B8
00008317001434CD
000083170015042E
000083170014DBED
000083170014E8F3
000083170014144F
0000831700145514
000083170014CDF1
000083170014D17C
000083170011B6E3
000083170014D958
000083170015114E
0000831700143225
000083170015931D
000083170013F90F
0000831700157D45
000083170009C09F
00008317000D07B0
000083170013C926
0000831700152352
0000831700159333
00008317000C1F0D
000083170013DACA
0000831700155589
000083170014ED61
000083170014D967
000083170015D538
000083170015E363
000083170014E851
000083170015BBE0
000083170014ECAB
000083170015232E
0000831700146471
000083170013BA6A
00008317001360A4
000083170015612A
000083170013D2E5
000083170014AA10
00008317001323BB
0000831700150AFD
0000831700118F6C
0000831700134A69
0000831700135F30
0000831700159368
000083170013BFDA
0000831700142B53
0000831700135E05
000083170013736C
000083170014E86A
0000831700150ACB
000083170013D672
000083170015134E
0000831700156D5D
000083170015E9F7
0000831700135FE3
000083170013F9D8
0000831700147986
00008317001431DB
000083170014640E
000083170015C69C
000083170014098A
000083170014148D
000083170015030D
0000831700156007
000083170013F9F4
000083170013907C
0000831700142743
0000831700152A61
000083170014FE58
000083170013C8F3
000083170015296B
000083170014AC49
0000831700148BF0
0000831700148703
00008317001455A1
000083170014A816
00008317001591DA
00008306003465F8
0000831700147AA5
000083170015E1B2
000083170015E64E
00008317001529D7
000083170015B235
0000831700154E1F
000083170014BBD5
000083170015F85E
000083170011A406
0000831700158836
0000831700119B21
00008317001360AA
00008317001342FA
0000831700136091
0000831700155401
0000831700133E78
0000831700146452
000083170014147A
000083170014E81A
2934581575
000083170011E8B4
000083170015195E
0000831700132A4E
0000831700150AC4
000083170014C968
0000831700160076
00008317001434DA
000083170014E815
00008317001434D3
000083170013C7B6
0000831700150307
0000831700137324
000083170014D5BC
000083170014DB26
000083170014FF2D
000083170015AE15
0000831700133C9C
0000831700158326
0000831700150FBF
0000831700119677
000083170013F578
000083170015C4C2
000083170015F24E
2933271805
000083170014E6BA
0000831700142075
000083170015FE5F
0000831700150FD1
000083170014DFF1
000083170014DB23
00008317000F6F4C
000083170015932E
000083170011F3AB
000083170013B670
00008317001595ED
000083170014E00D
000083170015536D
0000831700140680
000083170014866F
000083170013C468
000083170014FE53
0000831700152289
00008317001360A1
0000831700119806
000083170010D506
0000831700150B0D
0000831700159199
0000831700132294
000083170014DCCD
0000831700150393
000083170013A802
00008317001464E9
0000831700158E15
0000831700150282
0000831700133A5D
0000831700148CAA
000083170014C1E3
0000831700148E3D
0000831700148BD4
00008317001526E3
000083170014F369
0000831700127E46
000083170014CDDC
00008317001031D0
00008317001504B2
000083170013D69C
00008317001409BB
0000831700135195
000083170009C053
0000831700135DFC
0000831700123728
000083170014052C
000083170011C014
00008317001433E5
0000831700135D26
000083170014CA2B
000083170014DF81
0000831700145FB4
00008317001545FE
000083170014C9A9
0000831700137362
000083170013C8C4
00008317001474A4
0000831700135F99
000083170014DB54
0000831700155355
00008317001360CD
0000831700150FE9
000083170015E753
000083170015FB07
0000831700155B7B
000083170015CD78
0000831700146A93
0000831700155F11
000083170015CCBF
000083170011A01B
000083170014E9CB
3379771660
000083170015E265
000083170014C1B2
0000831700152077
0000831700150F7B
000083170013F530
000083170015F832
000083170013F55D
000083170014552F
000083170013547C
0000831700143503
0000831700136025
0000831700135F31
00008317001360D5
0000831700148DC7
0000831700152B54
0000831700135DDB
000083170013732C
0000831700150A9D
0000831700153024
3380360111
00008317000A827E
2929491093
00008317000AAD14
3152398810
3057923042
3156639898
3062792698
3062256433
2935109869
3156047067
2939105724
2931773974
2929578943
00008317000A8EAC
3062694769
2941241022
2929578062
00008317000A7D5F
2931982174
000083170009A872
000083170014ACD5
2929490119
2931874800
3057691118
00008317001271F4
2934317156
000083170015930C
00008317001586B1
2934398638
3057695385
3056766522
2934930964
3382914360
3156065238
00008317000CCBE0
000083170013C91C
2938206452
2929492223
2934868229
2934472210
2938601178
2934628167
2941246239
3153536030
2929461463
000083840006528D
2922979967
3155860075
2922992518
000083170014CE20
2934680946
2934643201
3156064953
3057898822
000083170015272C
000083170013E3B7
2941243054
0000831700070F5F
3156623789
2933274437
2922987212
2938842130
3382735111
2934416186
2934898154
2930354660
2929453563
00008317000D343E
2934513099
000083170011F45F
000083170014B51E
000083170016007C
00008317001267EE
00008317001433AE
00008317001391B9
0000831700151347
0000831700159318
000083170013EAE3
00008317001267B5
00008317001276C0
000083170014DCB9
000083170014262D
000083170010CE64
0000831700150436
000083170013905B
00008317000EFB13
00008317001351DC
000083170015A2F3
000083170011E23C
0000832B0006D164
2922995180
3062691210
2929582278
2931787535
3063782908
000083170013CA5D
0000831700137523
000083170013D2A3
0000831700119C20
2935051959
000083170012837C
2935221552
2931779264
0000831700146FA3
000083170013D311
000083170015D349
3062681587
00008317001435B5
0000831700135A9E
2931928974
2935536362
00008317001501B9
2934581310
2922988304
3057808837
000083170013448F
2931799153
3057820548
3063298069
2924087466
2934324888
000083170014FCED
3156504193
3057707297
2922991091
2938232612
3062691193
3057695631
2935556167
0000831700145FE7
2934632996
2941242983
0000832B0006DA8F
2929499079
3057921768
2934828926
2934503049
2934314081
3057896275
2931771933
2934255004
2934653251
2934819575
3379665252
2938656867
2929477204
0000831700135E53
00008317001464CC
0000831700155397
000083170015F900
000083170015FB9D
000083170015F180
3039987876
3062678684
2936996384
00008317001535D9
0000831700135DBE
2941243038
2929489958
2934665113
00008317000C57E6
3062692278
2934900079
2929500584
3057287780
00008317001570E4
000083170015EC52
000083170014CD8B
0000831700159872
0000831700145D68
000083170015AF78
3381480582
000083170012347E
0000831700148D59
2934648909
2939134968
3057900400
2938838062
000083170014614B
00008317001436E1
000083170009834C
000083170013C91E
00008317001327F1
000083170014C42D
2929579734
0000831700134A2F
00008317000C2A99
2932198694
2929485999
00008317001436E3
3039984066
000083170014DCF0
3057709757
2935668837
3057922004
0000831700146C8A
2934894660
3057920074
3063339311
2934948551
0000831700145529
2932203090
2934617234
3156435685
2932195988
2934849190
2934640266
2934912410
2931864879
2929495052
2929465363
3063676798
2939099747
2934905518
2934369886
3063195352
2934827132
2939119336
3056764399
3379754059
3057814348
2931830359
2935241430
3057922527
3057942989
2934327346
00008317000C592C
2934865338
2934676098
3057672709
2938769676
2934950477
3057945595
3056762931
3056766912
2934515651
2931779919
3152309579
2934392889
2938617618
2929466305
3152886374
2934547551
2931800680
2934916511
2935071940
2934600826
000083170013DCC1
2935087815
2938635185
3057809784
00008317000C46B4
2934960410
2934598027
2931918560
3063646408
3057831102
3057924440
2933279683
3057899223
3062792114
0000831700153756
000083170014DFF6
000083170015CCBB
000083170016A03E
0000831700155054
0000831700142510
000083170014241E
00008317000C37BA
0000831700145520
000083170016BC99
000083170016A4BD
000083170016AE18
0000831700155F57
0000831700155DB8
000083170011C491
000083170015E7F5
000083170016C11D
000083170016AE07
000083170009B3FC
00008317001459CF
0000831700142986
000083170014180D
000083170013A0AC
000083170015B6C6
000083170014889C
00008317001416B9
2934973789
00008317000AB764
2934828263
000083170013B084
3063187905
3056762733
2929581593
2932223247
00008317000AAD1B
3062684010
2934499658
0000832B00275BBF
2934964581
3062210393
3057894376
2934242263
3382196228
3382046512
3056729705
00008317000A8745
00008317000ADF49
00008317000A91D7
2934572480
2929944811
2932195969
000083060033F2E8
0000832B000149B5
0000832B000656E8
0000832B000721DE
2934410060
3057831570
2938624599
3381808752
3057694220
3057899721
000083170011B6D2
2932204182
3063694179
3063699497
2929581601
2938628055
2938612595
2934531611
2933279799
2938210484
2938641203
2935017905
00008317000CCD93
2934562895
000083170011A667
0000831700134E05
0000831700141547
0000831700133903
00008317000AFF56
2934328262
00008317001502A4
0000831700148C90
2929473083
3056767029
3057899337
3062220141
3380027267
3057898310
3057900645
3152318343
3381477136
3156234367
00008306002EC19A
3056727751
3156248687
3056767693
00008384000653E5
3056764265
3156173742
3057827402
3156080813
3057832297
3057810152
3156169509
3152400602
3153095881
3156372821
00008306003369BB
3057921297
3381526781
3057921727
3056763545
0000830600346838
00008306002EBAB5
3153079760
3152303171
3056767502
3057898844
3156815306
3057899523
3382025521
0000830600346072
2934818794
2934419831
2934410323
2934511070
2934323870
2934562794
2929389265
2934254701
2932230430
000083060033B87E
2935762249
2935679001
2920439599
2934912419
2934888198
3379622125
0000830600339A74
2929466826
2938656994
3057831062
3057832669
3057694025
3156919860
3056764388
3057693030
0000832B00228A2A
3056766503
3056729948
3056762814
000083840000DB98
3057835197
3156260024
3057688588
3057829288
3057900330
3057693492
3152229933
3057696051
3153110898
0000830600344E6D
3057942302
0000832B002B3D92
000083060033F65B
3057899417
3382606362
3057737777
3383357240
00008306002F10F0
3153323252
3062795286
3062802615
3057694004
3057826181
2934837029
2934342544
2934481596
2934312081
2934472130
2934341687
2929389581
2934831240
2934509319
2934834907
2934838197
2934357316
2934838288
2934495469
2934474320
2934839463
2934841648
2934830940
2934841692
2934840896
2934826283
2934838522
2934471021
2935181040
2929578737
2932229657
2932230821
2931989213
2931796345
2931989660
2931988710
2931989744
2935660751
2935717602
2934637017
2935131110
2935083066
2934943239
2934928667
2934889582
2934895830
2934895995
2935217745
2934912650
2935224938
3063738673
2935222249
3063709938
3063735621
3063743342
3063717071
3063720566
3057833965
0000830600338049
2934345167
2935438960
2931840097
2931838831
3380964387
3063727164
3063673126
2934729918
3152360272
2934570389
2932000606
2934899709
2938199774
3057694472
0000831700142035
2934866004
2934669532
0000832B00090A88
2934492833
2934685383
0000831700158453
000083170014599F
000083170012B464
3039987364
2939119813
0000831700104582
3057696332
2935131144
2938210258
000083170014FA2C
000083170015EC8E
000083170014079F
0000831700152A70
000083170013FAFD
000083170013F9FD
000083170013C7C7
2933274078
2934702242
3057811663
2934312049
2938612315
2935012721
3156633293
3153095752
2929967461
2929964095
0000832B0006555C
2929958269
2934398832
000083170014D6B9
000083170015F0C6
000083170014E2CB
000083170015F94A
000083170012AF66
0000831700127095
0000831700108AC7
000083170014CE6F
0000831700160083
0000831700154600
0000831700142B18
000083170013FB72
000083170015899D
00008317001507DC
00008317001331B3
000083170013BA8B
00008317001553E1
00008317001335F8
000083170013360B
00008317001553BB
000083170013DC6A
0000831700134339
000083170014705B
000083170013BA7C
000083170015495A
000083170015545D
000083170011A084
0000831700152688
0000831700132BCF
000083170015FE24
0000831700151CE2
000083170013D68B
0000831700140617
0000831700118B69
000083170013E1EA
000083170013A26F
00008317001579F8
0000831700119C27
0000831700152B84
2929477934
2938835653
3057895803
3057820447
3057897894
3057820519
3057898922
3156639062
3057899580
3383046006
2934417437
2929961630
2934831352
2934314985
2934398562
2934407430
00008317001502CA
000083170012688B
0000831700103686
00008317001284AC
00008317000F670E
0000831700124901
0000831700124770
000083170015F9DF
000083170012694A
000083170014E2FB
00008317001361C2
000083170015EC63
000083170015271B
0000831700123B19
00008317000FD62F
000083170014E8C3
0000831700150382
0000831700150339
00008317000F6E44
00008317001478A8
0000831700159179
000083170014B593
0000831700119688
000083170014CA01
00008317001486EB
00008317000EF904
00008317000ED690
000083170015919A
000083170014DFFA
0000831700138402
00008317001383E7
000083170015EB4E
0000831700150463
0000831700145D27
0000831700119056
0000831700119625
000083170013C026
00008317001546B3
000083170013BA82
000083170015F8DD
00008317001526DF
0000831700135F8F
000083170015FEB1
000083170013BA41
00008317001579AE
0000831700155509
000083170013CA79
0000831700134350
0000831700155484
0000831700151CDB
000083170011A067
000083170009A88A
0000831700133C55
000083170015A5EF
0000831700146D07
000083170014CC9F
000083170014465C
000083170011961D
0000831700133C69
000083170009C0EC
000083170011F25A
00008317001405FA
0000831700135CD1
000083170011A057
000083170013CAB1
000083170014FABC
0000831700146F77
0000831700134323
0000831700118F51
000083170013CB64
000083170013618C
00008317001356C3
0000831700133441
0000831700150ADB
000083170011BDB7
000083170014E819
000083170013CAAF
000083170011AAC5
0000831700146C2D
000083170014EA7B
00008317001599FE
0000831700159D17
000083170014F37F
000083170013C08A
00008317000B2864
2936962519
2932234118
2934693172
2934597773
2935131480
2934521315
2934611830
2934636940
2931767470
2935627827
2935093136
2935093377
2935093854
2938640929
2934943478
3152299478
2938835686
3153100045
2934502962
3065197551
2934416596
000083170014660A
2934910451
2939108259
2934833475
2934573360
2934617670
2922984024
2934969888
0000831700150291
000083170015866A
000083170015F0C1
2934677838
3381463633
2922983475
2934835789
000083170014552A
0000831700138401
3152307156
2934794594
2931918832
2934922610
2938198315
2938837875
2931771811
2939156092
2934827152
2938771518
2929580454
3057809902
3153116980
3156187970
0000831700123BE2
000083170009B39C
2935137523
2935109758
000083170015AFE7
0000831700139EDE
2934865188
000083170009A700
3057694466
2934683728
000083170014AA95
0000831700141FC5
3057672415
0000830600300DAA
3152303567
2931865231
2938707380
000083170015926F
3062793697
3383136124
0000831700140599
0000831700151957
00008317001570F3
2931774884
2934411126
2932207761
2935098138
2935020460
2934828878
2929579934
3381997347
2940239098
2934652733
3057941789
2929494654
2938756812
000083170015866F
0000831700146D71
000083170014B57A
0000831700132241
00008317000A90D4
3156502949
3063294015
0000831700142AD1
3063187768
3057886050
3062811789
0000831700148DFB
0000831700140696
000083170013E2A8
0000831700159A69
00008317001413CD
000083170014DF97
000083170013BFD2
00008317001463DA
2934617504
3057809580
000083170014132A
000083170014E6DE
00008317001470CD
00008317000CE417
3058543602
000083170016007F
2931842492
3057362652
3057699601
2939139574
2935002548
3057357161
2935219456
2935130812
3096765763
3153044951
2934868059
2922994264
2931830264
2922996664
2934415607
3063763763
3149410659
2934912731
3159157344
3057923469
2939104780
2934399223
3057941295
00008317001551C7
000083170014DA75
000083170014CF89
0000831700150297
00008317001564C6
0000831700148CBD
0000831700148D65
0000831700153660
000083170014A9C9
0000831700137373
2931845036
2931857419
0000831700145FEE
000083170014CE1E
3057359299
2934257424
3063743209
000083170015B657
2931803091
2934237135
2934796727
3381664866
3057921979
3057946261
00008317001465E5
2934642567
000083170014CE02
0000831700146633
000083170014F36E
0000831700150AC5
0000831700149119
2934852309
2934485932
2929490623
0000831700148BF6
0000831700132171
0000831700152244
0000831700135FEA
3062702505
000083170015194B
3056766690
2941237003
2929938682
000083170014AD7A
0000831700151FEE
2934884042
2934825647
00008317000B007A
3057896983
3057709345
3379689346
3153051272
3057706996
3379600284
3381212601
3057834198
3057812818
3156889524
3153123316
3057917902
3057825292
3057810019
3057288218
3056324129
3062691401
3153099501
3062805598
3380982068
3062794714
3062695340
3062374436
3062820084
3062793704
3153109306
3062777523
3057819145
3062802656
3039985593
3149476121
3057944687
2934574729
3379760708
3435400055
3056763733
3057824577
3057694762
3379662061
3382177084
3057920175
3057896279
3057819681
3381495094
3382886103
3057832099
3057812047
3057694698
3057695679
3057808552
3382884121
3057918573
3381664944
00008306003388C8
3057809050
3057821787
3057810313
3062790509
3061959119
3156516019
3062778926
3062374087
3058567245
3153535763
3062787851
3062776154
3153127459
3062692425
3062444420
3062680775
3062693397
3062221406
3061962706
3057808994
3062695194
3381245485
3039985440
2934476670
2934476040
2934598667
2934363685
2934504580
2934849902
2934562892
2934561955
2934818266
2934315425
2934492777
2934495941
3382247621
2934358257
2934562408
2934562538
2934562148
2929939937
2934489254
2934830788
2934827100
2934826916
2934822847
2934762953
2932223950
2932209601
2932223258
2932000951
2932000960
2931973301
2934699017
2932222741
2935097042
00008317000A876E
0000831700134306
00008317000ABDDB
3063815084
3063328814
3382623837
3063744445
00008306002ED1F6
3379690158
3153116166
3063772058
3063293541
2938769570
2938625559
2938625480
2934943205
2938627576
2934875002
2934654527
2922991060
2929495612
2929585165
2929583171
2929490300
2929585071
2929580164
2929475257
2929456993
2929579794
2922999553
2929477163
2929487455
2929495907
2929587475
2931394972
2931394810
2938633883
3062692219
2934476887
2934455691
2934562378
2934829001
2934354278
2934507018
2934827444
2934846434
2934849790
2934824699
2934826726
2934363797
2934820210
2934562208
2934313967
2934821909
2934315367
2929961167
2931769896
2932001293
2931889302
2931986209
2931922610
2932000114
2934595725
2932231890
2936995039
0000832B0023DD7A
00008317000AB668
2932165185
00008317000A767C
00008317000ABDD1
00008317000B43F9
00008317000A8E39
00008317000C24C6
3156210196
3380505120
3063554784
3063739230
3063713445
3063712888
3063738502
3063356803
3063727702
3058542699
3063905610
3152403641
2938235997
2938633938
2938885200
2938885008
2938613069
2938612241
2938764993
2939092210
2934993836
2941241951
2941237097
2929482728
2929585106
2929487431
2929489624
2929492686
2929457141
2929580155
2929478356
2929494519
2929487502
2923003740
2929487945
2929578978
2922997310
2922987764
2929462053
2929488415
2934289649
2934280600
2922982918
2932198628
3063641568
3063649987
0000831700143646
2934479334
2941246718
00008317001595E2
0000831700160054
000083170015E4BA
0000831700150386
3063442916
2932006502
3057821226
3153097022
0000831700150AFE
00008317000C6213
3057709658
2934323575
00008317000AB55E
000083170015E5F8
00008317001466B9
2934866725
3057947012
3063198130
00008317000AEDF3
2929471147
00008317001501C8
3057820427
2931846626
2932184121
2934608408
2931990904
2934566515
2931935261
2931916322
2932198778
2932199066
2929466441
2934499784
2934764241
3063801098
2934677371
3382717183
00008317000A93B6
2934824826
3061961668
2938602300
2938769988
3063194582
2931773398
2932222922
00008317000C5DCE
2934595502
2931990888
2931967941
2932008843
2929487490
2929463225
2929469221
2935217678
2934828633
2933279791
2934598986
3062793724
00008317000B25E2
00008317001483E1
2935362012
2932219077
3056729702
3381725791
2938242697
2929584812
2931956957
2931957761
2931781519
2932199164
3063202870
2934824408
3058564107
3062693180
2929584501
00008306002FFF68
000083060034022B
3062681875
3058543400
3063294608
2931986146
3156502334
2931883769
3151991431
2931395055
3063740588
0000831700119686
00008306003011B7
3057695890
3057943770
3057688714
2934509681
00008306003006A1
3156379473
0000830600340C22
000083170015133B
2934704620
3383050281
2923001070
2934309802
2932219659
0000831700143489
00008317001197EF
2934597535
000083170014DFB6
3057813383
3056683304
2929985226
2931882209
2937007130
2931921133
2931957519
2932199141
0000831700148E16
2934594376
2934826729
00008317000C5CB2
00008317000B3DEB
2929579824
2929496501
2929495877
2938615830
2934680578
3380724771
3381639015
2934363367
2931986705
2932199153
2935051956
2929578856
2929578460
2929487564
2929582113
2929465226
00008317000CCDD2
2934829353
3057808376
2931994570
2934832267
2929478785
0000831700148254
3380769320
3057923782
2938764860
2929578174
3057694396
3156701110
2935046845
3062817398
3063293356
2936977664
3062694303
3057898214
0000831700152B81
3381663641
0000831700147FB5
000083170015046E
00008317000AFF5B
2934252541
000083170014CD33
2931966083
2934502875
2938884831
2934827165
2935479708
2929582678
00008317000C2034
2934828031
2932234501
000083170014462A
00008317001196A6
000083170014D9BE
000083170014D23D
000083170014F1B1
0000831700121D77
0000831700166DF4
00008306003371B7
2931824587
3057899719
3057926221
3382878455
2938602293
3057926779
2938230013
2941241774
2929455566
2929455645
2929581603
2929492392
2929474590
2931791625
2932010175
2932009460
2932199093
3063762478
3063294937
2929479567
3063688185
2934499750
2934847880
000083170014458B
2934499925
000083170014DA8C
00008317001475EF
2934324822
2931882405
000083170014A9F3
2938198317
2932216479
3057944002
2934397579
2934679098
2931394776
3057923828
2931807384
00008317000B1B83
00008317000C5991
3063186951
0000831700143705
2934531741
00008317000B12F9
2929463089
2929474764
3155843080
000083170015ADAA
000083170013C00A
00008317000F8133
2929453843
00008317000A93D5
3156229440
2939116749
2934251542
0000830600335216
2932214008
00008317000B15DE
2931874931
000083170013FBAC
0000831700123119
000083170014E893
00008317000FAEB7
00008317001377F2
00008317000EE8D6
2929466192
2932207013
00008306003345BD
000083170015F98C
0000831700103DEE
0000831700149F8B
2931796527
2934794521
00008306002FF77A
2934552290
00008317001039F7
2929497176
2935108884
00008317000FD826
000083170014CDA6
00008317000ABF23
00008317001229DE
0000831700150269
000083170015F1B9
3063726385
2935052154
3063713131
2934884077
3063196127
2936505152
2935531141
2934847346
2938182500
3152299068
00008317001589B0
0000831700148DBF
000083170014647F
2939110904
000083170015A56E
3152231493
0000831700144F56
00008317001436F2
0000831700148CA9
000083170013D98E
00008317001436C9
2935454116
2941242991
2932198904
2934833506
3057898539
2922988652
2929495591
2929580144
00008317000C576C
3379633065
2934405038
3062819244
3156051121
0000831700151155
0000831700146C6A
2929383037
000083170014370A
2931786178
0000831700150435
0000831700158693
000083170015268F
00008317001409EE
2931957833
2938221866
2929582764
2939095301
2941241912
2934943616
0000831700141627
2931610163
2934906517
3057828063
00008317000EF8F1
0000831700146518
2934635556
000083170014AA04
000083170011FA1B
3063708454
3057925430
3063180558
00008317000FC89B
0000831700126307
2938835605
2935058715
3382793171
00008317001345BC
00008317001436F5
000083170014D13F
2935667545
2938642445
00008317000F68C4
00008317000ED72B
00008317000B20AB
0000831700159008
2938853177
2934380326
2934504880
3062684523
3156904112
2938235950
2929495940
3057398164
00008317000AF3E8
0000831700119680
2941244690
2929500010
2931962064
3057811512
2934237852
00008306002EFC46
0000831700144654
0000831700155C06
0000831700152B6F
000083170014D8BE
2929495434
3063206795
3152311283
2934929803
00008306003430F1
2938602049
000083170014EB2E
3057833017
2929383042
2929579053
00008384000199EB
3057833448
00008317000A8752
2938192377
2938192746
2938190397
2938199336
2938199249
2929495693
2935105116
2935630230
2935105100
2935678867
2935729578
2935104969
2935729904
2935175168
2935175596
2935729544
2934561740
2934466631
2934685430
2934635054
2934690202
2934541369
2934685436
2934685530
2934635398
2935744466
2935139218
2935744464
2935139922
2935700440
2934972878
2935185342
2935700240
2935438182
2935080915
2935744678
2935080863
2935080848
2935700413
2935726632
2935630458
2935729539
2935183934
2935700591
2935184233
2935080689
2935681069
2934617427
2935109752
2935181086
2934632516
2934992049
000083170014CCED
2938829309
000083170013D655
2935129188
2929466927
3057825924
3382040140
2938860259
000083170014A58B
0000831700139E49
00008306003352C1
000083170011D3F5
2929582007
2934922578
3062807377
2939111855
2929456198
2935092747
000083170009A743
000083170014D94A
2934938058
0000830600343A21
000083170011A3E8
3057697581
3152224935
2922994594
2934608485
3063647522
2938199421
3381126509
2939093353
2934978802
00008317000CFCC8
2934935707
2935093419
000083170014A5B8
000083170013C0AC
3039986625
2931825103
2935094503
2922988027
0000831700136F12
000083170013FBEA
2922979379
000083170015281D
0000831700145799
2931801153
2934599347
2934452788
3063983783
000083170013434C
3057917505
3383132046
2922995913
3057822815
3039986424
3057899925
2929584869
2940239169
2935221106
0000831700144E91
0000831700145063
2934561570
2934601290
2935452378
2935451183
2935104140
2935452096
2935452353
3381611740
2934975704
2939132689
3063357583
2939141676
2934986756
2939132154
2935008325
00008317000D4113
3380739052
2934870648
2934989545
2934992145
000083170015BBD4
000083170014E801
3063331606
0000831700118B72
2932198581
000083170011C790
3152397843
2929465228
2931609319
3062372752
2934978252
2934637945
2934979349
000083170014AC95
2934503586
000083170013F599
2929462010
3057693027
0000831700118F63
2934840893
2929389446
2938838193
3057925488
0000831700118D35
000083170011A3F3
2934419756
0000831700146BD4
2934889619
3381509457
0000831700152687
000083170013BA6B
2934949587
2934354244
2934541639
2929463981
2934539905
2934948156
2932181837
2934245093
2934244678
3152300273
2934539866
2934539895
2929497485
000083170015F967
2934542564
2934244865
2934531660
3057819887
3057900551
2934504810
00008317001595CF
000083170009B412
2935438270
000083170013C90C
2938234659
2934893969
2934547558
2929466893
2934542602
2934898228
2934541770
2934254483
2929941262
2934338471
2932215096
000083170013BA46
3381040984
3382886471
000083170013CA67
3062787333
00008317000C5E36
3063782358
000083170013D286
2931785013
2933271846
2922996182
000083170013BA37
3063195815
000083170013FA42
0000831700135D1A
000083170011A122
0000831700126264
000083170014418C
000083170009830C
00008317000F6888
000083170013FAC7
000083170013FBD1
0000831700133D86
2935680733
2933274092
2934860717
2929581667
000083170015DEAE
0000831700151D2F
3057711662
000083170015B00D
0000831700118F31
3063725508
2931801633
000083060030188E
3057359234
3057813343
3379604996
3057811697
3057830924
00008306002F36C2
3057923315
3057699140
3057710506
3057947826
3381038952
3057697611
3153117191
3058567018
3058567354
3062371418
3058565686
3062790475
3062795842
3062818576
00008306002F0BCF
3153095957
3057673429
3057671548
0000830600338221
3062800562
3156625534
3062819412
00008306002FD62C
3062791747
3379632919
3379634584
3062779082
3062690418
3062815265
00008306002FFF15
0000830600338043
3382733619
3057945080
3057830692
00008306002FF170
00008306003E59FB
3062802162
3057917757
3057700041
2934325360
2934371566
2934378853
2934826276
2934818398
2934389961
2934828471
2934378901
2934393997
2934842473
2934827135
2934481575
2934328120
2934471917
2934836435
2934495442
2934836469
2935176184
2934995829
2935561177
2935007970
2935031589
2935529904
2934968882
3379689510
2934834531
2934371745
2934826638
2934581847
00008317000C1F7B
00008317000C5CAC
00008317000C46ED
00008317000C37EE
00008317000B1AE6
00008317000C58F7
00008317000B1BB8
000083170011A660
0000831700135F5A
000083170015036A
000083170014CE5E
0000831700156FBA
2938183747
2938187059
2938216781
2938189876
2933279716
2933279708
2933279695
2941246508
2941244104
2922985243
2922952276
2922988590
2923869561
2923877232
2922992540
2929578247
2929466700
2929581992
2929495631
2937007110
2931927885
2931919386
2931918917
2935717562
2931988629
2934354485
000083170015E4D7
2934618303
2934354777
2932218743
2932183741
2934452605
2940239183
2938649884
2938615926
2938641329
2938612365
2938612577
2938603060
2935051643
2934903834
2935239883
2935239706
2938652698
2938653266
2938845063
2938649539
2935217683
2934896715
2934934171
2934986777
2934936218
3152364058
2934678042
2939100628
2939100597
2939111666
2934950497
2935092012
2939120529
2939099349
2934913459
2934914283
2934665267
2934663683
3153133757
2934667549
2939127940
2934663698
2939093643
2935054217
2934934515
2940239161
2935095618
2934912525
3062443953
3156899577
3382883541
3063728871
3063173686
3063718602
3063294491
0000831700156040
0000831700151410
2934548228
2932170982
2935224384
3152322767
0000831700135154
3381255714
3058564930
2934660876
3057696116
3057706999
2939150886
2941244088
2938190404
3382154883
2934523827
2935221275
00008306003355B7
000083170015D51B
000083170015B863
0000831700152B90
0000831700146858
000083170013C927
3062221265
000083170013FB4B
2934673740
2932228542
2934884083
000083060033441F
2934863711
2929579026
0000832B0027697F
2935114616
3057943164
2931844955
2934262614
3057288720
3062220990
3057812726
2929580189
3382598219
2934602961
000083060034632C
0000831700070F27
000083060030043C
000083170014ECD9
000083170015DA43
0000831700118F0B
2938213470
0000831700141E68
3057710327
2934919021
2932127127
000083170015E303
2934851458
000083170014EB6F
000083170014B910
000083170015D644
3380942393
000083170015F8B3
3057826097
2938603779
2934687991
2931782842
0000831700159D13
000083170014E9D5
2938602238
000083170015E392
000083170014F9E6
00008317000A92CD
2934315069
2931397627
2934875067
3382932124
00008317001415CD
2938235229
2934315290
000083170015531B
000083170015043B
0000832B00092275
2935681096
2934324013
2934820108
000083170013F9FB
3153539814
2931993385
000083170013C249
2931933153
3057823390
2938641894
00008317001245BE
3156377927
00008317000EF936
2934832604
2935667762
00008317000F79AF
3057706540
000083170011CF47
2931986883
2929580922
2938642588
0000832B0002014A
2931777415
00008317000C5852
0000831700124F16
2929585328
3381741135
2935512960
000083170011FB81
000083170014E032
00008317000C7E75
000083170012A7F5
00008317000F7993
000083170014DAFE
00008317001267AE
0000831700122980
2934794537
2935438879
2929488219
2929466405
2937007143
2934824680
2939141679
3063694716
0000832B00021D66
2929494495
2935438539
2934502556
3062811796
00008317000AFF35
2935020211
3062691553
3057822327
000083170013619D
0000831700152BA3
2929585069
00008317000F82BC
000083170014AD6E
00008317000EA3D3
0000831700157BCA
000083170015D49D
000083170015713A
3057828374
000083170014F9F5
000083170014C0BA
000083170015933D
00008317000EF8EC
0000831700148E35
000083170013CA72
2938218993
000083170015AF00
3057825821
000083170014BBCE
3057920606
0000831700144FCF
2922986648
2932192057
0000831700157AFA
3057697838
0000832B0008BB6E
2934318083
2939104160
2935439312
2934394511
2930353614
2935115063
00008317000B25D0
000083170014AC42
00008317000C3596
000083170013CBEB
0000831700125D53
2934652688
3153108041
3152296494
2929470902
3057709689
00008317001465DD
000083170015D516
3063326311
00008317001447DD
2934585314
0000831700159925
00008306003343A6
3057899923
2934874542
0000832B0001FD5F
2935495004
3381392383
000083170013C07C
0000831700159B24
3062339717
2934906520
000083170014665B
0000831700153630
000083170015F9AF
000083170013B31B
0000831700153780
000083170013909B
00008317000CE241
3057693818
2934831216
0000831700159A1C
000083170009B306
2922999437
3057894472
2934851361
0000831700137367
2935095426
2934600963
000083170013C042
3063744349
000083170015F127
2938835674
2935147733
2934845725
000083170014EA8A
2934541349
3057922783
3057898278
000083170014DB2E
2934846008
2939092269
0000831700142AEF
2934400005
000083170013EF88
2931983981
2935239705
00008317000B1506
2929975566
000083170015136A
000083060033DB4C
2931995220
2934512273
2934471609
2934689333
3063710493
000083170014B727
2934893955
2934482214
3063446975
2934656837
2934906860
000083170015E89C
000083170014DA81
2934851871
3057821018
2932009987
00008317000B12B5
000083170014DADF
0000831700148DE8
000083170014F36A
0000831700145BC7
000083170015F9DA
000083170013CAA3
2932181435
3057899107
2932008792
3056680735
2938185105
2929455856
2932119829
2929496888
000083170013EFD6
000083170013CB40
2938612454
2934903301
00008317000AE2FF
00008317000ADFEE
000083170013AFDB
3063727487
00008317000C9066
3057811757
2934911220
00008317000B3B9B
2934247271
2922995992
2939098368
2935113006
3382886280
000083170014AA51
2934481828
00008317000C5568
3057896726
2934984572
3057924345
2934597489
2938649886
2934371308
3381348661
3381889469
3062444977
2934555020
0000831700135737
0000831700140634
0000831700118FB5
3057923285
000083170014D6C3
2939119332
3063768290
3058566763
2939157929
3063810520
00008317001579A7
2934821892
2938636526
2941248915
2935159257
0000831700159D10
2934272565
3057927260
000083170013F1E6
000083170013513E
000083170014A2DC
2938190805
00008317000C1C0D
2935093170
000083170014E6F1
2931916875
0000831700118F42
2923002994
3062681072
2929462082
2929581105
2929579733
3062694478
2929579627
2929467045
2938642086
2929580245
000083170014A9F5
2929497366
3063332783
0000831700135CEC
00008317000B160D
2929583422
00008317000C5BFB
000083170013C17C
2934481796
2935093378
2934241559
3382948596
000083170013CAC5
0000831700150340
2932001137
2934407528
3057899530
3039984283
3062693954
2934842796
3057356351
2935115074
00008306003438AD
000083170009C0A1
2935137093
3057941466
2934383819
2929477127
0000831700141FB7
2934884059
2931780238
3057826405
2935155476
2938192861
2934608154
00008306003A154B
2938614001
3057708702
3152976910
2931884746
2934667969
00008317001591EC
3403051628
00008317000F6ED2
0000831700123AD0
2929584914
000083170015AFAC
3063714096
0000831700152B7A
3057695711
3057711325
2929499064
000083170014550F
3057947276
3057693190
0000831700119665
2931786010
2934542929
3057826009
3062792218
000083170011EBF5
2934820116
3149175179
00008317000CE4A9
2931838734
2938632912
3062817995
0000831700127923
0000831700149632
2935048356
0000831700150A8F
00008317000CBCBB
2934675760
0000831700152970
2931785367
0000831700150BBD
3062792675
00008317000E92BA
00008317001268EF
00008317001046A7
3063657310
000083170015919E
00008317001433FF
000083170015F0DE
00008317001436D3
0000831700139077
000083170015EB9D
2934820459
000083170014DFFD
00008317000ED6B1
0000831700148D35
00008317000AEECA
2932222769
2934849792
3063775968
2934909957
2938601638
2934488160
2934704244
2938601613
000083170015EB36
000083170014DF91
2931997688
2922978359
2929966922
000083170014DAB4
000083170014E8BE
000083170013609C
2931780544
3057710670
000083170014E6DF
00008317001236B5
000083170015919B
2929489982
2934540791
3156903481
3057898889
000083170014CCF8
2934634308
3058563713
000083170009C0A8
3156066156
3057825275
00008317000F3B92
000083170015553F
000083170009B38F
2932206958
2929478285
00008317001436BC
3062690604
00008317000C53B3
3063645985
000083170013B2FA
3057708046
0000831700150B0A
00008317001433B2
00008306002F2F2A
000083170014DABB
3380678866
00008317000AB676
3063642778
3057693909
000083170015049A
2934585918
00008317001338E5
0000831700134DFC
2934859939
2929466801
2931814310
2941241766
000083170014A9D0
000083170015F312
00008306002F2444
0000831700139F0F
000083170013C0BE
0000831700133E31
000083170013A51A
0000831700135F6F
3057287543
2934835901
000083170015E88A
00008317001434C4
2934251600
0000831700147FA9
2934860711
2934832425
3057918741
3380668790
3382145099
00008317001553FF
0000831700150B86
000083170013C943
000083170014ABA1
000083170013A807
3063713087
2934483554
2934922418
3062372525
2931792111
3057819492
2934378895
0000831700154B61
2929951738
3063801778
2934476252
2935729781
000083170014C801
2934851978
2938146358
3382618329
0000831700148BD2
000083170014B43A
00008317000F66D6
3057693781
3056765728
000083170014E00A
2934384078
0000832B0008FD76
000083170011D308
0000831700147010
000083170014E05E
2938656605
000083170011E862
0000831700142AFE
000083170014B17B
000083170014E08B
0000831700139D2E
0000831700142B0A
0000831700139F9A
3151140819
000083170013DE84
000083170014D9D6
000083170014FDA6
0000831700155F47
000083170015D970
000083170015D4D3
00008317001446D1
000083170015F702
000083170014F92C
000083170015DA61
000083170015197D
00008317000F3C42
0000831700152E48
000083170015E2E4
000083170015E5BA
000083170015E1B9
000083170013FB91
000083170015F6C1
000083170013AA32
0000831700169A4B
000083170016AB40
0000831700136352
0000831700138B6D
0000831700133F68
0000831700136581
3381209291
000083170014937B
0000831700136564
00008317001364B3
000083170016AE0D
3381686235
0000831700169A9F
000083170015D0C8
00008317001553FE
000083170014D2A5
3402738487
00008317001425F4
00008317001583C3
0000831700155435
00008317001426D0
000083170014D899
000083170014E808
000083170014BD9C
000083170015FC3A
000083170015551A
000083170013F1DF
000083170013FD41
000083170013E3F8
0000831700137330
0000831700119C1C
000083170014D630
0000831700151D53
000083170014E426
000083170014A382
000083170014E467
000083170014E593
0000831700135A94
000083170015E66E
000083170014D775
2938633087
2935228673
3153107896
00008317001463ED
000083170013F5AD
000083170014A590
000083170014A5CD
000083170015D61A
0000831700144FF3
00008317001464F1
2932223851
2929486573
3057834565
2934561648
2934489801
2934685830
3057899410
0000831700152DD9
0000831700151E09
2935158638
3063673548
2939160600
2935435409
2938766623
2929467771
3057707525
2938628058
0000831700159383
3062676612
2934834339
00008317000C5AE0
0000831700150D69
0000831700125414
3062684535
2934318685
3057694190
2934477802
2935100685
00008317000A8EFB
000083170013C0BF
2934958033
3382883192
000083170015E686
000083170013D7C0
000083170015F3BA
000083170015D7FE
000083170015CD09
000083170014B2AF
0000831700142034
0000831700137503
3057941299
000083170009874D
000083170013A105
000083170014E5EE
000083170014EA4B
0000831700155F2D
000083170014BA4F
000083170014B1C8
000083170013C74A
000083170013BA3F
000083170009C0A0
0000831700132A8E
0000831700135AC8
0000831700118F5A
0000831700138AAF
000083170016913C
000083170015D805
000083170016AAAF
0000831700169352
0000831700169BF5
0000831700142D6B
000083170016AB5B
0000831700155F55
0000831700169FEB
00008317001324F9
00008317000E7B8F
000083170015D6AD
000083170014B2B4
000083170014E058
0000831700157274
000083170014D254
000083170014D80E
000083170014F8C6
0000831700136873
0000831700135A8E
000083170014D25A
0000831700136F3E
000083170014D6A4
00008317001585A4
000083170014D242
000083170014D654
0000831700149C43
000083170013F9CA
00008317001384EA
000083170014B370
000083170016AC71
000083170015DDBE
000083170011A386
0000831700138AAE
00008317001595B5
000083170016A1AC
000083170014C6BF
0000831700146995
000083170015DE5F
000083170016A010
000083170014AB0A
000083170014D779
000083170014F51A
0000831700119C04
000083170014E433
000083170014505A
0000831700157640
0000831700152CC6
000083170014D686
000083170014D24B
000083170013CA3D
000083170014AF3B
000083170014D7D2
0000831700152D84
0000831700147016
0000831700135ABE
0000831700155F7B
000083170013A29A
000083170013E888
0000831700138B8E
000083170014EC82
000083170013B64A
000083170015BB32
000083170015D7F9
000083170015F4EF
000083170014E461
000083170013E90D
0000831700147061
000083170016B81E
000083170015DBF4
000083170015F39C
00008317001571E3
000083170013D646
000083170014E45E
000083170009C14A
000083170013D2D1
000083170014D784
00008317001536BC
000083170009B3C9
000083170014D636
000083170013402A
0000831700142CD6
000083170015F432
000083170013CAC2
000083170015283A
000083170013BA4A
0000831700141412
00008317001337AF
000083170015FD5D
000083170016BCF0
000083170016997C
0000831700142D1B
0000831700142D9E
00008317001699B4
0000831700133FBE
0000831700133F91
000083170016BD4B
000083170014AC9C
000083170013CA7E
0000831700145877
00008317001430E9
000083170015BF69
000083170011A418
000083170015C605
000083170015FE66
2934894737
0000831700123EB9
2935102560
2934665419
2929579738
2938202892
3061957005
2934846744
2941240955
2934387879
3057706705
3039986170
2934937284
2934620945
2929478730
3057819682
00008306002EB6D1
00008317001593AF
3057943946
2934836893
2935027352
3057827448
3156026841
2934318168
00008317001558E9
2934660579
0000831700153E23
2938821982
2936996380
2934935495
3057926244
2941242925
2930285725
2931779598
3057920536
000083170015D31E
3057922344
2934827591
000083170015E5BC
000083170015DA5D
000083170015568A
00008317001559B5
0000831700145878
000083170014B319
000083170015F713
2932128397
2934821371
000083170015CD8A
2935055774
000083170015DED0
000083170015F791
3057363713
2934511819
2935102298
2932124203
2934255694
2931775104
2932166484
2932231144
2934410812
2934415511
2934241120
2931859713
00008317000C5971
00008317000A76E7
000083170014E028
00008317000B3D9C
00008317000A9420
00008317000C55E6
00008317000C9D87
00008317000C35B1
3063678490
2938183553
2938606609
2934922510
2934868902
2934859658
2934860436
2938634019
2934673549
2934860013
2934870659
2939100450
2934604610
2934875855
2935041155
2935052130
2934687867
2934687829
2934861832
2939096359
2941249240
3062811745
2934828975
3057820697
3057362424
2934599732
2934562374
2934341901
2934838098
2934818811
2935158802
2936963196
2934506455
2932227620
2932203149
2934446769
2934255077
2931806416
2931835366
2931827165
2934353747
2931785352
2934267713
2932163181
2934385577
2932205167
2931835063
00008317000ADF9F
00008317000C5717
00008317000C5349
00008317000A6171
00008317000B41CF
00008317000C37B7
00008317000C6333
00008317000AAB3B
00008317000AEE58
00008317000B3BED
3063814792
00008317000B1B97
2938653447
2934889599
2934909221
2938612551
2934895020
2938628991
2939099101
2934864006
2939142670
2939118451
2934861848
2934663677
2939156216
2935021399
2934909829
2938601625
2938655789
2934907440
2934941266
2934832606
2934832582
2934863242
2934868822
2934868755
2934868911
2934860026
2934669095
2934873151
2934678029
2934928194
2934866114
2934604671
2939142699
2934969628
2939095394
2934972904
2939130122
2934861863
2934861887
2934983278
2939116908
2933277491
2941243072
2941243029
2934315110
0000831700136F17
000083170014EC6C
3152797639
3063631167
2934953300
3381359400
00008317000B27D9
3062694180
2934344943
3057921130
3057809231
3063679016
3057893656
0000832B0001FF4E
000083170015DA70
0000832B0006F9C5
00008306002FFE2C
2931889214
2938605524
3063448314
000083170014DACC
3057942250
3152308418
2934407503
3063777965
3379878617
3062682759
2935239804
000083170014ECAC
2932178273
3382139536
2934995059
2934531682
00008317001566DD
000083170015567E
0000831700155B18
2934496904
2931991028
000083170015F27D
000083170014EE23
2935107821
0000831700155597
3379881519
000083170009C0DE
00008317001482BB
0000831700136EC1
000083170014D75A
000083170013FC34
0000831700149C1F
000083170014D7B8
000083170014448E
2929583924
2931798472
2938656863
2938655902
3152214394
2934616408
2934581228
2935068102
2933277549
000083170014EC51
000083170011F374
2934502770
2934320431
2934630050
3063790660
2922984416
0000831700154093
3057359802
3152231263
0000832B0008C597
000083170013735B
2934909869
2931993570
3381753297
2932009720
3159120677
000083170014E8E9
00008317000ED6CA
000083170014CDC5
00008317000F6E1F
000083170012CEF8
0000831700145B61
000083170014AAD0
00008317000F3659
000083170011968E
000083170014556B
2934477151
3063771432
0000831700135FB3
2938192901
2934341197
2938213285
000083170013FBD0
0000831700150ADE
0000831700133E50
2934602858
0000830600339A8C
2934404071
2938602153
2938188761
3063669612
000083170015ADC2
2934959792
3062703145
2929495848
3057900472
2929946307
0000831700148E21
2935093966
0000831700148DEE
00008317000AB572
3062207561
000083170014EBD8
00008306002EBB0C
000083170014EE00
2931859574
3149175003
000083170015CF9F
000083170015044B
000083170015F3DC
000083170015D751
0000831700142D5C
3062219028
3057827492
3057693185
3057918589
3382168996
2935097142
00008317000A8AE3
2934464326
000083170013D7D9
2934933430
2941244146
2934647430
2934820827
2934400460
2935068522
2932191060
2929456274
2934256212
2929580215
2931984170
2932199055
2929495853
2938199265
2929582018
2929465667
2929454048
2931944914
2931881611
2929499543
2931986647
3057900721
2929456144
2934545874
000083170015F6BA
00008317001518DA
000083170015E5EB
000083170015E5FE
000083170014A5DC
000083170015DA82
000083170014EDD9
000083170015DEB8
000083170015E299
000083170014C143
000083170015E680
2935757998
2931990230
0000832B00064C49
3063657282
3152306463
3402695746
3383052577
2934673904
2938629425
3057898644
000083170015DAEE
000083170015E5FC
2932204148
2922986053
2929455462
2929455681
2929456280
2929456940
2929463325
2929463333
2929463366
2929465524
2929466758
2929467096
2929472079
2929488573
2929491048
2929491373
2929582492
2929584947
2929585372
2931834472
2931882357
2931918093
2932189191
2932191073
2932199083
2934309686
2934318476
2934409646
2934855082
2935092412
2936995060
2939156096
3382133112
000083170015927E
2929496191
2938635905
3381718565
2929466206
0000831700135CDD
0000831700152834
000083170014CB61
000083170015DA77
000083170014EBEF
2929581441
2934829878
2934943970
2939117234
3379703352
3063769870
0000831700150AFC
00008317000B1AEB
0000831700134A6D
2934322907
2938184061
3057942398
2934851233
0000831700118F18
00008317000C5CA8
3057820759
2929487860
0000831700151283
0000831700136092
000083170014E844
2929465787
00008317001391BB
2929579455
000083170011A06D
00008317001579E5
3380646023
2934821117
3062806070
000083170013D2FD
2934545148
2922987693
3063644838
000083170014E838
2938769926
2938602434
2932190807
2935069176
0000831700118F36
2934818495
000083170015034C
000083170015C66C
0000831700119C3E
2938834226
000083170015ED1D
000083170013D28B
0000831700150B1B
2934906325
00008317000B1EEF
000083170013B1B6
3057826890
2929473322
2931851817
0000830600345538
3062801732
2934846530
000083170014B51A
3057709238
2929460975
2934903734
000083170013EF98
00008317000A7B2C
3057945729
0000831700148CA0
000083170014FA80
3057898307
2939102713
00008317001553F0
0000831700148574
2935048896
3153170333
0000831700148C1F
000083170013E556
2934928940
00008317001591A5
0000831700141325
0000831700133DF1
0000831700154618
000083170015F1AD
3063790453
2937007111
2933279593
000083170013C799
000083170013F404
2934359150
0000831700140537
2930353766
0000831700140705
2935446197
3152235892
0000831700133DF2
2938833168
3057370202
000083170015378C
0000831700138A4B
000083170015D719
000083170016BD51
000083170015D16B
000083170015E4EF
000083170015D7E6
000083170015E842
0000831700168D2F
0000831700138B54
2941246902
3057707607
2938621342
2933273005
3062356650
0000831700138F46
3156344637
2934493503
2938602355
2931986765
3381618003
2935027374
00008317001231B6
000083170015103F
2934405313
2938653003
2934599250
00008317001501D1
2935104810
3057917663
0000831700124915
0000831700150AE4
2934505069
3057826950
2934582415
00008317001390C8
2938601866
2934868047
2935446446
2931795982
2929494025
3057698193
00008317000B1BDB
000083170012276F
00008317000B2FB4
2932221698
0000831700152B0A
000083170012D0A2
00008317000EFB0E
0000832B00021BB7
000083170012B088
2938602469
3150296941
2932232523
3057899824
2931917783
00008317000A7DFA
00008317000FB785
000083170012474A
2931906806
3057927186
2938633132
00008317000F6EEC
000083170015F631
2934417707
2934641570
3056765805
0000831700124832
2934829160
0000831700103A0A
0000831700150A7A
000083170011DDBB
000083170015FC39
00008317001445DA
000083170013C00E
3152309729
2938841596
3063695411
00008317000AF407
2938822009
3153101068
0000831700150397
0000830600338E61
0000831700159239
3057897897
3380712857
2935513711
00008306002FF7E2
2938611030
3057918198
00008317001331B6
2934944633
2931943148
3057942631
2936995077
3062676990
000083170016004F
3058542760
3152304358
0000831700150B12
2932200913
0000831700136020
000083170013C93E
000083170015B06A
0000831700142690
0000831700134BE0
000083170013D6BF
0000831700148D51
2933275103
3382992819
00008317001351FB
0000831700135E22
2938603800
0000831700127738
0000831700152B6D
000083170011A65A
3062681832
000083170015FBBF
0000831700139609
000083170013E884
0000831700157DDF
00008317001324AE
0000831700148A15
000083170009B249
000083170013E8D9
2935026468
0000832B0002025B
3152367346
0000831700159324
2934947878
2941246833
2938629062
3057699720
000083170009B41D
0000831700139E31
3063515064
000083170013C91F
2934836995
000083170014DBB8
2929941308
2934956133
2931949343
2934582196
2938858036
3057826318
3381753067
2934512655
00008317000CD4D4
00008317000C9D15
0000831700150A83
3152305011
3382810900
2935017516
2938234779
0000832B0008A807
3057895105
00008317001360A7
3152231459
00008317000EA89B
2939160983
2929474179
0000831700159136
2932198860
2938616153
0000831700135FAE
00008317000CD8A5
3062801310
000083170015E1FE
00008317000D9618
3056727284
3057697100
00008317001445F4
2934889594
2934545863
2934600328
2929490859
2935098432
2931870833
0000831700119143
3056766906
2938628986
2934935660
2934860584
000083170011981D
0000831700157980
000083170013D663
0000831700144655
0000831700145059
000083170013367C
000083170013F457
000083170015D51F
000083170015DAE8
000083170015F8A3
000083170015D526
000083170009A74E
000083170013B652
000083170014FB14
000083170014ECC6
000083170014EE06
000083170015E248
000083170014B90B
000083170015F878
2932218941
3057699963
3062777875
000083170011080F
0000831700091C65
2935669044
2934314139
2934389999
2934631494
2934357298
3057886297
000083170013DADA
3152185276
2938805740
2931966581
2931773857
3057822866
2939102211
3063558182
2935224376
3062702513
2929389685
0000831700150493
2934818185
3062795761
0000831700135DCC
3063742507
2938613218
2934540115
000083170014AA1D
000083170013F45A
2929579285
0000831700150376
00008317000AF3BF
0000830600332FD0
2931882333
00008317000C5DF3
000083170015CC97
0000831700148DA0
2934612801
2935021365
3063738444
2935032213
0000831700103A2E
000083170011967B
000083170015D541
00008317001428B4
000083170014297A
0000831700148A2D
000083170009B3D0
0000831700148970
000083170014D655
0000831700147B0E
000083170015B201
000083170015F841
2929477252
000083170015920F
2934236627
3062792687
00008317000ED02F
2929585394
0000831700135ADB
0000831700153685
000083170011BFA5
0000831700139516
00008317001494B8
00008317000E576E
000083170013E7EC
000083170009C4F2
0000831700150114
000083170014C594
00008317001188F7
000083170014A621
0000831700157EF4
000083170011CA24
0000831700166C45
000083170013472B
0000831700141712
000083170016C0B1
000083170016A4DD
000083170016A589
0000831700169957
000083170016A32C
000083170016BDEA
00008317001346D9
000083170016A321
000083170016A1CB
00008317001468E5
000083170016A00D
0000831700169A43
00008317001467E8
0000831700133F27
00008317001697F9
000083170016ABDD
000083170015D822
000083170016A536
000083170016A5B0
0000831700169312
00008317001240B3
000083170016B853
000083170016CCF9
000083170016B76F
000083170016AC43
000083170015D89C
00008317001418EF
000083170016D0EA
00008317001469AF
2934943424
000083170013857B
000083170015F3EE
000083170016A00B
000083170016BD4F
000083170014EAB7
0000831700155EBB
0000831700157EFF
0000831700141E71
00008317001500FF
0000831700136A5B
000083170015DA3E
000083170009C17E
00008317001494CE
000083170015D9D2
000083170015D603
00008317001395CD
0000831700156CEB
000083170015D9C5
000083170013CCD2
000083170014EDAC
000083170009B2B6
000083170014F851
2934495417
000083170015D5D4
0000831700149C24
000083170015D5D6
000083170014D60C
0000831700149FB2
000083170015CF90
0000831700154DAA
0000831700157191
000083170014E06B
000083170013D84C
000083170014BB69
000083170014B2FC
000083170014F380
000083170015C5BD
000083170015CCE9
000083170015DA30
000083170014F56D
0000831700155490
000083170015CCFA
0000831700148C09
000083170014065D
000083170015932B
0000831700137D9E
2938185577
2938234613
000083170014EB60
000083170015DA50
000083170013AA89
000083170013ABE4
000083170013901C
000083170015C244
00008317001698E8
0000831700143A29
000083170013A181
00008317000EA43A
000083170014FAC1
0000831700135E0A
0000831700145590
00008317001522B5
000083170013FAA1
000083170014AA49
000083170014600B
0000831700146001
000083170014F1BB
0000831700149998
000083170015E5CE
000083170015CCD0
3381986522
00008317001466C0
00008317001524EC
0000831700150F87
0000831700155AFE
000083170014ED46
00008317001406F2
000083170014E41C
000083170014757A
2938235677
2938198291
000083170015D961
000083170014FD4B
000083170015E752
000083170014EB3E
0000831700151F0A
00008317001582BC
000083170014F1B0
0000831700158223
0000831700135ACB
00008317001465B9
0000831700135513
000083170013D320
000083170014E067
0000831700149C29
0000831700134FE2
0000831700135A9A
000083170013D876
00008317001197E5
000083170013D2E7
000083170014D764
0000831700156633
0000831700139346
000083170013FA98
00008317001464DE
0000831700136F30
00008317001479E0
000083170013A02A
000083170013D412
000083170013D2EC
000083170015EDE5
000083170015C4A7
0000831700154F10
0000831700156FED
0000831700141F2F
000083170015058C
0000831700143392
000083170013435F
00008317001383D6
000083170013C0C9
0000831700155E21
0000831700145047
0000831700152DF4
000083170015D4B2
00008317001453E2
0000831700156CF0
000083170014F561
0000831700157628
000083170014D673
0000831700144171
0000831700147C66
0000831700155F63
0000831700155F5E
0000831700142AD0
000083170014D782
0000831700158B12
000083170014F0D0
0000831700137522
000083170014E537
000083170013845B
000083170014D749
000083170013DB20
0000831700133AB4
000083170014A53C
0000831700145978
00008317000A9DDB
00008317001520E5
000083170015B1EA
000083170013C1AE
0000831700147051
0000831700142515
0000831700133BC0
000083170014D76F
000083170015C873
000083170014E66C
000083170014E46B
0000831700133BBB
000083170014E04D
000083170013E914
000083170015372A
000083170013CAB3
000083170014D618
0000831700135AB2
000083170014EF8D
000083170014B22D
000083170014D7AA
000083170014F10B
00008317001499A4
000083170014D740
00008317001384D3
3381636405
0000831700157933
000083170014D668
000083170013EFF4
0000831700160407
000083170014DA4E
0000831700146D2E
000083170013E0D4
0000831700146C5B
0000831700132188
000083170015162A
00008317001533D7
0000831700145A99
000083170013A00B
000083170015795A
000083170013EFEA
000083170015C834
00008317001351C5
0000831700133652
0000831700145504
0000831700140553
000083170013D6C2
0000831700150AD8
000083170015C4D9
000083170013FA18
0000831700155F83
000083170014F14C
0000831700132500
0000831700147035
0000831700149C4B
0000831700145010
000083170014B1C3
000083170015CB07
00008317001374FE
000083170009B24C
000083170009B1F9
0000831700152D9A
000083170014F3A0
000083170014E5AF
000083170015D9B2
000083170015144C
000083170014D7BB
000083170014E842
3057672284
0000831700152329
0000831700154FD1
000083170015D642
00008317001515F7
0000831700147AF0
000083170015027D
00008317001520ED
3151593809
000083170014E45B
000083170014E450
000083170014703C
0000831700136891
000083170013B5F9
000083170014E438
0000831700156206
000083170009B259
0000831700138577
000083170014D77A
00008317001499B3
000083170014F1BD
000083170015E833
0000831700142D28
0000831700142D36
0000831700143A07
0000831700142CFF
0000831700142F73
000083170015E834
000083170014399D
000083170014586F
000083170014895F
0000831700132454
000083170013EFA8
0000831700118862
000083170014E076
000083170014E5CC
000083170013965F
000083170009A871
00008317001571DC
000083170013CA19
000083170015858C
000083170015859D
000083170014D71E
0000831700136ECD
000083170014E44E
000083170014D611
000083170014BB95
000083170013752B
3403043395
000083170015DD18
0000831700142C41
000083170015DB0B
000083170015DD0B
0000831700169A37
0000831700168F6E
000083170015D780
000083170015E813
000083170013A194
000083170015D90E
000083170013CD93
000083170015CCC5
000083170013B62B
00008317001590D0
000083170014D363
000083170014D7A9
000083170009C0C8
000083170015CD0B
000083170014E044
000083170013B640
000083170014D683
000083170009B3AC
000083170014B68E
000083170014D7BE
000083170013E80A
0000831700151CA1
0000831700098783
0000831700134FDD
0000831700138B5B
00008317001525E2
000083170015D124
000083170016BD68
000083170015D2BC
000083170015FD3F
000083170016B3F4
0000831700138A87
0000831700137FFA
000083170013465D
0000831700133FE0
0000831700168D1F
000083170016B2AF
3402766693
0000831700142BA4
3152214782
000083170016AC0C
00008317001698ED
000083170016B44B
0000831700136561
000083170016997A
0000831700146BF2
000083170013E8E0
0000831700145824
000083170013EFC0
0000831700157DDB
3057370101
000083170009C0BC
0000831700119706
000083170014125D
000083170013E54D
000083170015E57C
0000831700154EA1
0000831700151931
000083170015E3B0
000083170015D333
0000831700155EF1
0000831700155B87
3382701076
000083170015E1CE
0000831700142D46
000083170015FA33
0000831700138A96
0000831700133FD0
0000831700168F4E
000083170014398C
000083170016A677
0000831700134643
0000831700169BC0
0000831700134647
000083170016A42F
000083170016B7A7
000083170016B7AE
00008317001698CB
000083170016A10F
0000831700142F53
000083170016A15C
000083170016A3C1
000083170016A0BF
000083170016AE0B
0000831700142E9B
000083170016A518
000083170016AF5B
0000831700142952
000083170015FB70
000083170013AB78
000083170014D616
0000831700135AC7
000083170013F9D1
000083170013D2FA
000083170013D2D4
0000831700147C5E
000083170013D301
000083170013E901
0000831700147B3E
0000831700147B0B
0000831700149C51
000083170014D253
000083170013CBEC
000083170014D228
0000831700146B18
000083170014D622
0000831700121D6B
00008317000E7376
00008317001513AB
000083170015506F
000083170015FB5B
0000831700132A96
0000831700132C1D
000083170014DF2C
000083170016BD3C
0000831700169BE2
0000831700169ACF
000083170015846F
000083170016904C
0000831700146992
000083170016AEEF
000083170016AE0C
0000831700142E55
00008317001346EE
0000831700169FF0
0000831700169891
00008317001697F2
000083170016A3A7
000083170016AB19
0000831700166DBB
000083170014B193
00008317001374F1
00008317001412E0
0000831700156856
000083170013E93F
000083170015D4B3
0000831700155883
0000831700134C20
0000831700139F95
000083170015DA97
0000831700123471
000083170013CA60
00008317001453DD
000083170014C195
0000831700150A72
000083170015E20F
000083170015F7FC
000083170015D503
0000831700143291
0000831700169ADB
0000831700138A28
000083170015F3ED
00008317001337D5
000083170016A666
000083170016A5AA
0000831700142F12
000083170015F3C3
000083170015D806
000083170015D204
00008317001469A6
3150184386
000083170016AAC9
000083170016AF47
000083170016B2E0
000083170015D930
000083170016BC73
000083170013ABEB
000083170013E943
00008317001499A1
0000831700136868
000083170014E422
000083170014F020
000083170014E431
000083170014D7FB
0000831700141B4E
000083170015B03A
000083170013FA88
00008317001457AC
000083170013248B
00008317001447D8
00008317001561F1
000083170014D67E
0000831700147B37
000083170015B207
000083170015D63B
0000831700159610
0000831700136313
0000831700134051
000083170016A126
000083170013AA6F
000083170016B548
000083170016A131
0000831700142BD7
00008317001698E5
00008317001561A9
00008317001457C2
0000831700154E95
000083170014577A
000083170014547A
0000831700123170
0000831700139019
000083170015DAFC
0000831700142BD2
000083170016B887
000083170016ACDB
000083170015DB09
000083170015DC49
000083170015D069
000083170014C742
000083170015D807
000083170014E985
000083170015D199
0000831700168F98
000083170015E83C
000083170016C12B
000083170015DBE6
000083170013AA05
000083170013462C
0000831700142D64
00008317001337DA
000083170015550F
00008317001384DF
000083170009C07C
000083170014C698
000083170013D314
000083170014D799
000083170013688C
000083170014504E
000083170013683C
000083170014E4A9
000083170015E326
0000831700169A2B
000083170013E861
0000831700142C3A
000083170013DFAE
0000831700141723
000083170016AED8
000083170014B353
0000831700134635
000083170013889B
000083170016B79C
0000831700155F1B
000083170013826B
000083170016902D
000083170015E69B
00008317001530F8
000083170014F148
0000831700168EEE
000083170013E948
000083170014B356
000083170015DC28
000083170016A0BA
000083170016A015
000083170016B7D2
3152064120
000083170016A34E
0000831700134680
00008317001468CB
000083170016A025
00008317001346E3
000083170016A5A9
000083170015E506
000083170013461E
000083170014E41F
00008317001197ED
000083170015CCE5
000083170014D66F
0000831700145AE0
000083170009C145
000083170013D385
0000831700133C4A
000083170013D435
000083170013B092
000083170014B1CB
000083170013C737
000083170014F18F
000083170014B1C4
000083170013362C
000083170015D567
000083170014B2FD
000083170013825F
000083170015D70D
0000831700137519
000083170014E42E
0000831700133F55
000083170015F490
000083170013A17C
0000831700168FB8
000083170015F488
0000831700142F5F
0000831700133F70
0000831700138A3D
000083170015E80C
0000831700138A98
000083170015F370
0000831700137C77
000083170013EFF9
000083170014D276
0000831700147050
000083170015D45D
000083170013685B
0000831700153719
3383177644
000083170015D191
00008317000ADF1C
000083170013A902
0000831700134009
000083170013E8D5
0000831700133F74
000083170013CCE3
0000831700138A29
000083170015D837
000083170016A2EC
000083170011D8B2
000083170016BC37
000083170014C82C
00008317001439CE
0000831700142D11
00008317000B34AE
0000831700142F28
000083170011A02F
000083170016B7F4
0000831700134719
000083170016D180
000083170015DB7D
0000831700169321
000083170016A456
000083170013AA74
000083170014E67A
000083170014243B
0000831700156B6E
000083170014EA3B
000083170015762F
000083170014E601
0000831700156132
000083170009A8A1
000083170014EB6A
000083170013D91D
000083170014B1C2
000083170013751D
00008317001561C5
000083170014B2DE
000083170014F1ED
000083170013E83A
000083170011C624
0000831700152409
000083170014945D
000083170009B3C7
000083170015CDFD
000083170014D667
000083170014BB6C
000083170013F17D
000083170014EF56
000083170011A52B
000083170015792E
000083170014280B
0000831700159424
000083170014D818
000083170014D7F6
000083170015BE0C
000083170009B3FA
000083170015BE57
000083170014D551
000083170013C48B
0000831700156178
000083170015BE31
00008317001485DC
000083170015BDFB
000083170015A232
0000831700148659
000083170015BDF6
000083170015D34C
000083170014B267
000083170014E447
000083170014E5C0
000083170015E656
00008317001550FB
000083170014F9F3
000083170013D648
000083170013729F
0000831700132D5D
000083170014B6B0
000083170013A090
000083170011CFA1
000083170013CC97
00008317001575C7
0000831700135AD2
000083170013E870
00008317000E5A1E
0000831700157946
000083170013A0BF
00008317001499A7
000083170014D63E
000083170013CCF0
00008317001374F9
000083170014D6AE
00008317001390F1
000083170015FB54
000083170013E8CD
000083170015C8DC
0000831700132003
0000831700156184
0000831700151AAA
000083170015BB4B
000083170015C8A1
000083170014C9EF
000083170014B4F7
000083170014EAA2
000083170014EFEA
0000831700118F61
000083170013D7E9
000083170013D81E
000083170014E637
000083170014D772
0000831700152D89
000083170016B161
000083170015D00F
000083170015D040
000083170015DDC1
0000831700138A7B
0000831700142D51
000083170015DD91
000083170016B44E
0000831700151FB2
000083170015BF04
000083170015B574
0000831700154D5E
000083170015CA50
000083170013C850
00008317001525F3
0000831700150177
0000831700155E09
000083170015DCBC
000083170015F40D
000083170015DD04
00008317001439F4
000083170013636B
000083170011A53E
000083170015DD03
0000831700169664
000083170014DBA1
0000831700138BD0
000083170016BD25
00008317001384DB
000083170014D68F
000083170014540C
0000831700139132
000083170014D648
000083170015A92A
00008317001488D0
000083170014EF9B
000083170013CBCC
000083170014E57B
0000831700142851
000083170014D76D
000083170014D249
00008317001499A8
000083170015D6BD
000083170015F7DE
0000831700147BA6
000083170014EA6D
00008317000986A5
000083170009C13E
000083170015A859
000083170013850E
0000831700098750
0000831700145B76
000083170014B18A
0000831700138CE0
000083170011ECE8
000083170013A842
000083170014262B
000083170014F15B
0000831700136E17
0000831700146F9B
00008317001251DA
000083170014D241
000083170014D273
000083170014998C
000083170013CB6F
00008317001389B2
00008317001384FE
000083170013A12D
0000831700133FF6
0000831700142C8B
000083170013A12C
0000831700142C71
000083170016AC25
0000831700168DAD
000083170015DDA1
000083170011EF1B
000083170015F335
0000831700142B1E
000083170014F15F
000083170015BF6A
00008317001459AC
000083170015B67D
000083170009B3E8
0000831700154D6A
00008317001328CB
0000831700156624
00008317001364BA
0000831700142C5D
000083170013AA62
000083170015D29E
00008317001389D4
00008317001699F2
000083170015E836
0000831700142F7A
00008317001350A7
0000831700142972
000083170014D7D7
000083170014D78C
00008317001488BF
000083170013B612
000083170014D7D3
000083170014B182
0000831700135A96
00008317001453E7
0000831700139F8E
0000831700145A46
00008317001585EF
00008317001354D5
000083170014A4E0
000083170011968D
000083170013F5AA
000083170013FE68
0000831700149521
000083170014D7A1
0000831700138BB4
0000831700144745
00008317001350DF
000083170014E8AE
0000831700139F78
00008317001463C1
0000831700118B47
0000831700118F1B
00008317001507F1
000083170013BA70
000083170015536E
000083170013217D
000083170013DB0B
000083170014BB84
0000831700166DE8
000083170009B426
000083170014F546
0000831700166E3D
0000831700144163
000083170014126E
000083170015E721
000083170015DA7E
000083170015DF7A
000083170014CB3D
000083170015D934
0000831700160212
3381654295
3381541082
00008317001470E2
000083170013D309
0000831700155271
0000831700159A6E
000083170013C0DD
000083170013D6A2
000083170011A3AD
0000831700137327
0000831700135A9C
000083170015E673
000083170014F55D
000083170015D5DC
000083170013D511
0000831700154C52
000083170015CE2C
000083170014C18F
0000831700135AA9
00008317001427FA
0000831700152DAA
0000831700141D69
000083170015BEDB
000083170014E452
000083170013FF6D
000083170014F3D0
0000831700135507
000083170014D64A
000083170013363F
00008317001585E3
0000831700142953
000083170014D7C8
000083170014E078
000083170014E492
0000831700138FFF
000083170015BB6D
000083170016AB77
0000831700142CFE
0000831700168D19
000083170013A8DF
0000831700143A5B
0000831700138AA4
0000831700134023
000083170016B75F
000083170014FD89
000083170013FC79
000083170013E845
000083170014E659
00008317001597F5
000083170015201C
0000831700148A39
00008317001481C5
000083170016B79D
0000831700169BE9
000083170015E51D
0000831700138AAB
00008317001337B9
000083170015D8FA
000083170015D053
000083170015D214
000083170012347F
000083170014EB91
000083170014A5F8
00008306002FF8AB
0000831700132D5F
000083170015312D
000083170015D998
0000831700155B3E
000083170013EFB9
000083170013AB34
000083170015CD4E
000083170014D7EA
0000831700131FD1
000083170013D7F4
0000831700155086
000083170013E8BA
0000831700132CE9
000083170015F726
000083170015E6AD
000083170015CD20
000083170011BFA3
000083170009B267
0000831700154D6F
000083170014A5D8
0000831700156B3D
0000831700154E42
000083170014F597
0000831700157F4F
000083170014D644
000083170014D62E
000083170014D635
000083170014D6B1
000083170014D6D5
0000831700098997
0000831700142806
0000831700133BB4
000083170014D7AB
000083170014D250
0000831700135ADC
0000831700136880
000083170011A537
000083170014D6A5
000083170014D26A
000083170013687D
000083170014D68E
000083170013E227
00008317001384C5
000083170014E432
000083170014D67B
000083170016B3ED
000083170016AFAE
000083170016B74F
00008317001337EE
000083170016B7F0
000083170015D194
00008317001337EF
0000831700166AD3
000083170014E463
0000831700152CA5
0000831700135AAE
000083170013ABCE
000083170011DDCA
000083170013E838
0000831700141D17
0000831700155F08
000083170013E864
0000831700169032
00008317001337C2
0000831700168F3C
0000831700134015
000083170015D162
000083170015D7E7
00008317001467D5
0000831700142D05
000083170015DD85
0000831700133FF1
00008317001500FA
000083170014E03B
000083170014C45B
000083170014C651
000083170014E46A
000083170014299A
000083170013D806
0000831700160402
00008317001536DE
0000831700138BA6
0000831700139F7D
3155155011
0000831700146BDF
000083170015D5FE
000083170009B319
000083170014D687
00008317001374FC
0000831700132505
000083170014B17D
000083170009B3EE
0000831700147C6F
000083170014E58A
0000831700141CAB
0000831700166DBE
000083170014FBD4
00008317001424F7
000083170014A35F
000083170011D304
000083170014D26F
0000831700146CE4
0000831700159E89
000083170013431E
000083170015991E
000083170014FEA7
0000831700146C09
00008317001525D6
000083170014E81D
000083170013F9B6
00008317001390C6
00008317001512F6
000083170013223A
000083170015F1B4
0000831700142ACC
0000831700157748
000083170015205D
0000831700148DE6
000083170015AE3B
0000831700158E5E
00008317001499EC
000083170014AB95
0000831700150A73
000083170014DBC9
0000831700150AC8
3382281274
000083170015934D
0000831700148E15
0000831700158F00
000083170014D5CC
000083170014DC9D
0000831700148DC9
0000831700133684
000083170015552C
0000831700150F9E
0000831700139328
0000831700150F7A
0000830600338351
000083170014EAB6
00008317000EA3F4
0000831700144660
000083170015F9FB
00008317001565A9
000083170016A15B
000083170016B84B
000083170014C455
000083170016A5CC
000083170016B87B
000083170014B34C
00008317001337C8
00008317001234C7
000083170014C14B
000083170015D8D2
0000831700139521
000083170016ACDA
000083170016A50C
0000831700134710
000083170015F406
000083170016B7A0
000083170016BB03
000083170015B6C9
00008317000E677F
000083170009893E
2938833417
0000831700155F26
0000831700139D71
00008317001374FD
000083170015DEBA
3403175861
0000831700133C9F
000083170013B281
000083170014A57F
000083170011A396
00008317001343BB
0000831700142962
0000831700135AA6
0000831700146063
0000831700149C2D
0000831700137D51
0000831700136D9E
000083170014B476
000083170014EF99
0000831700156DE2
000083170014E49D
000083170009C18C
000083170015E654
00008317001384DA
000083170014C7EE
000083170014E48C
0000831700149C3B
0000831700138E29
00008317001522C8
0000831700132A32
000083170013FAB5
0000831700150AF1
000083170013343D
0000831700146064
00008384000509AA
0000831700134383
00008317001526E8
000083170013B2DB
000083170013414A
0000831700150B4F
0000831700146118
0000831700150AA1
000083170014DF3E
000083170013E01A
0000831700151639
000083170014EAB4
0000831700150A98
0000831700166DB2
0000831700149C4C
0000831700166E1D
000083170009C0CD
000083170013B5FD
00008317001340E6
000083170013A27B
00008317001324BE
000083170014B17A
0000831700138B95
0000838400015F08
000083170015F57F
000083170009B3F0
000083170015DA10
000083170015A338
00008317001234D7
000083170013EFD5
00008317000B257C
000083170014701D
0000831700135094
000083170014D9C3
0000831700118FA8
0000831700142993
00008317001234DD
0000831700135066
000083170014D815
000083170015DE7D
000083170015CCCA
00008317001427FF
000083170014D63A
0000831700157647
0000831700156792
0000831700135AC1
000083170015F45D
0000831700142D19
000083170015DD55
0000831700148402
000083170015DA4C
0000831700142D13
000083170015F383
00008384000426AA
0000831700138A35
0000831700142BC7
0000831700142F7F
000083170015DD6B
0000831700169375
0000831700141814
0000831700119A88
0000831700136913
0000831700168D1D
000083170016B41F
0000838400016AC5
0000831700147A96
0000831700118B2D
000083170015E3D6
0000831700158349
3152221140
000083170014B707
00008317001512FD
0000831700098630
000083170015B1FB
00008317001512D8
000083170015B6B6
00008317001439D3
00008317001389CF
000083170015DD9F
000083170015DBAC
0000831700136560
0000831700168F83
000083170013465A
000083170016A668
000083170016BD44
0000831700143A0E
000083170016B7D0
0000831700169A75
000083170016B819
000083170013CC5C
0000831700136E0D
0000831700123568
0000831700152DC0
00008306002F1D17
3152305717
000083170016B73E
000083170014D71C
0000831700150B44
0000831700155092
0000831700147BCF
0000831700152DAB
000083170011A57D
00008317000E4D3D
000083170011B6A3
0000831700139EDA
000083170013CAB9
0000831700118B35
00008317001342C2
000083170014C1D6
0000831700151CCA
0000831700146A5F
000083170015110B
000083170013CA69
0000831700141436
3381243750
0000831700154E0D
0000831700144650
00008317001457DA
000083170014D680
000083170010D969
00008317001428E3
000083170014D647
000083170015457B
00008317001424FD
000083170014999C
0000831700133633
000083170014E4A4
0000831700149C4A
000083170013AB8B
000083170014D22F
000083170014D671
000083170013D2E2
00008317001378BA
000083170011F2DB
000083170013574C
0000831700140670
000083170013B277
2941244136
000083170015B22C
00008317001510DD
000083170015CC26
0000831700141FCF
000083170014E859
000083170014E856
000083170011A3DC
000083170015B22A
0000831700152240
000083170015B217
0000831700147B32
000083170015110C
00008317001520EC
000083170014A56C
0000831700154E82
0000831700159237
000083170014D657
0000831700149C18
0000831700143252
000083170014EF1F
000083170014D626
000083170013E923
000083840001CD1A
00008317000E5792
0000831700159BE4
000083170014299F
000083170013ABF2
000083170011F09A
0000831700136B1A
000083170014D7A2
00008317001585D7
000083170014D778
0000831700149C2E
00008317001593C6
00008317001494C7
000083170014D6A7
0000831700149C37
0000831700098331
000083170014D63C
000083170013E046
0000831700139FD9
00008317001506FE
0000831700152C0B
0000831700143146
000083170013906C
000083170013DFFC
0000831700118BCE
000083170013561C
000083170013DB1E
000083170015218C
000083170014930E
3381112273
0000831700153724
3057927163
00008317001496F1
000083170014E961
00008317001428CC
0000831700158348
000083170009B439
000083170013D4F7
000083170014A550
000083170015C540
000083170016A204
000083170016AA7D
0000831700169A9D
000083170015D777
0000831700139018
000083170015F3FF
0000831700142BE9
000083170013AA65
000083170015796B
000083170013FA79
0000831700151014
000083170013B633
000083170014B459
000083170011BBCC
0000831700148B74
000083170009C132
000083170014BD64
000083170015DA17
00008317001494E8
000083170014F8D4
0000831700151D9D
0000831700148FA3
000083170013C157
000083170015E629
000083170015DF76
0000831700155F48
000083170014C715
000083170013CD1D
000083170015E701
000083170015CEFB
000083170009B277
0000831700134075
0000831700142C1D
0000831700133F26
000083170016D44A
0000831700169328
000083170016AADC
00008317001346BD
0000831700134033
000083170016AB08
00008317001469AC
0000831700150804
00008317001321C7
0000831700139F77
000083170014E702
000083170014D26D
000083170013247B
000083170015E769
00008317000E58BB
000083170014E462
0000831700120C0A
0000831700139172
000083170015C4AD
00008317001536FA
0000831700156113
0000831700146353
000083170013D30B
000083170015C4CA
000083840003E696
000083170014EA47
0000838400065506
000083170014C2D8
00008317000E75EE
0000831700155E10
00008317001540D5
0000831700132AC6
0000831700137D55
000083170009B29D
000083170009B274
000083170015DF1B
0000831700123312
000083170015C474
000083170011FF86
0000831700119C0B
000083170014F18A
000083170013B567
000083170014F1A8
000083170011BFAF
000083170015C917
000083170015CF3F
3381610684
000083840003E64D
000083170013F2B0
000083170009B3E2
0000831700149AF1
000083170014C6E0
000083170014BB70
0000831700126788
00008317000E601D
000083170014D796
0000831700155D05
00008317000E59C8
000083170015793A
000083170014D7F0
0000831700159C43
0000831700151659
000083170013D58D
00008317001589A9
0000831700136009
00008317001431A0
0000831700140582
00008384000657F4
000083170013C8CD
0000831700133E11
000083170009B279
00008317001530A4
000083170014D6AC
000083170014EDB8
0000831700155D1A
3382687994
0000838400000A8A
00008317001263BF
000083170015E665
000083170015CF25
000083170014E071
000083170012414A
000083170011E869
00008317000E64AD
0000831700142442
0000831700133EB0
0000831700118FF3
000083170013344E
000083170015983F
0000831700151356
0000831700158B06
0000831700166D36
000083170014B31F
000083170014E05C
000083840006000D
00008317001564A6
000083170014DEA1
0000831700148A32
000083170014EC90
0000831700138505
0000831700149C1A
0000831700152B89
0000831700133F45
000083170013951D
0000831700168F93
0000831700168F9E
0000831700134783
00008317001346AE
000083840003E7A9
000083170013FB86
000083170014B6BA
000083170013FAB1
0000831700151A5C
000083170014EAC5
000083170014F8B9
000083170014D664
000083170015CC6F
0000831700141D64
0000831700159429
0000831700149C16
000083170014E595
000083170013E995
000083170015620F
000083170015D69C
0000831700168F12
0000831700134F7E
0000831700142F04
000083170016D340
0000831700168F69
3403032932
0000831700139F0D
000083170013DAF8
000083170013B622
000083840003B235
00008317001567C3
000083170014E8BF
0000831700146D20
0000831700159A95
3382745977
000083170014A51D
0000831700141CB5
00008317001405FD
00008317001234C0
000083170014D36A
3381334586
3382599442
000083170013951C
0000831700121DF1
00008317001390E5
0000831700159CEF
000083170014BE67
000083170014B2F6
000083170013A0B3
0000831700137D15
000083170015AC9F
0000831700152668
0000831700137B45
0000831700147038
0000831700152D88
0000831700136DF0
000083170011C002
000083170011CF95
0000831700134047
00008317001385B3
000083170015F473
000083170014DA79
0000831700169668
0000831700142F8F
0000831700142F6E
000083170015DDBF
000083170013A132
000083170015D19B
000083170015A55B
0000831700142F83
00008317001459D1
000083170014BBC8
0000831700155EEA
0000831700144630
000083170015D62D
000083170014E7F0
000083170015513B
000083170014B6F8
00008317001361B6
000083170014B6CC
000083170014E8EB
00008317001458A7
000083840003A441
0000831700135AAF
0000831700142817
000083840003AC3A
000083170014D697
000083170013D505
000083170014EDE8
000083170014FC06
000083170015DA2A
000083170015D55B
0000831700166E1B
00008317001234D2
000083170014B1B8
00008317001438DB
000083170014D69F
0000831700136049
00008317001578F4
000083170014E5B4
000083170009C081
00008317001428AE
0000831700155864
0000831700138B97
000083170013E815
000083170015435E
000083170014D9CA
000083170013E842
00008317001488FE
000083170014F7F6
000083170014D258
00008317001466A5
0000831700137D1C
0000831700134569
000083170016906C
000083170013A8E1
0000831700133FF8
000083170015E7F7
0000831700168D0C
000083170015F3BE
000083170013A8B1
000083170015DD3E
000083170015D2CF
000083170016B2FF
0000831700138ABE
000083170016ACB3
000083170015DD56
0000831700134721
0000831700134F1D
0000831700146D50
0000831700146D32
000083170013D1B2
0000831700158331
0000831700146D1F
000083170014B55C
0000831700133A96
0000830600256BE2
0000830600256A96
0000830600256FC4
0000830600257D3E
0000830600250971
0000830600257AEB
0000830600252AEB
0000830600257F5C
0000830600250113
000083170013C87B
000083170013D6EE
000083170014A84A
00008317001507E8
0000831700119785
00008317001406AE
000083170013BFEA
000083170013281E
0000831700133479
0000831700134A3B
00008317001338CE
000083170013C8E0
0000831700150A7E
0000831700098644
0000831700138859
0000831700150459
00008306002500C5
00008306002558FE
000083060025017E
000083060025108A
000083060025013C
000083170013E960
0000831700139557
0000831700136BB0
000083170015CC39
00008317001457C4
000083170013EEF9
00008317001458AE
0000831700132154
000083170014B1A5
00008317001534BF
0000831700157585
000083170014D679
0000830600251087
00008306000A898F
000083170016CFE1
000083170016AB0C
3155858112
000083170016BC92
000083170015DC57
000083170013A8D6
000083170016D037
00008317001467B2
000083170016A1B6
0000831700149376
00008384000683B3
000083170015DD16
0000831700139006
0000831700142F2C
000083170016D040
0000831700142E8A
0000831700169AE6
000083170013A142
000083170015877A
000083170015F58C
000083170015D9FE
00008317001440DE
00008317001536A5
000083170014D698
000083170015D566
00008317000E5C97
0000831700141C29
000083170012348D
000083170014F16D
0000831700137B51
000083170014D61A
000083170013E87F
000083170013ABDA
0000831700159BFC
000083170013E87D
000083170014D73B
000083170014D81A
000083170013ABD5
0000831700146716
000083170014F147
000083170014D637
000083170014EB90
000083170015E775
000083170014D615
0000831700157FCC
000083170013E869
0000831700159173
000083170014A2E6
000083170013E8B5
000083170013A095
000083170014D804
0000831700149C38
0000831700142812
000083170014F73E
000083170015CC70
000083170015D9C6
000083170013D871
0000831700156B30
000083170014B2BB
000083170015E33C
000083170013FCFC
0000831700099F1B
000083170015EB92
0000830600251117
000083060025288F
00008306002522C7
0000830600250AE1
00008306000A682D
000083060025198F
0000830600255481
0000830600256C6D
0000830600252A78
00008317000E53FF
000083170015F696
000083170015017A
000083170013EAC2
0000831700145015
000083170015507F
000083170013E962
000083170014B67B
000083170014FE14
000083170015B5BB
000083170014B67D
000083170015A7BF
000083170013B602
0000831700149C33
0000831700139DB4
0000830600346B70
00008317001536B3
0000831700148953
000083170015D9EE
000083170014B69F
0000831700152B56
000083170013F29D
0000831700099EE9
0000831700135AC4
000083170014F228
0000831700146554
0000831700154CB8
0000831700159BC1
000083170014EB76
0000831700157F7A
000083170014FFE1
000083170015D6D4
000083170015DA00
00008317001548EC
0000831700150862
000083170015E217
000083170015E212
000083170015F15D
000083170014C751
00008317001564B0
0000831700118B5F
0000831700147B26
00008317001520F8
00008317001525DB
000083060025601A
000083170014FE47
000083060025099F
000083060025529C
000083060025110B
0000830600250BC4
0000831700134B95
000083170013454E
0000830600250CBB
000083170015F777
00008306002552A2
0000831700158B33
000083170014EA57
00008306000A6844
0000830600255479
00008306000A66FD
00008306000A849E
00008306002551C8
0000830600252CB6
000083060025111D
00008306000A670A
00008306002569D7
00008317001384F8
0000830600255963
00008306000A88B1
00008306002528A1
00008306000A8A46
000083060024E4F3
0000830600255264
0000831700135ACC
0000831700132AFF
0000831700136CE0
00008306000A8A36
0000830600257BC7
0000830600250C25
00008306002518F7
0000831700135AB1
0000830600250CAD
0000830600251931
00008306002550BB
0000831700136EA9
000083170014E685
3063915881
3381378433
00008306000A862C
0000830600254FD1
00008306002528A7
00008306002511BB
00008306002550F8
000083170011ECFF
000083170014502E
000083170014E436
0000831700137282
000083170013F06E
00008306002538A8
00008306002555FB
000083060024E515
00008317001453CF
0000831700134317
000083170013C163
0000831700156FE2
00008317001420EC
0000831700135CC5
000083170015E3F5
000083170014D780
000083170015D6EB
000083170014B31B
000083170014BB61
000083170014587E
000083170012355B
0000831700134F49
00008317001601FA
000083170015DA2C
0000838400050A69
000083170011A52F
000083170011A54A
00008317001536BF
000083170015D4A6
000083170015D322
00008317001593A7
0000830600250D51
000083060024F2EE
3381640374
000083170014C45F
000083170013A26D
000083170011D9FF
000083060024FB93
00008306002539F0
0000830600257D1D
00008306002538AC
000083060025516B
00008317000988A9
0000831700135CE0
000083170013C3FE
000083170014FE5B
000083170013FBB2
000083170013FD43
00008317001584E3
000083170014D6B6
00008306000A89B9
0000830600257DB8
0000830600253A8D
0000831700136F82
000083170013FD24
0000830600249A4E
0000830600249B50
000083170014E49C
0000830600251110
00008306000A34F7
0000830600255DE3
00008317001384F2
00008306000A34DD
0000831700137537
000083170014E4A1
0000830600249A37
00008306000A34F2
00008306000A862B
00008306000A6703
0000830600255E52
00008306000A3500
000083060024E502
00008306000A3506
0000830600251969
0000830600249AB8
0000830600249AB2
0000830600254FD3
000083170013C78D
00008306002576B2
0000830600255FB4
000083170014D271
000083060025856F
0000830600256E18
000083060024F2FA
0000830600252C20
0000831700133C93
0000830600256EC0
0000831700149C57
000083060024F7E6
0000830600256A2C
000083170014D620
00008306002569E4
00008306000A98DD
0000830600256A6D
000083060024F458
0000830600257C53
00008306000A5268
0000830600255FC0
0000830600255FB3
00008306000A3B4E
0000831700137506
0000831700154E2D
00008317001457B8
00008317001531D8
00008317001510E9
000083060025520A
00008306000A6BE0
00008306000A684C
000083060025512A
0000831700153D9E
0000831700153D79
00008306002561E2
00008306000A6BD2
000083170014A52C
0000831700168DAC
0000831700142C52
000083170015DCC2
000083170015DD08
00008317001698EF
0000831700138A04
000083170016BD3F
000083170015D76C
00008317001337B0
000083170013E20F
0000831700136DF4
00008317001597FA
0000831700138E16
000083170013751C
000083170014D795
0000831700138BA3
000083170013BA42
0000831700139740
000083170009870A
000083170013E2B6
00008317000986BF
000083170013C7F7
0000831700157634
000083170014D74E
0000831700147027
00008317001499D7
000083170009B458
000083170013686C
000083170009C169
0000831700152C21
00008306000A883E
000083170011A38F
0000831700148F36
0000831700136F27
000083170015884E
000083170013B62E
0000831700146C37
000083170013C4F1
000083170013C1E3
000083170011FE84
0000831700147AD6
0000831700146D28
000083170013FB69
0000831700135718
00008317001420E6
000083170013B2EA
000083170013DFD2
000083170014C452
000083170014AA23
000083170013C185
00008317001342DB
000083170013C75D
000083170013D884
0000831700156108
00008317001512C6
00008306000A8802
000083170014D7F3
00008317000E5C3D
00008317001536AE
000083170015D321
00008306002550B7
00008306000A6992
000083170015D49F
0000830600255580
000083170013D87B
0000830600256BA7
0000830600254D73
00008306002549D0
000083060025500C
0000830600254D79
000083170014D794
00008317001585FE
00008306000A67CB
0000831700155E11
0000830600256EBD
0000830600256EC3
0000830600252B44
0000830600256F6C
00008306000A688D
000083170013402C
00008317001354C2
00008306002499CA
00008306000A55B8
000083060024FA7F
0000830600256E19
0000830600252B43
000083060025386A
000083170014E804
000083060025840C
0000830600255D15
2929494927
00008317001335F2
0000831700155EEF
0000830600256FC1
00008306000A55CC
00008306000A34D6
0000830600256990
00008317001447E2
000083170009A891
0000831700151015
0000830600250178
0000830600252AE7
0000831700159530
00008317001510FA
0000831700156525
00008306002580ED
000083170011F46B
00008306002544E8
0000830600252B21
0000830600252C40
0000830600257E0C
0000830600254508
2929585402
00008317001343A5
000083170015638A
00008317001412AD
000083170015F76E
000083170015F6B9
000083060024EB38
000083060025687B
00008306002500AD
3381817110
0000831700159876
0000830600251A7B
00008306000A845B
000083060025493B
00008306000A866A
000083170015E36A
0000830600250121
000083170014140A
000083170011C4B6
000083170015E2C5
000083170014A9F8
000083060025506E
00008306002567C6
000083170014EBE4
000083170015CFA0
000083170014AA22
0000830600251A31
000083170015F763
0000831700157DD6
00008317001520E1
0000830600250CBF
0000830600250D39
000083170015E5C0
0000830600257C9F
00008306000A691C
0000830600255174
00008306002550EF
0000830600255073
00008306000A893C
3381526333
000083060025515D
00008306002567BC
0000831700156794
00008306000A8633
0000830600257BD9
0000830600250D4B
00008306000A9937
0000830600249A3B
0000830600250CF4
00008306002556DC
0000831700154E58
000083170013217E
000083170014457D
00008317000E5E47
000083170013D380
0000830600253ABC
00008306002513A0
000083170013E91E
0000831700135AA4
0000830600250D19
000083060025112F
000083170015D5AD
000083170014D6AB
0000830600251967
0000831700145922
0000830600251196
0000830600252870
000083170015CD3B
000083170013FD0F
00008306002529F5
0000831700148149
000083170013CCDE
000083170013E85D
000083060025708B
0000831700154189
0000830600255137
000083170014A646
0000830600255E41
0000831700166E1E
000083060025081E
000083170014A5A4
000083170014F1C8
00008306000A66D0
0000830600250CE5
0000831700136E15
0000830600255092
0000830600254963
0000830600257C3A
0000830600249A29
0000830600256762
0000830600256CE1
000083060024F2D5
0000830600255BF2
000083170015D4D4
000083170012543A
0000831700142D56
0000830600254979
0000831700138107
0000831700133F9A
000083060024E510
0000831700169AA7
0000831700133FC4
0000831700142D37
000083170015E807
000083170015D8DB
0000831700133FCF
000083060025674A
00008306000A8CDA
0000831700168F3F
00008317001337E9
0000831700142D03
000083170015E512
000083170015D4D1
000083170015D7CF
0000830600255C22
00008306000A8812
000083170015F496
0000830600258319
000083060025690D
00008306002574B1
00008306002543A7
0000830600256817
000083060025548B
0000830600256690
0000830600255408
000083170015E831
00008306002585D8
000083170013401D
00008306002553FD
0000830600256F30
0000830600252B4D
00008306000A8601
0000830600256692
0000830600250C62
00008306002538C3
00008306002566E1
000083170015BEEB
000083170014F884
0000831700149B30
000083170015D590
000083170014EA46
00008306000A912E
000083170011A5BB
000083170014EC80
00008306002582CC
0000830600255EAE
000083170014B1AA
0000831700149BF8
000083170015D689
000083170013D53F
0000830600255D16
3152367642
00008306002535F3
0000831700155F50
000083170013CC35
000083170015D5A6
000083060024FB88
0000830600255BF5
00008306000A6808
00008306000A347A
000083170013FC8E
0000830600253A28
000083170014F7CB
0000830600253A59
0000830600254944
00008306000A8674
00008306000A8703
00008306000A8724
0000830600256C8F
00008306002549B6
00008306000A3596
0000830600255D4D
000083170013D7BF
0000831700168EFA
00008306002535E2
0000830600255C3C
0000830600255D80
0000830600250B45
0000830600255C13
00008306000A8752
000083060024E647
0000830600255697
0000830600255E2E
00008306002511DF
00008306002511E3
3153529812
0000831700142E8F
000083170016ABEF
000083170015F33E
0000830600255211
0000830600251955
00008306000A863C
000083170016AE43
000083170016B7BD
0000831700169B20
0000830600255175
000083170016A4F5
000083170015F417
000083170016AE30
000083170016B358
000083170016B7C4
0000831700169B14
2929494474
00008306000A8693
000083060024F433
00008306002529E7
000083060025520F
0000831700144600
000083170013D7E3
000083170013D565
000083170014F919
000083170016028B
0000831700166C28
0000831700146581
000083170013D7CC
0000831700166E27
00008317001544DD
0000831700135AC5
0000831700149510
00008317001466B2
0000831700136881
000083170014E70C
000083170016ABA1
00008317001395EE
0000831700146981
000083170016A1E0
00008317000E7C3C
000083170014B19E
000083170015D620
000083170009B2CF
0000830600254DF1
000083170015368D
000083060024E540
0000830600251399
000083060025672D
0000830600257E34
0000830600258453
00008306000A8462
000083170015E5F4
000083170013C3F1
000083170015E6CD
00008306000A868E
00008306002555A4
0000830600251ACA
0000831700150186
0000830600249973
00008306002553CC
000083170014C5AC
00008317000E502F
000083060025386F
000083060025116E
3381673146
0000830600255461
0000830600252B70
0000830600255EDC
0000830600251AB3
00008317001536CF
000083170013D7FA
0000830600250D8C
000083170013EFD8
000083170013A050
0000830600250CB1
000083060025838A
0000830600249A67
000083170014251E
0000831700136518
000083170016982F
0000830600257576
000083170016B41B
000083170013472A
0000830600257D35
000083170014933C
00008306002566C6
000083170015D183
000083170015D2B2
0000830600256E29
000083170016A3A0
000083170016A446
0000831700169A70
000083170014681C
0000830600256E62
0000830600256240
000083060025836F
000083170016AC54
00008306000A27C5
000083170016A426
000083170016BDBA
000083170015D1C5
0000831700169178
0000830600257E08
00008306002529DB
000083170013AA37
00008306000A8CC3
0000830600256DF8
000083060024FA81
000083170016AC3B
000083170016ABAD
000083170016A524
00008306000A515D
0000830600250B8D
0000830600252BC1
000083060024F52D
0000831700133F3E
000083170016B855
000083170016C0A2
000083170016A3AB
00008306002543C7
00008306000A9991
000083170016B7C0
000083170016A01A
0000830600255854
3383120221
000083170016A375
000083170016BBAC
000083170009B30D
000083060024F2EC
3155359138
0000830600257D0E
00008306000A43C7
000083170016AB8E
000083170015DC74
000083170016BC93
000083170016997D
0000830600256062
000083060025608A
00008306002AF0E7
00008306000A99CB
3381857207
00008306002580F8
000083170016BB0E
00008317001699BA
000083060025013A
00008306002542DF
00008306000A8F4D
000083170016C1AE
000083170016A4E2
00008306000A89F3
000083170015F441
0000830600252892
00008306002551FC
0000830600257D51
0000830600255D0C
0000830600252859
0000831700169A19
000083170016AB3A
00008306002550AD
000083060025289E
000083170016A47C
0000830600251123
000083060025119C
000083170014E6F7
000083170014D72F
0000831700139F82
000083170014F874
0000831700149C68
0000831700136DFD
000083170009B2A3
000083170014D755
000083170014E483
000083170014D76E
000083170014D652
000083170014D64B
0000831700152794
000083170014D76C
000083170013F328
000083170015D509
0000831700143636
00008317000988D7
0000831700159595
000083170014E652
000083170013EFFF
0000831700155F94
00008317001510D7
00008317001521C4
000083170013D39E
000083170015D637
0000831700150F7E
00008317001464AC
000083170015D477
0000831700158F30
000083170014C1EF
000083170013FE48
00008317001343C2
0000831700154E29
0000831700154E81
00008317001463EB
000083170015529A
000083170013D40D
000083170013FE63
3380978591
000083170015D91C
00008317001698DC
000083170016BB19
000083170016B807
000083170016ABCE
000083170016992E
000083170013E487
0000831700166B07
000083170016A1F8
000083170016994F
0000830600250B27
000083060024E527
000083170016A0A7
000083060025547D
0000831700146997
000083170016AC63
00008306002551F3
00008317001467C9
00008306000A6699
000083060025196F
000083170016AE1F
00008306002529ED
0000830600254F98
0000830600255744
000083170015DCB3
000083170016931F
0000830600252866
000083170016AF32
000083170016BB77
0000831700119FD9
0000831700125428
0000830600255061
000083170009B3E3
0000830600249959
000083170009C503
0000831700136BB4
0000830600251996
00008306002529F1
00008306000A8548
0000830600251A7F
000083170013D85D
000083060024E5A2
0000830600251183
000083170014887F
0000831700146C2C
0000830600250C70
0000830600257E01
000083170013AB41
0000830600255454
000083170013E7F2
00008317000E5966
0000830600256205
00008306002561C0
0000830600256211
0000830600256724
000083060025671B
0000830600256D91
00008306002568CC
0000830600258395
00008306002543AC
00008306000A3A00
000083170014C58D
000083170014702C
000083170014E54B
00008306000A3B9D
000083170013CA13
0000830600256241
0000831700142436
0000831700135AD1
0000831700135AA2
000083170013ABDF
00008306000A3BB3
000083170014E4BC
000083060025604D
00008306000A33CC
000083170014B29C
00008306002542ED
0000830600257047
000083060025438E
0000830600258283
0000831700121D7C
000083170013ABC7
000083170015E660
00008317001428BE
000083170014E682
0000831700136889
00008306000A6B9E
0000831700139334
000083060025679F
0000830600253A85
0000830600253AA5
0000831700145036
0000831700136483
0000830600255081
0000830600255462
0000830600258366
00008306002528CE
0000830600250D8A
0000830600257C27
000083170016BC81
000083170016A1B8
000083060025118C
0000831700169947
00008317001693D6
0000830600255419
0000830600250D2E
00008306000A9A69
0000831700154E4D
0000831700146191
0000831700153D2D
0000831700152C1E
000083170013FC32
000083170014D6D6
000083170014A517
000083170015D4C0
0000831700150722
000083170013F40A
00008317001457A7
000083170015BB70
00008317001579B2
000083170015A2D6
000083170014C1C9
00008317001510AA
00008317001594EC
000083170015AF0F
0000831700150D56
000083170013C02B
0000831700155430
00008317001554FB
0000831700151097
000083170013FBBF
0000831700152CD7
000083170015A28E
000083170013228C
00008317001413D3
0000831700155398
000083170013F394
0000831700154972
000083170013C1C6
000083170014E80C
0000831700152BCD
000083170013B63F
000083170013C096
0000831700159A41
0000831700146196
000083170014320A
00008317001464C0
0000831700155F1E
000083170014A504
000083170014DFBF
000083170015CDA0
000083170014538C
0000831700150102
0000831700134C8F
000083170014452D
000083170013D840
000083170015CE67
000083170014DE19
000083170013B61C
0000831700155CEA
000083170015B5C0
000083170014B67C
000083170015CDCF
000083170013D85C
000083170014F8F9
000083170014BB60
000083170014EBB8
0000831700169A4E
000083170016A3FA
0000831700169A53
000083170015E4DF
0000831700142FFD
000083170016BC23
00008317001469FB
0000831700168DB1
000083170016A4E7
0000831700169940
0000830600250C61
000083060025289C
00008306000A6851
000083060024E4FF
000083170016B862
3382122891
0000831700169A7F
0000830600251A93
000083060025111B
000083170014AA6B
000083060025543E
0000830600250D2A
0000830600257DEE
000083060024E5BF
0000831700138AAD
0000831700169FEC
000083170016BD66
000083170015D7C9
0000831700142E3D
0000830600254FF4
00008306002550A8
0000830600254FE9
0000831700169AD2
00008317001346AB
0000831700169391
0000830600250D36
0000831700142D32
0000831700169910
000083170013A130
0000830600254FEB
0000831700142D1F
0000830600255153
0000830600257BD5
0000830600251A0C
0000831700168DB6
000083060025116D
0000830600251961
000083170015F122
000083170016BD43
00008306002510ED
00008306000A6944
000083170016A67E
0000831700133F59
000083060025832F
0000831700169045
0000831700169368
2931780448
0000830600250D04
00008306002511CA
0000831700135A98
000083170014D7FD
000083170014A970
000083170014D65C
0000831700142B12
000083170013B643
000083170014D730
0000831700136884
0000831700146C25
00008306000A2FCE
000083060025613E
000083170013686E
0000831700142523
0000831700135A9F
000083170014E587
0000831700134FEE
00008306002582E2
000083060024F32D
000083060024F346
000083170014E4B5
0000831700138503
0000831700139FCF
3380091029
00008317001416F1
000083170015E4F6
000083170016A3E0
00008306000A5194
00008306000A51D2
000083170016B7A2
000083060024F34F
0000831700155298
0000831700155E19
00008306000A3BA0
000083060024F339
000083060024F313
00008306000A3054
000083060025604B
000083170016B742
000083060024F479
2929462474
00008306002560A8
0000831700133F62
00008306002556B8
000083060025286D
00008306000A8796
000083060024E54A
000083170015D06B
0000831700142D87
00008306002538AA
000083170016AB3C
000083170014F158
000083170014F87F
000083170014F340
000083170015D560
000083170015D66C
000083170016D339
00008317001346D0
000083170016A0F4
000083170015D698
0000831700138A18
00008306000A8786
0000830600251A95
00008306000A8A86
00008306002529EB
0000830600251988
000083170015E80D
0000831700169394
0000831700138C25
00008306000A8625
000083170013402D
0000831700134717
0000830600250CC5
00008306000A6681
000083170014F897
00008306000A39F4
00008306000A351C
00008306002551E8
000083060024E4EF
0000830600252A03
000083060025389E
0000830600253AA3
000083170015D1D9
0000830600252A3C
0000831700138AA8
0000831700154E60
0000830600250C86
000083170014EB96
0000831700155B26
000083170014EB8F
0000831700166CF9
0000830600257E43
0000830600255DF2
0000831700155139
00008317001385C7
000083170015D8E8
000083170015E674
0000831700156250
000083170014EB5F
000083170015E308
000083170015D4CC
0000830600255028
000083170015D7A8
3380759989
0000831700134BA1
000083060025198E
000083170013D664
0000830600255D99
00008317001445FA
00008306000A861E
0000830600250D32
000083060025575A
000083060025194F
00008306000A350A
00008306002553B4
000083170014501A
000083060024E63C
00008317000B1F6A
000083170015D630
000083170015AEF9
0000831700150D4A
000083060024FB91
0000830600252B78
000083170014E60B
00008306003B2C2D
0000831700155206
0000830600250BDE
00008306002500DF
000083170014F14B
0000830600249830
0000830600257D61
000083170015D60A
000083170015D55D
00008306002570DF
0000831700154D91
0000831700153701
0000831700169AD0
000083170016A1EA
0000831700139D3A
000083170014B186
000083060024FA69
000083170011D8F9
000083170016A3CA
0000831700136910
000083170014465E
000083060025234A
000083170015D665
0000830600257E3C
000083170014ECC9
00008306000A671B
000083170013B094
00008317001416FC
0000830600256676
000083170015678D
0000831700144159
0000830600256EA3
0000831700144DDE
000083170013EAFA
00008317001571EB
0000830600256256
0000830600257E44
00008306000A90FA
0000830600250CA9
00008306002538BD
000083170015AE51
000083170016BD61
000083170014071F
00008317001360DB
0000831700155F79
00008306000A5677
0000831700169952
0000831700155EF6
000083170011A368
00008306000A5204
000083170013C110
00008306000A54EE
0000831700132D23
000083170015DBB7
00008306000A8C48
00008306002583EC
000083060024FA48
000083170016A02E
0000830600257FC9
000083170012531B
000083170015AE05
000083170016A012
000083170015D8B8
0000831700145985
00008306000A34CD
00008317001494F1
000083170015267A
000083170011C015
0000831700142512
000083170013A0A2
0000830600255CA5
000083060024F8C2
0000831700138B94
000083060025680F
000083060025196A
000083170013FD3E
000083060025444F
0000830600255F1C
0000831700154363
0000830600253AAC
000083170009B403
000083060025451A
0000830600254D72
0000830600254FDA
0000831700139350
000083060025708E
3155853352
000083170013D7B2
000083170013A823
0000830600254946
00008306000A5192
000083060025559F
00008306000A87A6
00008306000A2FFD
00008306002550BC
000083060025626E
00008306000A9153
000083170013FC41
000083170011A468
0000830600250B56
000083170013A712
0000830600255458
0000831700155CF2
0000830600254FE5
0000830600257D23
0000831700132D0D
00008306000A525C
000083170014B32B
0000831700141F45
0000831700145839
000083170014F0D3
0000830600252A4D
0000830600256FE2
0000831700149C5D
00008306002519B3
000083170011915E
00008306002566E8
00008306002585CA
000083060024FA23
0000830600250D09
00008306002543BA
000083060024FB96
0000830600255D21
0000830600255BF6
00008306000A8626
00008306000A56DB
3381634890
000083170015D2A6
00008306002574A4
0000831700151723
0000831700158587
0000831700137435
00008317001521B1
00008306000A8D5B
3382135716
00008317001447EE
000083060025673B
0000830600256DA6
00008306000A68CD
000083170014D9B7
0000830600254FF2
000083060024F997
000083060025599A
000083170014F8B4
0000830600257CED
0000830600254EED
0000830600253992
0000831700135182
0000830600255DCF
00008306002553ED
0000830600252B7B
00008306002510FB
0000830600254FE8
00008306000A686D
00008317001520BB
00008317000E69F2
0000831700166E40
00008306002562C1
00008306002550B9
0000830600255739
000083170013B087
0000830600250CCD
0000830600257FDD
00008306000A670E
000083060025119A
000083170009A748
0000830600257E3A
000083060025014D
000083170013E88D
0000831700123487
00008306000A85E7
0000831700146A9D
0000831700147AFA
0000830600257DAB
000083170013A27F
0000831700155F35
0000830600257BCA
0000830600255922
000083170016B7BC
00008317001512D9
000083170015E43B
000083170014B91A
000083170015B225
0000831700146F41
0000830600251167
000083170015526F
3382055425
00008306002549BA
0000830600373E51
000083060024E5AC
00008317001195BE
00008306000A34E1
00008306002585C6
000083060025595C
00008306000A6884
00008306000A43D5
0000830600251A1E
0000831700168F4B
0000831700168DAF
00008306002567DF
000083060024E534
0000830600254EF5
00008306000A3CE5
000083060024FA79
0000830600250DA4
0000831700149458
0000830600250D84
0000830600252AAD
000083170015F3D5
000083170015D2CC
000083170015DDBA
0000831700152DFA
000083060025841E
000083170014D33F
00008306000A66FA
000083170016966A
000083060025114F
0000830600255647
000083170014A459
00008306002553DE
00008306002519A6
0000831700152DA2
00008317001197F0
00008306002511CE
000083170013F81D
000083170014E427
000083170009B46F
000083060024E62A
0000830600250D0D
00008306000A8521
0000830600255185
000083170016903F
000083170013B606
00008317001559BA
000083060025577B
0000830600251982
0000830600255742
0000830600256254
00008306000A68A2
000083170014944C
0000830600257CAB
00008306000A6878
000083170013D808
000083170015D600
0000830600249C40
0000830600255590
0000830600256F79
0000830600257534
000083170014E865
000083170016A165
000083170015D68C
00008306002539D3
0000831700136865
0000830600251AC3
000083060024E50D
000083170014E5CF
0000830600250ADF
00008306002585B6
0000831700133FDF
000083060025565E
3383018109
3402774448
000083170013D90D
0000830600255957
0000831700157E9B
0000830600256CF5
00008306000A53EC
000083060025596D
00008306000A320B
00008306000A9B61
0000830600250D03
000083060024E56B
0000831700132423
000083170012315F
00008306000A27BF
00008306000A3045
00008306000A9AED
00008306000A989A
0000831700145A2C
0000830600256AD0
000083170014D742
000083170013D2DD
000083170014B1BE
000083170014B2F4
00008306000A9B31
0000831700123339
0000831700138858
0000831700146432
0000830600257B01
0000830600252C57
0000830600255B45
0000831700157927
000083170015018B
00008317001565D8
00008306000A8650
0000830600249ADA
0000830600253A4A
000083170014B180
0000830600255099
0000831700157F0B
000083170015BF4C
0000831700166D9E
0000831700166DDE
0000830600258808
00008306002499EC
3382270121
00008306000A868C
0000830600250B7C
00008306000A331A
000083170013D7D1
0000831700147B05
00008306002500F4
000083170015D9F7
00008317000EA3C6
0000830600256228
00008317001466DF
0000830600255937
0000830600252AFC
000083170015F72F
00008317001587EF
000083170014B300
0000831700155260
00008306000A8F38
00008306000A2798
0000830600258458
000083170015231D
000083170014E072
00008317000E70FD
000083170015CD31
00008317001536E7
0000830600257C47
000083170009B339
0000830600255FB9
000083170013CD9F
0000830600252B27
0000830600255A81
0000831700148E0B
00008306000A876B
0000830600250FF9
0000830600252AEC
000083170014D63B
3381526505
00008306000A3012
00008306000A3C97
0000830600250B43
0000831700135AA1
000083170014B1A6
00008306002529D1
3381540906
000083840001C46F
0000831700157DE6
000083170014F43C
0000831700149497
0000830600255464
000083060024F2A2
000083170015E7AE
000083170015F574
000083170014588A
0000831700157EEE
00008306002567C4
000083170015AF9C
00008306000A4519
0000830600250A8B
0000830600255265
00008306000A90EC
00008306000A5529
000083060025683C
0000830600252BC9
0000830600255101
0000830600251132
0000830600249ACE
00008306000A8C7F
00008306000A5663
0000830600257CC0
00008306000A266A
000083060024F48A
0000831700134A7A
0000830600256994
0000831700138B7A
000083170014EF3A
000083060024FA83
000083170014DA3D
00008317001321BF
3159121164
00008317001251A7
00008306002528AD
00008306000A67B3
0000831700157E68
00008306002574C0
00008306000A98CA
00008306000A3279
0000831700150104
000083170015BEFC
0000830600257650
00008306000A877C
0000831700156813
000083170014E45F
0000830600256901
000083170015D978
0000830600250C60
000083060024E512
0000830600256D7A
00008317001384FF
000083170013FBF1
00008306002559AB
0000830600256CFB
0000831700147C77
00008306002518EF
0000831700142909
000083170015D79A
000083060024E5BA
0000830600256E04
0000830600257532
00008306002567F5
00008306002551BB
000083170009C16A
0000830600251A83
00008306002566E0
000083060024E582
000083170014A349
00008306000A43A7
000083170016AECD
0000831700169A7E
000083170016A1ED
0000830600252B79
0000830600256709
00008306000A87DB
00008306002566DA
0000831700147B2A
00008317000986DC
000083170016933E
00008306002550A0
0000831700168D84
0000831700142EB0
000083170013D854
0000830600249A40
000083170015F427
00008317001555B0
3061961858
000083170016AC5B
000083060025442B
0000830600252B0E
000083060025675F
00008306002538D7
00008306000A991F
00008306000A87DC
000083170016BC68
00008306002538CC
0000831700156FF8
000083060025607E
00008306002543C5
0000830600252A9D
0000831700098974
00008317001503F7
000083170014E061
000083170013EF3F
00008317001520E3
0000831700158DBD
0000830600257059
000083170014E066
00008306000A6678
0000831700152104
000083170015DA1C
0000831700150B26
0000830600256ABE
00008306002568E2
0000830600254520
0000830600254388
0000830600249831
000083170014B6BE
00008306000A869C
00008306000A66D6
000083060025456C
000083060025509C
00008306002528BB
000083170013BA43
000083170015B213
0000830600255E73
00008306000A3C6E
000083170015B1E9
000083060025675D
0000831700159915
0000830600256C61
0000830600250C16
000083170014FBEA
00008317000E6900
0000831700169A86
0000830600256735
0000830600252C56
0000830600256E35
0000830600249A71
0000830600256E25
0000830600250D41
000083170014C1B3
000083170015A7AF
0000831700154E3F
0000831700159F0A
000083060025109D
0000830600250D20
0000830600250D40
000083170016A1A0
0000831700134641
0000831700138C03
0000830600256E1F
000083060025748F
00008306000A34F4
000083060025841B
0000831700145AB6
00008306000A66BD
0000831700168D94
000083170009B2F4
0000830600255775
000083060025515F
000083170013936E
00008317001360F0
000083170016AAAC
0000830600257F5B
000083170015F3EF
000083170016D16F
0000830600254FCF
0000830600251179
00008306002587E7
0000831700119FC6
00008306000A8A7D
000083170015E60C
000083170014CE68
0000830600257C34
00008306000A6771
0000831700166C80
00008306000A34FC
00008306002542D7
000083060024F347
0000831700156FFB
000083170013CA83
000083170013539B
0000831700159BE9
0000830600249A8F
0000830600255134
0000830600257AE1
0000830600251A02
000083170013D7E0
00008317001516EA
0000830600251A99
000083060025115D
000083060025544A
0000830600253ABB
000083170015E631
000083170015B16A
00008306002573E2
0000830600257DF5
0000830600250D37
00008306002585EB
0000831700149280
0000830600257476
0000831700166E25
000083170014F87D
0000830600255DF1
0000830600250C78
00008306002554B4
00008317001552CB
00008306000A6642
0000830600255195
0000831700159C19
000083170016A151
00008306002566FC
000083170015ACA7
000083060024FA55
0000830600256072
000083170011A3A2
000083170013C13D
0000831700166CF1
000083170013FA6F
000083170015E7FA
0000830600255194
0000830600251977
0000831700118873
00008306000A9EDC
00008317001481D6
0000830600254FF6
00008306000A34D2
000083170015DA11
000083170014C183
000083060024E625
00008306000A30A4
0000831700136DEB
0000830600251A16
0000830600251AA7
0000831700145DE0
00008306002552AA
00008306000A86BD
00008306000A33A1
0000830600258530
000083060025674E
0000830600253A44
000083170015D2ED
000083170014059C
00008306000A892E
0000831700145A4E
0000830600251147
0000831700166DF7
000083170015CEEA
0000830600255CC1
0000831700143226
000083170016B73D
00008306002539C7
0000830600255151
0000830600255217
000083170015F799
0000831700139014
00008306002569FF
0000830600250C13
0000831700169A5A
0000830600250BE1
000083170015DC1F
0000831700154D48
000083170016BD07
0000831700138845
0000831700098990
000083170016AFAC
0000830600255DB6
000083060024F88F
000083170015D7AB
000083170016A1BC
0000831700135B83
00008306002558B1
00008306002585E1
0000830600253A1D
0000831700168D20
0000831700138A85
00008317001698AD
00008317001364B7
0000830600252B11
00008306000A68DB
000083170016A11F
00008306002585F1
0000831700156F27
000083170015795F
0000831700152587
0000831700146821
0000831700169A7A
0000830600256ACA
0000830600252320
000083170014467B
0000830600252BC5
000083170016BC75
00008317001384EB
0000830600256269
000083170015FA37
0000830600255463
0000830600256713
0000830600254983
000083060024F7F4
000083170014696E
00008306000A9927
00008317001563D6
000083060024E626
0000831700135B65
000083060025709D
000083170013963A
0000831700136457
00008317001365A4
0000831700142BDA
00008306000A8730
0000831700142C0F
000083060024F3DD
000083170015DB0C
000083170016994D
0000831700142C0E
000083170014B18D
0000831700151031
000083170013747C
00008306000A27B0
000083170013651A
000083170014E821
000083060025113B
000083170016AF28
000083170013F94F
00008306002539A1
000083170013A18F
00008317001364E7
0000831700133447
0000831700169A82
00008306000A98F5
000083170015DC13
0000831700139038
000083170016AF2D
000083170015D09D
0000831700157579
0000831700142E65
000083170016A468
000083170015D4AB
0000831700142E88
000083170015D4F5
00008317001493D4
0000830600252872
000083170013654C
0000831700118765
000083170014BB35
000083170015D0F8
0000830600252A8F
00008317001697F0
0000831700169895
000083170016AF37
0000830600250CCB
000083170013FAAA
000083170014F914
000083170013DE4F
000083170015DA32
00008317001384D9
00008306000A3469
000083170016A0A6
0000831700156D51
0000830600255D94
000083170014B9D7
00008317001494BA
00008317001424FE
000083170015B15E
000083170013A920
00008306002509AB
000083170013FE64
000083170013A28B
0000830600250AAC
0000830600258422
00008306002509B7
000083170014F47D
0000831700139505
0000831700142E6A
00008306002529E4
000083170015877F
00008317001697E7
00008317001457CE
0000831700142FCD
0000830600256812
000083170014C60E
000083170016C129
000083170013405D
000083170009A895
000083170014E446
000083170013629E
0000831700142FD4
0000831700098733
0000830600252C3B
000083170016D04A
000083060025285D
000083170013E890
0000831700149C1B
00008306002587D5
0000831700139023
0000831700142C28
00008306000A4398
0000830600250BF6
000083170013687A
0000831700142695
000083060024E507
0000831700168F6B
0000831700168FA0
0000831700168F26
0000830600252B75
0000830600255483
000083060024FA6C
0000830600258347
00008306002574C7
00008306002585CE
0000830600256754
000083060025833B
0000831700142EA4
00008306002570D8
00008306002574B4
0000831700169994
00008317001699FA
000083170016A17C
000083170013B601
00008317001420B0
0000831700169FCC
00008317001337B6
000083170016ABCC
000083170014C75D
0000831700168F80
000083060025517B
00008306000A6BD4
000083170015D81C
000083170015D639
000083170015F447
000083060025673D
000083170016AAC0
0000830600257C5B
00008317001389C3
0000830600255781
000083170013A8EC
000083170011A553
000083170013FE60
0000831700157013
0000831700146CE1
00008317001364BC
000083170013E0B4
000083170016A049
00008317001323FF
0000831700168FC2
000083170013A878
0000831700159ABC
000083170013FE2F
000083170013C143
0000831700149A55
000083170009C054
000083170015C217
000083170014AB89
0000831700150AE0
000083170014B6DF
00008317001512C1
00008317001459D8
000083170014B53F
000083170013DC7B
0000831700155283
000083170015F241
00008317001354E9
000083170015BB4C
000083170015529B
000083170013798D
00008317000B2881
000083170015F3D8
0000831700143699
000083170015D5E9
000083170015DA1F
00008317001429A6
000083170011927F
3153109862
000083170014D650
000083170015D796
000083170014E4B6
0000831700151111
0000831700156F5C
000083170015BDFE
000083170014B175
0000831700169FE1
000083170015D4A2
00008317001465A1
0000831700166D15
0000831700139FC8
000083170014A620
0000831700136EED
0000831700152CAC
0000831700150ABC
000083170015BB1A
000083170009B3CB
000083170013D7F9
0000831700145ABC
0000831700155324
2934841032
0000831700148A31
000083170013D7E1
000083170015585F
000083170013D2F8
0000831700141344
0000831700136CF8
0000831700119278
000083170014A4FD
0000831700119B09
000083170015BD66
000083170013C1C5
0000831700142BDD
000083170014EB94
000083170015D9EB
000083170014F89C
000083170016A342
000083170015555F
0000831700151CD8
0000831700147ACA
00008317001324F4
0000831700139616
000083170009B245
0000831700168EF3
000083170016B75C
0000831700139D47
000083170015586B
0000831700152C17
00008317001324B2
00008317001561FA
0000831700145DFE
0000831700159147
0000831700147BBA
000083170015C911
00008317001562A0
000083170016AF1E
000083170016B83A
3063267403
000083170014B318
000083170014EA80
0000831700152DD1
000083170015C8CB
000083170014D80D
0000831700142B0F
0000831700118771
000083170015D281
000083170014A598
000083170013952B
0000830600254382
0000831700156696
0000831700147B3C
00008306000A68FC
00008317001439E8
0000831700147AFB
000083170014E476
0000831700168ED6
000083170015D613
000083170015DB37
000083170016AE27
000083170016A328
000083170014E302
000083170015BE6F
000083170015DD7A
000083170013C425
000083170014FC3A
000083170011DE4F
000083170015D9DE
0000831700138CB4
0000831700142D4C
0000831700149457
000083170013B0BE
0000831700152EFC
000083170014F560
0000831700136580
0000831700145957
00008317001412C7
000083170013B645
0000831700134637
000083170015D976
000083170014E619
00008317001394EA
0000831700138AF2
000083170015B47D
0000830600251975
00008306000A68A4
0000831700134024
000083170014D48D
00008317001467B5
000083170014BD2B
000083170015B5AE
00008317000E5A7B
00008317001457F9
000083170015FB95
000083170014DE36
000083170013F1E1
0000831700136519
000083170011A578
0000831700148682
0000831700145668
000083170015A931
000083170016A38A
000083170014E984
000083170016AF08
0000831700142D6E
000083170013A117
000083170013A054
0000831700138A90
00008317001526A7
000083170013CAA8
0000831700155212
000083170014B665
0000831700135AD4
0000831700151DA9
0000831700154D76
000083170009B3B8
000083170013A133
0000830600255DF9
0000831700099EF6
000083170016A586
000083170016A448
0000831700142989
000083170015E26F
0000831700145062
000083170016B845
00008306000A8A57
000083170016B520
0000831700147041
0000831700142E2A
000083170013AB46
000083170013FD0C
000083170014BBBE
0000831700154E30
000083170013AA2B
000083170015DA08
000083170015A611
0000831700135ABA
0000831700144476
0000831700142B8F
000083170015D731
000083170014B1B1
0000831700157623
000083170014D676
000083170014D610
000083170015D57A
0000831700169A72
0000831700142D0C
000083170013E8F5
0000831700139104
000083170016BCD4
000083170015677F
000083170014E457
000083170016ACA7
000083170016D030
0000831700136CCE
00008317000EA434
000083170015D640
0000831700169C0C
000083170016B40E
0000831700155F88
000083170014295A
000083170016A286
000083170016A5D9
0000831700141FFD
0000831700140625
0000831700142F9D
000083170014300D
000083170014B54B
000083170016BB29
000083170016A424
000083170015D99A
0000831700169903
0000831700135F78
000083170014A666
000083170016A35E
000083170014034A
0000831700138B32
0000831700142B06
0000831700155F31
000083170015E69C
0000831700154A58
000083170016C150
000083170013E22E
0000831700169FFE
000083170016D03A
3403054976
000083170015A647
0000831700136E1E
0000831700118D5A
00008317001492DC
000083170015BE8B
000083170014D629
000083170013AA44
000083170015F419
000083170013D85B
000083170014E4C0
000083170014BBE3
000083170013751B
000083170013FD9B
3149362486
000083170009C156
0000831700143A7A
000083170016C0E7
0000831700098986
0000831700150B20
000083170015D25B
000083170013E883
0000832B002724BF
3381694682
000083170015D190
0000831700149C3A
00008306000A8A28
00008317001504CD
0000831700142C42
000083170016ACD2
000083170013A8A4
000083170013CD0C
0000831700118B42
00008317001425E6
000083170016C107
000083170013655F
000083170014F18D
0000831700142C19
00008317001360D7
0000830600257DB0
00008317001545D9
000083170013550C
0000831700159D02
0000831700133610
000083170013504C
000083170015B209
0000831700141731
0000831700156D36
0000831700169993
00008317001510C1
0000831700152616
000083170015477E
00008317001590B8
000083170013A8B5
0000831700140607
00008317001439E0
000083170013AB6B
0000831700138BEA
0000831700166D68
000083170015F408
00008317001494BB
00008317001412B0
000083170015D17C
000083170014953D
0000831700142F96
3403038275
000083170012310F
000083170015D1DE
0000831700169053
0000831700151447
000083170016A5BA
000083170013651C
000083170016A308
000083170015EA9F
000083170015D692
000083170014EDB5
00008317001558C3
000083170014D937
000083170015233A
0000831700132D3D
000083170016A16B
0000831700136885
0000831700168DF0
000083170015D819
000083170014B367
00008317001395C0
000083170014D592
000083170013E906
000083170013C75B
00008317001384D0
000083170015AF68
000083170015E819
000083170015B6BA
000083170016AF01
0000831700148A25
000083170013CC8B
0000831700169AC3
000083170015DBE3
00008317001536E0
0000831700169A8E
000083170015DCB5
0000831700140570
0000831700144489
000083170013CCD7
0000831700138B3A
0000831700140658
000083170015986A
0000831700135AD9
000083170014C196
000083170014FAEB
000083170014D6DB
0000831700118F14
0000830600250CA3
000083170015F3C2
000083170015F4BA
0000831700145B7F
000083170015DD66
0000831700137508
0000831700151DDC
0000831700138A60
000083170016B3B9
00008317001364B1
0000831700142BBE
000083060034A8CE
00008306003618D8
000083170014F8AD
00008306003633DF
00008306003634AD
000083060036180E
000083170013C19B
00008317001554AB
000083170013F960
000083170015F93F
3381319742
000083170015F734
000083170016A000
0000831700168DD3
0000831700144644
0000831700169361
000083060033B924
000083170015F391
0000830600363433
000083060034D6C6
000083060033B912
000083060033BC2F
000083170016D070
00008306003512F7
000083060035B277
000083060036301A
0000831700155282
000083170015E81C
0000830600350D72
000083170013D85A
00008317001521D0
000083170015F80A
0000830600363271
000083170013A030
0000830600374EBA
0000830600354B14
000083170014E48F
00008306003604FA
000083060036180A
0000830600350E81
0000830600362C40
000083060036333B
00008306003634B5
0000830600361803
000083170016C0BA
0000830600363319
0000830600361078
000083060036347E
0000831700145792
0000830600361877
0000830600363595
000083060036173F
00008317001358BB
000083170013CD61
0000830600351D75
000083170014C7AB
000083170013966C
00008306002ED229
0000830600363371
0000830600363365
00008306003610EC
0000830600361700
00008306003526C1
00008306003611AE
000083170015BE39
00008317001384BC
0000830600374968
00008306003617D5
0000830600374731
3381464474
0000830600361269
000083170014E5AA
000083170013953F
000083170014E5BB
0000830600363472
000083060036324F
0000830600363547
0000830600371FB2
000083170013AA56
000083170014E4AE
00008317001400E6
000083170014E633
000083170013F0AF
000083170015E635
0000830600362B5E
000083170014D77D
000083170015DBCD
0000830600362BE4
000083170014E478
0000830600371FE4
0000831700123474
000083060036340E
000083170011F544
0000831700149C56
0000830600362C1E
00008317001494FF
000083170013E7E5
000083060036334B
0000831700125279
000083170014C57C
000083170014D6FE
0000831700147D61
0000830600375640
000083060037208D
00008317001412CC
0000830600362B57
000083170014D27B
0000831700135AA8
3380648039
0000831700135ABD
00008306003756AF
3153521232
0000830600360486
0000831700145A20
000083170015FBA4
0000831700145056
000083170014D244
0000831700119C59
0000831700119C4D
000083170014F3CC
0000830600363463
0000831700135A88
000083170015763B
00008317001481BC
000083060037561B
0000830600363429
00008306003634F8
00008306003633A4
000083170014F7DB
0000831700138BC3
0000830600354CBC
0000831700168F7F
0000831700142E31
00008306003634C3
00008306003634D1
0000830600363509
0000830600375776
000083060036355A
00008306003617E8
0000830600375775
00008317001355A6
000083060036358B
00008306003634CF
00008306003633F0
0000830600363397
00008306003634E0
0000830600363398
00008306003634E6
000083170016D045
0000831700154E9B
0000830600371E8F
0000830600342272
3382818293
0000830600362ECA
0000830600363307
000083060037551E
000083170014707C
00008317001535CD
00008306003756BF
000083170013A189
00008306000A89BA
00008306003630FF
00008317001395E0
000083060036359A
00008306002554CC
0000830600252B24
00008317001499D4
000083170014E484
0000831700135ACF
0000831700159654
0000831700146CFD
0000831700147B00
0000831700159824
000083170009892E
000083170015B21E
00008317001350A0
0000830600249AF8
000083170013244F
000083170013CD30
0000831700160230
0000831700142BAD
000083170009B25E
00008306003606FE
0000830600375788
000083060036197B
0000831700154385
0000830600362BD7
000083060036268E
00008306003757AF
0000830600362DEB
0000830600375B63
0000830600362C21
0000830600363EED
00008306003626BA
0000830600362B1C
0000831700138BDD
0000830600362F0C
00008306003626B7
0000830600362BF2
0000830600360555
0000830600360581
000083060036180B
0000830600362CAB
00008306003616EE
000083060036055C
0000830600362E7A
000083060036329D
00008306003604DE
0000831700142F94
0000830600376087
0000831700152622
0000830600361787
00008306003616FC
0000830600360543
0000831700142977
3381834849
00008306003757BE
00008306003749CD
0000830600362491
000083060036D2CA
00008306003745F6
3152875769
000083170016A1FF
000083060036A100
000083060036063C
0000830600375B6E
000083170013D661
0000830600362495
0000830600362E20
000083060036A009
000083170014F112
0000830600361611
000083060034C82E
00008306003632B8
000083060036329C
0000831700145829
00008306003633F6
000083060034DD3B
00008306002FEB52
0000830600343C2B
00008306003749F9
00008306003634D2
00008306003633C0
00008306003617D1
0000830600371E41
0000830600301383
000083170016B7AA
000083170014D813
0000831700157CC4
0000830600362A92
0000831700154E59
000083170015DCDB
0000830600360542
000083060036B489
00008306003617DB
0000830600362C35
0000830600371AAC
00008306003631A9
0000830600369F5C
0000830600339665
0000830600363505
0000830600362E84
000083060036320D
00008306003750A2
0000830600361756
0000830600255230
0000830600371F78
000083060034DD68
000083170015D5E5
0000838400018713
000083170009B442
000083060036A12D
0000830600362EF1
0000830600361102
000083060036A126
0000830600362F8C
00008306003746AD
0000830600373184
000083060036A016
0000830600375AE3
000083060036A195
000083170016D010
00008306003627AE
0000830600369F25
000083060034DD10
000083170013903B
00008306003749DD
000083170014E635
0000830600362D47
000083060036A160
00008306003606F5
000083170016CFD4
00008306003749C9
000083060036258C
0000830600362E75
0000831700125294
0000830600377F31
000083170013F01A
0000831700138841
0000830600375695
000083060036A1F6
00008306003756EB
0000830600374D95
000083060034DFE6
000083060034CFA1
0000830600361799
000083060035B379
000083170015E802
000083170016BCC2
00008306000A67B8
0000830600369F17
0000831700136466
0000830600332AC7
000083170016A022
00008306003507A9
0000831700152072
00008306002E5139
0000830600375415
0000831700153721
0000830600363EF0
000083060033C723
000083060036A042
0000830600363444
000083170014EF35
000083060036D2BE
00008306003745C8
00008317001552B0
0000830600375F4B
0000831700133E36
00008306003750D1
000083060036BAEC
00008306003630B6
0000830600375645
000083060036BAF1
0000830600361013
0000830600377D6A
000083170015D758
0000831700166CDE
00008306003720D4
0000830600350735
000083170013D7CB
0000830600361014
3381493258
000083060036123C
000083060036B539
00008317001492F9
0000830600363036
0000831700169ABA
0000830600369FE5
0000830600362F6D
000083060036A1BC
000083060036270F
3381377047
0000830600362FFE
0000830600362DBD
00008306003755B5
0000830600375587
0000830600363035
0000830600361941
3381484399
000083060036100C
00008306003525A7
00008306003632D4
000083060037560A
0000830600360786
0000830600362B99
0000830600374966
0000830600361106
000083170014D60F
0000830600374581
0000830600361212
0000830600361604
0000830600361021
00008306003755E6
0000830600332ACA
0000830600374978
000083060036357D
0000830600362DED
00008306003630F5
00008306003581F2
0000830600363582
0000830600374960
0000830600374EAC
0000830600361852
000083060036326B
0000830600375F34
000083060035433D
000083060033C83C
0000830600374F4C
000083060035548F
00008306003754F1
00008306003634C4
0000830600377C96
000083060037326D
0000830600375502
0000830600374E66
000083060034DEAB
00008306003631CF
00008306003610D0
00008306003635A2
000083060036A150
000083170015CC87
0000830600374F48
00008306003632CF
0000830600362C9B
0000830600362FB2
00008306003755CB
00008306003634BE
000083060036052B
0000830600363432
3380993744
0000830600362F20
000083060034C356
0000838400043FF5
00008306003757D9
00008317001494F3
000083170015D329
00008306003605FD
000083170015D921
00008306003745BD
000083060036357E
0000830600375783
00008306003713BE
0000830600363300
000083060037557D
0000830600362FDC
0000830600374597
0000830600362E86
000083060036323A
0000830600361625
000083060036A0FB
0000830600363DC8
3403043360
00008306003611BD
00008306003618E7
00008306003745D9
0000830600362DB0
0000830600371D61
00008306003630F3
0000830600363548
0000830600362D42
00008306003616FD
3155745021
000083060036249C
00008306003632C1
000083170016CFEF
000083170016D015
000083060036195D
0000830600359634
0000830600362C6C
000083060035B524
000083170015D7C0
000083060036312A
00008306003606E2
0000830600374FFE
000083060037209E
0000830600360675
000083060034BD97
00008306003500B7
000083170013AA58
0000830600362B38
0000830600371FCC
0000830600360527
000083060037472D
0000830600362E1E
00008306003714CB
0000830600361612
00008306003631E9
000083060036D258
0000830600361127
00008306000A8685
0000830600374556
0000830600361738
000083170015D01B
00008306003749AA
00008306003625A4
00008306003634A3
0000830600363470
000083060034DEBA
0000831700139F40
0000831700149C39
0000830600359D0E
000083060036B474
000083060035C8F9
000083060036B48B
00008306003611FB
0000830600374F58
000083170015D22B
0000830600362F86
00008306003618A2
0000830600363598
0000830600371F13
0000830600361220
0000830600362C34
00008306003757D5
000083060025116F
00008317001329F8
000083060037601F
0000830600372023
00008306003610CE
0000830600362B53
0000831700139033
0000831700147024
0000830600363FC2
00008306003632BA
0000830600362789
0000830600375AC5
0000831700149517
00008306003625F2
00008306003755E2
000083060030154B
000083060036073C
0000830600362840
0000830600377CC3
000083060036261D
0000830600366A55
0000830600362608
0000830600375A9B
00008306003747B9
3381303248
0000830600362FBB
0000830600360633
000083060036DB8F
000083170014D653
0000830600362BC3
000083060037512F
000083060035B411
00008306003633E1
00008306002E51EF
000083060037568B
00008306003632D7
000083060034C9E5
3156261175
00008306003630BF
000083060037FAD5
0000830600369299
000083170015F664
0000830600384177
000083060035425E
00008306003606FA
0000830600362C46
000083060036187D
0000830600361244
3156874672
000083060036B473
0000830600374EE1
00008306003524D0
0000830600374F33
0000830600377D5C
0000830600363186
00008306003507A1
000083060035B703
0000830600378941
000083060036194D
00008306003756DD
000083060036302C
00008306003757B8
0000830600375767
000083170015B5B5
0000830600362DAE
000083060036122A
000083060036107D
000083060037504E
00008317000E57F9
000083170014D7C5
000083170015D7B0
0000830600375535
0000831700142E4E
0000831700139044
00008306003631D3
3381648196
000083170014D731
000083060034DE6A
0000830600360501
0000830600377B9B
000083060036DAE4
0000830600362E41
000083060035BBB3
000083170016AEC8
000083170014B232
0000831700136F26
000083060035AA9C
0000831700150163
0000830600354BDB
3153126806
000083170015F4DE
000083060033BC2C
000083060036244D
0000830600360F96
00008306003630A1
000083170014242F
000083060035078A
0000830600369F79
0000830600367EEC
00008306003606AF
000083170015DC43
00008317000E54D3
000083060036358E
0000830600363160
0000831700157196
00008306003637A1
00008306003611FE
0000830600368618
000083060035C7C9
0000830600370B8E
0000830600361983
0000831700149516
000083170011888B
000083060037175A
000083060036388A
000083170015D739
0000830600371B41
0000830600360483
000083060037EEF7
000083170013ABFC
00008306003658A0
00008306003658D6
000083060038AB5B
000083170016BD12
00008306000A6969
0000831700152DE2
0000830600363250
0000830600362C2A
0000830600377B7F
0000830600375D84
0000830600371486
0000830600377B97
000083060036166E
00008306003630CC
0000830600377C89
000083170013FE4F
0000830600369F47
000083060038DC49
0000830600383855
0000830600360651
000083060034DEBF
000083060037AAD3
000083840003C73B
0000830600366F07
000083060037B829
0000830600393872
000083060037E262
000083170013EF3E
0000830600378548
000083060036DD12
0000830600380566
000083060035F923
0000830600381894
000083060036D2AB
0000830600384E08
0000830600383EA2
0000830600365CAC
000083060035B6E0
0000830600360C3B
000083060038ABEE
000083060038E7B4
0000830600377FF7
0000830600372BB1
0000830600385309
0000831700136337
000083170014D53D
0000830600375531
00008306003411FC
0000830600375270
000083170009BFFB
0000831700153DB0
000083060036D202
00008306003708EA
00008317001463E9
000083170016A526
0000831700142F68
00008306003627E9
00008306003760E4
00008306003638F5
000083060037459B
0000831700147B42
000083060038DCB8
00008317000E5C36
000083060035B9FE
3153493967
000083170015DD32
0000830600363275
0000830600363223
000083060038416A
0000830600370EB9
000083060037F974
000083060036F313
00008306003755C5
0000830600370C06
000083170014DE82
00008306003655FC
000083060038E5E6
0000830600373E60
00008306003657DD
0000830600385D7F
0000830600343C30
000083060038ACAD
000083060037024C
000083060036A096
0000830600363430
0000830600370BB8
3381301479
0000830600361169
0000830600349D05
000083060038A956
0000830600354314
0000830600370988
0000830600370206
0000830600370C33
000083060036354E
0000830600362825
2929584983
3381616272
0000830600368333
000083060038AB23
000083060036F5AA
000083060038A094
000083060035AAFE
000083170013D895
000083060034F534
000083170014284C
000083060035BA2D
0000830600365618
000083170016856E
000083170011A04B
0000830600363312
0000830600362B2C
000083060036E8F3
000083060035B6D9
000083060038AAE2
0000830600370207
000083060034A99C
000083060037F075
00008317001251FD
00008317001374F6
000083060036A1E8
0000830600363DCA
00008306003606D1
0000830600370F06
00008306003662B5
0000830600382B7F
000083060036DAFC
00008306003702E9
0000830600362E7E
0000830600385E03
0000830600363620
3381527395
00008306003720CF
00008306003928A5
00008306003686D5
0000830600384294
000083170014EB5E
000083060037EF52
000083060037F0C8
000083170013CC86
0000830600256769
0000830600384F1A
000083060036873A
000083060037D540
0000830600362C2E
0000830600383AA4
00008306003861D6
000083060038119F
0000830600375255
0000830600383AE9
00008306003693C2
00008306003839F1
000083060038405F
000083060037F06A
0000830600364A94
000083060038AB2C
000083170016A360
000083060038388C
000083060037B00F
3381658057
000083060036401F
00008306002EB348
000083060037050A
000083060038535F
0000830600381DF0
000083170013751F
0000830600349C6F
000083060036F691
00008306003852DD
0000830600373F19
0000830600361046
0000830600375F3C
000083170013C781
000083170015D556
000083060036243C
0000830600360710
0000830600362BF0
000083060038E799
0000830600362EEE
000083170014F4BA
00008306003688E0
0000830600383A38
0000830600383B0E
0000830600385686
0000830600370B4F
000083060037177F
00008306003655B4
000083060036B412
000083170015585E
000083060036F636
0000830600381122
0000830600370C8C
000083060037FAA3
0000831700143133
0000830600368349
0000830600370BCD
00008306003818DD
0000830600370BF5
0000830600383536
0000830600364E28
3383127209
0000830600373F92
00008306003851BE
0000830600360712
000083060037DE32
0000830600370FCE
0000830600362E45
0000830600385CBC
00008306003616C1
0000830600381DC1
00008306003757B1
0000830600363E53
000083060037DE43
000083060037306D
0000830600360F7A
000083170016A416
00008306003630D3
000083170009C0A5
000083060037DF18
000083170015941D
0000830600385415
00008306003632DF
0000830600360FCC
00008317001447E5
0000830600362B51
000083060036056C
0000830600363259
000083060038A9F5
000083060036336A
0000830600374981
00008306003709FD
000083060038E7CC
000083060036023C
3381626202
0000830600362C16
0000830600385035
00008306003634FB
0000830600378302
000083060038AABF
0000830600384183
0000830600384615
0000830600385D3E
000083170015E625
000083060038DEE9
3383151583
0000830600367526
0000830600371388
0000830600380B8F
000083170015B6B5
000083060036E9CF
00008306003728C2
0000830600368022
000083060037288F
0000830600370480
000083060038189C
00008306003850CB
0000830600372512
0000830600361F69
000083170013D8AD
000083060036F692
000083060036F5B3
2934322645
0000830600370EEA
0000830600392792
000083060036F6AA
0000830600379D77
0000830600372C79
0000830600371890
000083060036F368
00008317001361AC
00008306003827E5
000083060038E649
000083060038053D
000083060036F3AC
00008306003635E5
0000830600371215
000083060038A703
0000830600361335
0000830600257C80
00008306002542C1
00008306003727A0
0000830600388C55
0000830600381157
0000830600394E49
0000830600363F83
0000830600361556
00008306003859DF
00008306003944D8
000083060035BBF8
0000830600361E30
0000830600365834
00008306003844DF
000083060037D1D6
00008384000693EC
000083060038185D
000083060037A6EE
000083060036E2C0
000083060038D0AE
0000831700139027
000083060036584F
000083060037DE87
000083060037B02E
3057707342
000083060035B28F
000083060037EF6B
0000830600372CE2
0000830600371744
000083170013E562
0000830600380CFC
000083060036176D
0000830600370AA0
000083060037D92D
0000830600367CEE
000083060037F004
0000830600363475
0000830600384F0B
0000830600385CE1
3381540834
000083060037B98D
000083060037FB0B
000083060037035A
00008317001358AF
0000830600385FF8
0000830600366BD5
000083060036ECB4
0000830600384F71
000083170013FC40
0000830600384494
3403048611
000083060037AF4C
000083170016A43B
000083060037AF2C
0000830600373F88
0000830600374099
000083060035F9C9
000083060038EE30
0000830600360E1F
000083170014E98C
0000830600381D85
0000830600385471
3154979906
0000830600384FA7
3381718233
000083060037EA6E
0000830600384F74
0000831700145ADF
00008306002D54F3
00008306003844C1
000083060035F9B7
00008306003740A7
0000830600374039
0000830600367DC9
000083060037174E
000083060037409F
3403049924
000083060037486F
000083060035F905
000083060036EA9C
000083060038AADD
000083060036EF60
000083060037487B
000083170011C63D
0000830600360D8A
0000831700098759
0000830600383B84
000083170016AAC2
000083170015264B
000083060037432C
0000831700132165
000083170016AAA0
000083060036344D
000083060038D6FD
0000831700149C21
000083060038E032
00008306003748CF
00008317000E59DF
000083170014D74C
000083170014F7E7
0000830600361D30
000083170014D60B
0000830600370C7B
0000830600373EAE
0000830600366C6C
000083060036DC05
0000830600373E9B
000083060036F14D
000083060036F192
000083060036F6A6
000083060036E61B
0000830600361D10
000083060035F8D8
00008306003719C2
0000830600362024
0000830600361D17
000083060035251A
000083060037EC7B
0000830600363264
000083060036D0D8
00008306003611D1
0000830600361662
000083170013471C
000083170014B994
000083060037DEF9
000083170016AB0A
0000830600386079
0000830600372C3B
000083060038E7C5
000083170013D686
0000830600385F9A
000083060036F738
000083060035FBFA
0000830600385284
0000830600369420
00008306003928C1
000083060036562B
0000830600381853
000083060036706D
0000830600383A4A
00008306003851F9
0000830600381D81
000083170014E663
000083060037EDF1
000083170016C0DD
0000830600364F8C
0000830600370D8D
000083170016A3A6
0000830600361DDD
0000830600360732
0000830600368761
000083060037EFA6
000083060037DFC3
000083170009B4B5
000083170015DEA8
000083060037D573
0000830600381CB4
0000830600382A6D
000083170016BD46
000083170014F8D5
000083170016ACB0
000083060037D941
0000831700136874
0000831700147D74
00008306003686AB
00008317001513A4
0000830600373EED
0000831700145314
000083170013850A
0000831700142C4B
000083060037B095
0000831700142C69
0000830600367EB0
00008306003845B7
0000830600372BF0
000083170014A55E
0000831700153863
000083170014F86F
0000830600365722
000083170014585E
000083170015C42C
3381555774
0000831700154D9D
000083170011D86B
000083060038434D
0000831700143A3A
000083060036341D
000083170013D861
0000830600368306
000083060036387E
0000830600385EB1
000083060038111E
000083060036F6E3
000083060037A89B
0000831700152A74
0000830600363D7A
000083060037F07B
000083060037F9EC
0000830600370A25
00008306002500E2
000083060035B998
0000830600384041
3381611211
00008306003838A5
000083060037FA9F
0000831700141C0C
000083060037DD69
00008306003693AE
000083060037EEE8
00008306003614D3
000083060037F433
000083060035A529
0000830600349D86
0000830600354C93
0000830600370D3A
000083060036A10E
000083060037B068
000083060036F4F4
000083170015DDAA
000083060037B09A
000083170014AAA3
3403177017
0000830600385E51
0000831700133C80
0000830600362B49
000083060037AE9A
000083060035D519
000083170016980D
0000830600371863
00008306003719F8
0000830600362CFB
000083170013AA18
00008317001434A0
0000830600377E20
0000830600363272
0000830600380EF4
000083170016AB9D
00008317001425F2
0000830600373FFC
000083060038540B
000083060036F15E
000083060035FC29
0000830600382718
000083060036DCA4
00008317001499BA
0000830600385D40
000083170014B2FE
00008306003838BA
000083060037045C
000083060035FB8C
000083060038A9CD
0000830600367C60
0000830600370A58
0000830600385081
000083060036F20E
0000830600367DB3
000083170015DC3B
0000830600383B34
0000830600371A21
000083170015DC42
0000830600381152
0000830600370B35
000083060038AB80
3159155713
000083170015263A
000083060038AB85
000083170015D1C3
00008306003840FB
0000830600381107
0000830600377BB3
00008306003840E2
0000830600383A7A
000083170012542D
000083170013E8ED
000083060037F059
0000830600369FCE
0000831700137538
000083060036935D
00008306003657AB
00008306003671B7
00008306003702A4
000083060038A986
000083060038E400
000083060037024A
0000830600370A2D
0000830600367CCE
0000830600367C6F
0000830600363508
0000830600366D2A
0000830600394C57
00008306003677D4
000083170015FD56
000083060038E770
000083060037044B
00008306000A9905
000083060038E721
000083060035BDD9
3381524607
0000831700147C63
000083170015F3DE
0000830600361122
0000830600386776
00008306003860BB
0000830600370919
00008306003844CF
3381364984
00008306003542EF
000083170013E90B
0000830600385FC5
000083170013AA0B
000083060037AD67
00008306003677D7
0000830600363650
000083060037F8DC
000083170015051A
3156256864
00008306003692A2
000083060037DD09
00008306003844BF
000083060037AFBB
000083060038C5A9
00008306003656E4
000083060037E9AD
000083060038043D
000083060038C7C9
000083060036E604
0000830600371947
0000830600360398
0000830600374943
0000830600373AA7
000083060038EC1B
000083060038275F
000083060038DED6
3403032968
0000830600394FC3
000083060038AA59
000083060037F369
000083060038A37E
0000830600372C7C
000083170015507B
000083060038A3A0
0000830600383DCC
0000830600362D5E
0000830600362E04
0000830600380D34
3383137766
00008306003660BC
000083060036620B
000083060037E9BC
000083060033BA3F
000083060036569A
00008317001384D4
00008306003616A8
00008306003926F3
0000830600363C0E
00008306003662CD
00008306003605F0
000083060038C700
00008306003611A8
0000830600368C65
00008306003756BA
00008306003703BF
000083060037F306
00008306003757A3
000083170016021E
000083060035FB7E
00008306003524CA
00008306003707A1
000083170015D7C3
0000830600396D26
00008317001547A7
000083170015D740
0000831700142C82
0000830600365C7E
0000830600397943
000083060039B14F
3380043565
0000830600360517
0000830600354D47
0000830600372E6F
0000830600371859
00008306003B5EE1
000083060036E5CA
0000830600372E99
0000830600363255
0000831700166DA3
0000830600362E0D
000083060036F1C1
00008306003B9F02
0000830600375686
00008306003606B5
00008306003B8DAA
000083170015105E
00008306003680FD
000083060036810A
000083060038E7A1
0000831700169AD4
0000831700133DE1
00008306003B77BA
00008306003692FD
00008306003959DD
000083060037AD47
00008306003A7F67
00008306003B9947
000083060039709D
00008306003801F1
00008306003838D4
0000830600381C2C
00008306003974ED
000083060039BE5E
0000831700135404
0000830600396FC2
0000830600396E44
00008317000986CA
00008306003807E6
0000830600391218
00008306003B8C39
00008306003B3F41
0000831700155F46
3380237605
00008306003BA31D
000083060037DA75
0000830600396E13
00008306003A44F3
0000831700155CE1
00008306003A1B26
0000830600350E68
0000830600381C42
0000830600370EC7
0000830600396E0C
00008306003AC41B
000083060038028F
0000830600361E1B
00008306003973E2
000083060034B995
00008306003ADAAD
000083060038A16C
00008306003844C0
0000830600389E36
000083060036127C
000083060039BD9C
00008306003ABDBD
00008306003B0DAE
000083060035B708
0000830600362E71
0000831700155107
000083060039BE08
00008306003B7A8B
000083060039C1FC
00008306003B7972
0000830600372BAC
0000830600373A10
000083170013218F
000083060039BD59
00008306003A3258
00008306003AD665
0000830600379D7F
000083060034FD7A
00008306003B89B0
00008306003980BD
00008306003AFB11
00008306003A009B
000083060039DBFB
00008306003B6523
3152311055
00008306003B6552
00008306003B9A98
000083170015C462
00008306003630E8
00008306003989AA
0000831700169924
3435480756
00008306003B5886
00008306003979EF
000083170014F307
000083060039E351
000083170014D257
0000830600398B96
00008306003933C3
000083170013D8CF
0000830600362B3E
0000830600362C59
0000830600398AEA
0000830600397958
3382711403
0000830600396D4F
00008306003BAA03
00008306003BAE11
000083060036F046
00008306003B532C
000083170013D851
00008306003B472A
00008306003B7FCC
0000831700155228
000083170015FA27
00008306003B81F4
00008306003B453A
00008306003B0F0C
00008306003B4657
00008306003BA218
000083170013BA44
0000830600362C18
000083060037A2A6
000083060039891E
000083170013A834
00008306003B4007
3381377007
0000830600363386
000083060039B1CC
00008306003B0A53
00008306003AA85E
00008306003B8C76
00008306003A80D0
000083060039DF03
00008306003B4BEF
0000830600398D27
000083060039897B
000083170014BE5B
000083060038C0AE
000083060039C967
0000830600385C59
00008306003A23F9
000083060039C0A9
0000830600380241
00008306003B7C02
00008306003887F7
000083170014C66B
3155915176
00008306003677FE
000083060039B76A
0000831700148F33
00008306003B6D61
00008306003BAEF1
0000830600383219
000083060039806F
00008306003A31BE
000083840003AE4B
00008306003B9FC3
00008306003B6459
000083060037E8EB
000083060039113B
00008306003B6561
00008306003B53A3
000083060036813E
0000830600382644
0000830600397DC8
00008306003B4666
000083060038118C
00008306003A3478
000083060039ACA0
000083060038ACE8
000083060037130C
00008306003801EF
00008306003708B8
0000838400015A3F
0000830600371230
00008317001337CE
00008306003A4DEF
000083060036332F
0000830600361DB7
00008306003A4DF7
00008306003BB732
00008306003B1F4D
000083060037468E
0000830600363583
000083170016B751
00008306003BAEE7
0000830600354B03
0000830600395A5C
000083170014E415
00008306003B9A80
00008306003B6822
000083060037034F
00008306003953BD
00008306003BA2E2
000083170015374E
000083170016A142
00008306003B9A37
000083060039C497
000083060039708E
3152367497
00008306003B7FB4
00008306003B1081
0000830600380C02
00008306003819F7
000083170014FE08
00008306003A0D82
0000831700134522
000083060038CB48
0000830600361615
00008306003635A5
00008306003B64E1
000083060039A1AE
0000830600366BC6
00008306003ACDC0
000083060038374F
000083170015CD5E
00008306003ADDED
00008306003B74BC
00008306003AC35F
0000830600362C41
00008306003A7540
000083170015D073
00008306003B76DB
00008306003630D2
00008306003BA322
00008306003693CF
000083170015CD1E
00008306003AC0C7
0000830600370E89
00008306003A7C63
000083170016AB54
00008306003B820B
00008306003B789F
0000830600384193
00008306003BA98A
0000831700168558
0000830600380C9D
000083170015D253
00008306003B869E
00008306003BB70C
00008317000AF3D9
00008306003B7459
0000830600371A41
00008306003B5462
0000830600396EF7
00008306003BA332
000083060035B6FF
00008306003B9E5E
0000830600381153
00008306003ABBC9
00008306003B6366
3381540633
0000830600383A57
00008306003BB625
000083170015D4E8
00008306003ABCEC
00008306003B5E5D
000083060037FEA0
00008306003B3CE4
00008306003AF68E
00008306003A619E
000083060039E30B
00008306003A2CD2
0000830600395974
000083170013E8C8
0000830600397F12
00008306003AC371
00008306003AC2A8
0000830600370CB1
0000831700168F85
000083170014A4E8
0000830600398ACC
00008306003B78BD
00008317001510DB
2934680520
00008306003AD163
000083170016BCAC
000083170015528F
3152915505
00008306003B16CA
0000830600398C66
0000830600397FB1
000083060037E79B
00008306003B9FD8
00008306003BA8C0
00008306003BA99D
00008306003BAED0
00008317000AE250
0000830600396D49
000083060039F59B
00008306003B4434
000083060039A21F
00008306003996B0
00008306003980FC
000083060039C35B
0000830600371316
00008306003A6189
00008306003ACE94
000083170014E487
00008306003B7495
000083060039A229
0000830600389714
00008306003A196D
0000830600371248
000083060039AFFB
00008306003B81ED
000083060039805D
00008306003682F2
00008306003B0FAF
000083060037088E
00008306003B55C4
00008306003B9F54
0000830600370C4A
0000830600398009
00008306003A5B45
00008306003712F2
00008306003B41EC
00008306003B5258
00008306003647EF
00008306003A7E26
0000830600396C5D
0000830600399482
00008306003BA040
0000830600381B90
00008306002FD1B4
000083170013A0E1
00008306003B41B6
0000831700149C32
000083060037CF60
000083060036969E
00008306003B9FEE
000083060038455F
000083060039C1D4
000083060039C866
00008306003B45A5
000083060036336D
00008306003A5F9D
0000830600381BAA
0000831700141F97
3382282297
0000830600398AD5
000083170015683E
00008306003BAF0E
0000831700148F01
00008306000A9B0B
0000830600393883
00008306003B9FBC
00008306003B9FFC
00008306003BA9A1
00008306003A31C1
000083060039337E
000083170013BD60
000083170014F672
00008306003B54DD
000083170015D742
0000831700168D37
000083060039896D
0000831700154EB6
00008306003985D1
00008306003989EB
00008306003710E4
000083060039E4DF
000083170015CF08
000083170013FD45
000083060038025B
00008306003B6837
0000830600396C77
000083170015CF9E
00008306003B8CBD
00008306003A0DF3
00008306003B54BE
0000830600375774
00008306003A88F2
000083060036325E
00008306003BA284
00008306003BA303
00008317001424F8
00008306003B44D3
00008306003BAEDA
00008306003989B6
0000830600396C6D
000083060039D8FF
00008306003A0E0F
00008306003891F6
000083060036228E
0000830600396CBA
3380734940
0000830600381B96
00008306003BA408
000083060036338B
0000830600396D2D
00008306003AC2F8
0000830600381B97
00008306003B4486
0000830600371218
00008306003A8786
00008306003BA8CA
00008306003B678D
00008306003B817D
000083060036350F
00008306003B731B
00008306003BA868
00008306003756CE
00008384000611ED
00008306003B46D1
0000830600383654
00008306003A2D01
000083170014F3C7
00008306003B65F4
000083060039AF33
0000830600396D29
00008317001483C5
000083170014D233
000083170011A5CD
00008306003A5BAC
00008306003A5F83
000083170015CF24
000083170013B07C
0000831700142B17
000083170013B60E
00008317000E5CDF
3062521305
0000831700147044
00008306003836C8
00008306003B9E58
00008306003BAEFD
00008306003AC04C
00008306003B8C42
0000830600383951
0000830600381C3D
0000830600357B7F
0000831700166D4B
00008306003B4DFE
00008306003A7E07
000083060039C361
00008306003BAEDD
00008306003ACACE
00008306003AB43A
00008306003A5D0C
000083170014B536
0000831700151092
0000830600384205
00008306003B4456
00008306003BB72F
00008306003B6634
00008306003B43E0
000083170014B223
000083060038007B
00008306003959E9
00008306003B4687
00008306003A5DB7
00008306003BB6C2
0000830600371261
000083060039957B
000083060039BDD9
0000838400009530
0000838400006347
000083840000B21D
000083840000275C
000083840000AF58
00008306003BA3AE
00008384000097B6
000083840000B00D
000083840000980A
0000838400008D5F
000083840000AB7D
00008384000067C7
00008306003B4A1B
0000838400007852
0000838400009936
000083840000676B
000083840000891F
00008306003979A0
00008306003AC97C
00008384000067A4
000083170013637C
000083840000611D
00008384000063D8
0000838400006625
000083840000B02E
0000838400008CCE
00008384000089A3
0000838400007843
000083840000647D
0000838400008D36
00008384000065B8
0000838400008AA0
00008384000065F6
00008384000061DC
0000838400002606
000083060038AAC7
0000838400008A37
0000830600382E61
000083840000B1BF
000083170014C466
000083840000B495
0000838400009D88
0000838400008D16
000083840000B29F
0000831700153A2B
00008306003BA93A
0000830600383B88
000083060036125F
00008317000E4E24
00008306003BB282
00008306003A90A6
3403176205
0000830600366FAA
00008384000066BE
00008306003B668D
0000838400009DF0
0000830600383549
00008384000065FC
0000838400002523
00008306003A5ED7
000083060039E41D
00008306003994F3
000083170014EBF5
000083840000DEDC
0000838400011265
00008306003A8DC0
0000838400009540
00008384000112C2
0000838400006416
00008384000028BD
00008384000087D1
00008306003B81F8
000083060039AEBE
0000838400008861
00008384000089CF
000083840000DD2D
0000838400002638
0000838400009DCB
00008306003921BF
00008384000027E5
000083840000690A
0000830600396F59
00008384000066C7
000083060039C356
000083840000CEFB
000083840000246E
00008384000025FD
000083170013CD8A
0000830600395A61
0000838400002633
000083060035132A
00008306003611CB
000083170009B3AF
00008384000021F1
000083060034DE3F
000083170014EF82
000083840001125F
000083840000E315
0000831700158855
0000830600397484
000083170015DE5C
000083840000CEAF
000083840000D3E0
00008306003930CD
000083170014EA89
000083840000ACC2
0000830600371255
00008384000064F8
000083840000769D
00008317001428F1
0000830600392007
000083840000B053
000083840001121D
00008317001384D5
000083840000A30C
00008306003B51ED
000083840000D0A0
00008306003A0DEE
00008306003B5E79
00008306003BA3F0
000083170015DB7F
00008306003A32D4
000083840000876A
000083840000DC2E
000083840000778A
00008384000022A0
0000838400008B04
0000838400000E1E
000083840000B035
000083840000569E
000083840000DB88
3152780954
0000838400011A06
000083840000A2AC
000083840000B1A1
0000830600371A32
0000838400005611
000083840000989E
000083170014818F
00008384000025E2
0000838400008A9F
000083840000ACD6
0000830600384F25
000083170015387B
000083840000745D
3380995403
000083170013D891
000083840000CF22
000083840000CB01
000083840000A2E4
0000838400007AB8
000083840000F118
0000838400006DB7
000083840000809E
000083840000A3D4
000083840000B2FB
0000838400006D79
0000838400006D31
00008306003BA334
000083840000DB86
0000838400006799
0000838400006E01
0000838400009E77
0000838400006F22
00008384000099A1
00008384000065C2
000083840000709F
0000838400005B01
00008306003B51A7
0000838400007740
000083840000B271
0000838400007A52
0000838400006836
0000838400000987
00008384000113A1
00008384000062BF
0000830600369416
000083840000B383
0000838400006436
0000838400011A76
000083170014AB09
000083840000AFC7
00008384000076AD
000083840000CD59
000083840000285A
0000830600395A95
0000831700155064
00008384000068DB
000083840000695B
000083840000770B
0000838400007027
0000838400006876
000083840000C998
000083840000261E
00008306003B74DB
000083840000DF5E
0000838400006296
000083060039E473
0000838400007494
00008306002FD192
000083060034DD6A
000083170014E423
00008306003B7D4A
00008384000070ED
00008384000087F5
0000838400008C07
000083170011C642
3381988631
00008384000076E1
00008384000070A8
000083840000CF0B
000083840000A173
000083170015D19A
000083840000A1DB
00008384000025F7
0000831700166DF8
000083170013F9C5
0000831700155D16
000083060038B24B
0000830600380290
00008306003BA2E6
000083840000CC24
000083060039F2B7
0000830600396D6A
000083840000281D
000083840000D2D2
000083840003AE6B
00008384000066FD
000083170014D787
00008384000088FF
0000838400008CD2
0000838400002455
00008306002542D5
3153179455
0000838400008ABE
000083840000B2D6
0000838400008AB6
00008306003B54AE
0000838400006459
0000838400008B69
0000838400006391
000083840000564B
000083840000684F
000083840000B057
00008317001471D1
00008384000063AF
00008306003B442E
00008306003A697C
000083060036186A
00008384000014B3
00008306003755DF
00008384000026F5
0000830600362C64
00008306003B676E
0000838400008C8A
00008384000097EE
00008384000066FE
00008306003B0AC5
00008306003B5E76
000083170013D7E4
0000838400008AF0
0000838400007259
00008306003B9F6F
0000838400008AB8
3381566559
0000838400008D07
0000838400006F67
000083170013D8BE
000083840000566E
3403035828
00008306003B271D
000083060039A26F
000083840000A305
0000830600398BB2
00008306003A6185
0000838400008B7C
000083840000CD00
000083840000E5B0
00008384000077BB
0000831700153E6B
000083170014697E
0000831700149451
000083840000622A
0000838400007299
000083170014A560
000083170009B3E9
000083060036105E
000083840000CD24
000083840000D09E
000083840000D124
000083840000745B
0000831700139511
000083840000CEDA
000083840000231D
0000831700124070
000083840000638F
0000830600361034
000083840000D4E7
0000838400007587
000083840000D4C8
000083060039BF1D
000083840000587D
000083840000B5B2
0000830600380211
0000831700146BC4
000083840000B520
000083060038DAE7
000083840000724C
0000831700158594
0000831700133E3C
3380957868
000083840000AC74
00008306003AD0CE
00008384000088A3
00008306003AC9ED
00008317001447CA
00008317001430F5
0000831700144A8C
000083170013D887
00008317001320FE
000083170013D6E3
00008306003B785C
00008306003975B0
000083840000B0C1
00008306003B7CE1
00008306003ACF7E
0000830600398A4F
0000830600374953
0000838400007316
000083840000CD9A
000083170015DA3F
000083170013E848
00008306003AFAB8
000083170016A584
0000830600363242
00008306003A95E9
00008306003AC1F7
00008306003A2CCE
0000838400008A71
0000831700133651
0000831700133554
000083170015165F
0000838400006BF1
00008384000113CE
00008384000074D3
00008317001552BA
00008306003A8828
000083170016A1D4
0000831700154E0F
0000831700169AEF
000083170016022C
000083840000CA97
3383114651
000083840000DE5B
0000838400007041
000083170009B2DA
00008306003B4074
000083170015DE7C
0000830600361297
0000838400008D4B
00008384000078B1
00008306003A7922
0000831700156002
0000831700118FF8
00008384000077D7
000083840000AD27
000083170015D6B3
0000831700159D05
0000831700155077
0000838400008BF7
000083170015D74D
0000830600362BD4
000083170015F3CE
0000831700155DAA
0000831700158489
00008306003B457E
000083170014C562
000083170015370A
0000831700133FAF
000083170014EFA4
0000838400007397
00008306003B5C30
00008306003B4FFB
00008306003A77E0
000083840001171D
000083840000CE25
000083840000CAB7
0000838400002769
000083060039786E
00008306003ACE9A
000083060039D90B
00008306003A6E17
000083060038524F
0000831700139532
000083060039D990
00008306003B8CEF
00008384000097E0
0000831700136B77
00008384000110FC
0000831700166C7A
0000831700149440
000083170013E896
000083170015CE92
000083170013DE95
000083840000D380
0000838400001380
0000838400001521
00008384000097CD
00008384000073CC
000083170015B3C4
000083170014A5BB
000083060039D6E6
000083170013FA4D
000083840000A138
00008306003B436C
000083060038CFA6
000083840000888A
000083060039785B
000083840000229D
000083840000717E
0000830600396E29
00008306003B3C62
00008306003B9913
00008306003BA93F
0000831700159BDD
0000831700150B56
000083170013404C
000083170013B621
0000831700132A82
0000831700157E70
0000831700145DE1
000083170015D99D
000083170015F3B0
000083170016B49C
000083170016905B
3159087822
0000831700169033
00008317001445E6
0000831700151966
0000831700169344
000083170016A2BD
000083170016A5E3
0000831700169385
000083170016BD2B
0000831700168DF3
0000831700133FEC
0000831700168FBE
000083170016906E
0000831700160434
0000831700148EA9
000083170014D6D1
000083170013CAF9
0000831700141514
000083170013EFED
0000831700153783
00008317001499BF
0000831700136859
000083170015F3C9
0000831700142D31
0000831700154200
0000831700135F3D
000083840000B1AC
000083170013BA77
0000831700151661
0000831700135F61
0000831700137E5A
000083170015FE32
000083170014476C
000083170015A2FA
000083170014AA31
000083170013F0A1
0000831700147039
00008317001424F1
000083170015DEB6
000083170014E43D
000083170014D728
0000831700139AE8
000083170014D758
000083170014E049
00008317001384DC
000083170014D66E
0000831700157CB4
000083170014EFF3
3381656638
000083170015EBBB
000083170014E444
0000831700150151
000083170014D662
0000831700135AB6
000083170014E041
000083170014F3B1
0000831700135ACE
000083170013FC1C
00008317001499D2
000083170011E851
000083170014299C
000083170014E41A
000083170014F4DD
000083170013BA4E
000083170014E61E
000083170014D7A8
0000830600250D3F
000083170013EF1F
0000838400008949
000083840000D35C
000083840000ADDE
00008384000025C5
00008384000070AC
000083840000B07E
00008306003A60D2
00008306003AF6CC
00008306003B3DD9
00008306003B742E
00008306003ACCC2
000083840000D4D6
000083840000265A
000083170013CBDA
0000831700147C72
0000830600362B21
000083840000ADF5
00008384000087BC
000083170015F75F
000083170015D5F1
0000831700155D0A
000083170009B490
000083840000DD1C
000083170015DA05
000083840000D522
0000831700159418
0000831700151398
000083170009B2DB
000083170015D6CC
000083170014EC84
000083170015704D
000083170014C581
000083170014BB80
00008306003B43AA
000083840000CF56
00008306003A5EF0
00008384000064AC
000083840000CD7B
0000838400006F38
000083840000CBB3
0000838400006F92
000083840000254F
00008384000077ED
000083060037E80A
00008384000088B1
000083840000D383
00008306003918CC
000083170011A539
000083170014411C
0000831700135AD7
00008317001360B0
00008306000A39EA
000083170016BD20
00008306000A2F65
000083170013CC9E
000083170009B280
00008317001439ED
000083170014A4FE
0000838400006491
000083170016ABBD
00008306003BB6A9
00008384000068EF
00008384000088FD
00008306003B86A4
00008306003AC77C
00008306003B6580
000083840000746F
00008306003B4F0C
000083840000B3EC
0000838400008D06
000083840000B468
000083060036101F
0000830600257472
00008306002558ED
00008306002554B6
00008306000A67F5
0000831700139FF1
000083170014D9A2
000083170013788A
0000830600250D0B
000083060024FB84
0000831700139FE7
000083170015BF24
000083170013FD30
0000831700143614
0000831700143127
0000838400009990
00008306003B666D
000083840000B321
00008384000025C6
000083840000A386
00008306003B9FC9
0000838400006453
0000838400008956
000083840000AD8D
0000838400002851
000083840000A0CD
00008306003A0DBD
00008306003B9EBF
000083060039C108
000083060039DD18
00008306003B5475
00008306003AC94B
00008306003A5BA4
00008306003B544B
00008306003BA87F
00008306003BA429
000083170013243C
0000838400008C9F
0000831700156F24
000083170013A7FC
00008317001321CF
000083170013B309
000083170015549F
00008384000061C6
0000831700155384
000083170014DA90
000083170013FBA6
0000838400008B7D
000083840000B34E
000083840000A297
0000838400006727
00008306003BA8CB
00008384000027EB
00008384000112A5
0000831700142D59
000083840000B43D
000083840000B09C
000083840000B3FD
000083840000AE95
00008306003B8D8D
000083840000716D
000083840000B347
000083840000AC9B
0000838400007651
0000838400011AE8
000083840000ACFA
0000838400007500
000083840000A1D9
00008306002566F3
000083840000B40C
000083170015CF54
00008384000028B2
000083170015DDA6
0000830600350D35
00008384000076D3
3153044060
000083840000255C
00008384000062E8
00008306003B209E
0000838400009522
0000838400008C46
00008306003BA9E7
000083840000A1B0
0000838400008B33
00008384000089B3
0000838400008B87
000083840000641A
000083840000AD8C
000083840000263A
000083840003C870
000083840000A2E7
00008384000088A7
0000838400008CAC
0000838400006437
0000838400006519
00008384000064D3
00008306003B80F7
000083840000AF42
000083840000B467
000083840000CE70
0000838400008CBC
0000838400007678
00008306003B8C52
000083840000148F
0000838400001504
000083840000887F
000083840000AC01
000083840000B4BC
000083840000664A
0000838400011107
00008384000009E9
000083840000B3B4
000083840000243B
00008384000023C0
000083840000B4F2
000083840000AFC8
000083840000D489
00008384000069A1
00008306003A0E1F
000083840000DE61
000083840000B365
00008384000098FB
000083840000B3A4
0000838400006F65
00008384000087A0
000083840000DD50
000083840000D4EA
00008384000014A0
000083840000D3D4
000083840000243A
000083840000D3E3
00008306003B4402
000083840000CDCF
0000838400011507
0000838400006C10
000083840001193B
00008384000021D3
000083840000ADF2
000083840000241D
00008384000011D4
000083840000CDE6
00008384000099A5
00008384000009CC
000083840000D35F
00008384000072D6
0000838400007709
0000838400000E98
00008384000088E0
0000838400006C4B
0000838400007822
00008384000111E2
000083840000E5CB
3381619734
0000838400001B96
3435427790
0000838400006DAD
0000838400011AB8
000083840000A0B0
00008384000079E0
000083840000DA98
000083840000A4DD
00008306003BB71D
00008317000E6B8A
3380085223
000083840000750D
00008384000024C6
00008384000077E8
000083840000CAC2
000083840000B153
0000838400007382
0000838400007185
0000838400006419
000083840000D248
0000838400008D1C
00008384000026A3
000083840000699D
000083840000CEF6
000083840000B327
0000838400007823
00008384000025EA
0000838400006628
0000838400007755
00008384000023A1
000083840000D52F
0000838400008A0B
000083840000667A
000083170015F454
000083840000D0E4
00008384000027D9
000083840000CD9C
00008384000028C4
0000838400011255
00008384000014F5
000083840000133B
0000831700142C78
000083840000A12A
000083840000A1AF
00008384000026E0
0000838400008C8C
00008306003970B9
0000838400008D12
0000838400008849
0000838400009897
0000838400008A8F
000083840000649A
0000838400009539
0000838400009E00
000083840000DEA0
0000838400001BCF
000083840000E63B
000083840001110B
00008384000072AE
000083170013C17E
000083840000A1AB
00008306003BA003
000083840000A532
0000838400008C77
00008384000025EB
000083840000856A
0000838400002404
000083840000A38D
0000838400009989
000083840000AFC9
000083840000CA00
000083840000137C
000083840000AC13
3381458132
0000831700147AEE
000083840000A340
000083840000B060
00008306003BA960
000083840000AE7F
000083840000D33D
0000838400007F52
000083840000683E
000083840000F080
000083840000D48D
0000831700151076
0000838400006660
000083840000780F
3382611501
000083840000B44F
000083840000DC04
0000838400007614
000083840000B295
000083840000278C
000083840000565A
00008384000065E1
0000838400008A48
00008384000110E8
000083840000A1D3
000083840000B046
000083840000AD92
00008384000077C0
000083840000B3E2
00008306003BA8C2
000083840001137A
000083840000646C
0000831700142D47
000083840000CC25
00008384000075E9
000083840000755D
0000838400011608
000083840000E631
00008317000B206D
000083840000A0DB
000083840000A149
000083840000B1B4
0000838400001C0D
000083840000563C
0000830600300713
00008384000066E7
00008384000088E2
000083840000DCD4
3381642649
0000838400006182
0000838400009802
0000838400001244
000083840000DAEF
00008384000084BA
000083840000852F
0000838400007B1D
0000838400006608
00008384000113C7
0000838400007834
000083840000F0AC
000083840000B599
00008384000147E2
000083840000D863
0000838400011536
0000838400006E8E
00008384000077EC
0000838400006E1C
0000838400009992
0000838400062D67
000083840000CB2D
000083840000A122
0000838400006C88
0000838400001639
0000838400007A6B
3381512027
00008384000020B4
00008317001385BB
0000838400009521
000083170015DC37
0000838400009832
00008306003711B7
0000838400007636
000083840000A1B4
0000838400000FB5
3381613634
000083840000B493
00008384000064F3
00008384000022F8
0000838400009935
0000838400008946
000083840000B074
0000838400008C16
000083840000AE48
0000838400006606
0000838400006BE9
000083840000D441
00008384000027B3
0000831700151387
000083840000E641
00008384000074FA
00008384000014AF
000083060039C2FB
0000838400006D7A
000083840000AC60
000083840000A242
000083840000D371
3403172829
000083840000DCF5
000083840000951C
000083840000ADFE
0000838400011A1C
000083840000A3A2
00008384000111DF
00008384000074BF
00008384000077AB
000083840000AC86
000083840000267B
0000838400002407
00008384000098F6
000083840000C9AC
000083840000E612
000083840001114B
000083840000D2C5
000083840000B320
0000838400009791
000083840000AD5E
000083840000610E
000083840000ACAF
000083840000B209
000083840000A2C2
0000838400011A59
000083840000750E
000083840000AE04
0000838400006D66
000083840000CDFC
00008384000062F1
000083840000203C
000083840000AC06
3153082700
000083840000DCBC
000083840000160E
00008384000098AA
00008384000097F4
000083840000A4FA
0000838400002316
0000830600396E2F
000083840000CF58
000083840000255F
000083840000643F
000083840000AE26
000083840000CD1D
00008384000077D4
0000838400001627
000083840000CF69
0000838400009841
0000838400009813
00008384000061C7
000083840000629C
0000838400007A79
0000838400000935
00008317001527EF
000083840000259F
000083840000774D
000083840000B4E7
000083840000A36E
00008384000087DC
000083840000A21C
000083840000791F
000083840000B11E
000083170014C165
00008384000119A1
00008384000056BA
0000838400011AD8
0000831700149484
000083840000656F
000083840000CEA5
00008384000013B0
000083170016A3F8
2934581274
000083840000D34A
00008384000111BC
00008384000110F5
0000838400007469
00008384000027E1
000083840000AE22
000083840000AF19
000083840000A1D6
000083840000CDED
000083840000A4D3
000083840000A4F2
0000838400007ACC
00008317001465FC
000083840001481B
0000838400006B39
0000838400007E74
000083170011C61D
0000831700136BAB
00008306003A77DF
000083840000A24D
0000838400007875
0000838400007EC1
3403040855
000083840000A117
000083840000A2FF
0000830600397E3E
0000838400009657
3381566264
00008306003B3FDE
00008384000078D4
0000830600385760
3383116587
000083840000DD24
000083840000AE2C
0000838400001325
000083840000AE73
000083840000A1A2
000083840000AEE1
00008384000461F4
0000831700133FB5
000083170014579E
00008384000438C6
00008384000464D7
00008384000062CE
000083840004472F
00008306002EB385
000083840004405D
0000838400000B21
00008384000015E0
00008384000015A4
000083840000B11C
0000838400043F8E
000083840000A3B2
000083840000C9C7
000083840003F22B
0000838400043222
00008384000462A4
0000838400045A89
00008384000471D6
00008384000333D1
0000838400045DE9
000083840000B01C
0000838400043A25
0000838400047ED4
000083840003F21D
0000838400048107
0000838400039D2A
000083840003D87C
0000838400045114
00008384000445A1
000083840000128C
00008384000454E7
0000838400045B53
0000838400045CEE
0000838400045A5E
0000838400045AD1
000083840004807E
0000838400047EF6
00008384000454F2
0000838400047F0D
00008384000464B5
0000838400045AD6
00008384000073E2
00008384000464DA
0000838400045BBB
0000838400045602
0000838400045E40
00008384000464D6
0000838400041CAE
0000838400045697
0000838400045B6C
00008384000454FD
0000838400040499
000083840003AA17
00008384000457D6
00008384000464A4
0000838400042667
000083840004579F
0000838400045684
0000838400045777
00008384000456FE
0000838400042E5B
0000838400006853
0000838400043BDF
00008384000453A5
000083840004592F
000083840004359A
000083840004848D
000083840004565C
000083840004405A
000083840003EEBF
000083840004573D
00008384000456B5
0000838400045E3C
0000838400043726
00008384000457BC
0000838400048012
000083840004453C
0000838400045911
0000838400045A7D
0000838400047FA4
000083840003D902
00008384000480D2
0000838400043589
0000838400048505
000083840004646C
0000838400046A3A
0000838400045794
0000838400045795
0000838400008C98
000083840004590F
0000838400006455
0000838400045BEC
000083840004356D
0000838400008C3A
000083840004456F
000083840004627E
0000838400046770
000083840004555E
0000838400045949
00008384000458E9
00008384000458FA
00008384000437A3
0000838400045A76
00008384000459FB
0000838400045908
000083840003EF65
0000838400045980
0000838400046109
0000838400045ACF
0000838400041C75
0000838400045975
00008384000467AD
000083840004342B
00008384000434E6
00008384000467AB
00008384000471D7
0000838400040DFD
0000838400046782
00008384000446E1
0000838400044551
000083840004526A
0000838400045481
00008384000453A4
0000838400043739
00008384000444E5
000083840003EE58
0000838400047EB6
0000838400045226
3381561743
000083840003EE8C
00008384000442A4
0000838400042524
000083840004425B
0000838400001337
0000838400043FB3
0000838400042B54
000083170016ABD8
0000838400043E12
000083840004582C
000083840004413B
0000838400044081
00008384000458F5
00008384000426C3
000083840004526E
0000838400043FC5
0000838400044045
0000838400044318
000083840004761D
000083840000889D
0000838400043F5B
000083840004540A
00008384000471F2
000083840003B2E1
0000838400041CC8
0000838400045BAB
0000838400045BF1
0000838400044534
0000838400045A4C
000083840004262E
0000838400045498
00008384000455D9
0000838400039A9A
0000838400041C7C
0000838400042FCC
00008306003A7E7A
000083840003EF86
000083840004430B
0000838400045B57
00008384000456AD
0000838400045B6D
0000838400046496
000083840004346F
000083840003AFEA
000083840003EF1A
0000838400046A4C
000083840003EE43
00008384000453EB
0000838400041CC1
000083840000AC39
00008384000456D5
00008384000464A7
0000838400045B4D
0000838400046430
000083840003EF58
00008384000457AC
0000838400045635
00008384000464B9
0000838400041846
0000838400045B49
0000838400044620
000083840004368F
00008384000469A2
000083840004421F
0000838400042C3F
0000838400045939
0000838400046027
00008384000485AB
0000838400043B7A
000083840004467A
0000838400046977
0000838400045F4B
00008384000475B6
0000838400043159
00008384000484FA
0000838400043DD4
2934826809
0000838400046229
00008384000475C9
000083840000B03E
0000838400043B97
0000838400042D8B
0000838400045C32
00008384000442B8
0000838400009E7F
00008306002C05B7
00008384000480CD
0000838400044741
0000838400043688
00008384000435D3
000083840004613D
0000838400041C8B
00008384000464E0
0000838400044743
000083840004577E
000083840004356F
000083840004582A
000083840004566E
00008384000431AF
0000838400045729
0000838400045411
0000838400041CD9
00008384000435F5
0000838400046414
0000838400047F85
0000838400045DCD
00008384000439C4
000083840004360E
0000838400045618
0000838400043687
000083840004567A
0000838400043B69
0000838400045252
000083840003DE64
000083840003EE51
0000838400045F99
0000838400042EF5
0000838400043645
0000838400042D3C
0000838400045154
000083840004364B
000083840004324E
000083840001831D
0000838400042A3E
0000838400045AB8
0000838400045CA3
00008384000440C4
00008384000450DB
0000838400044286
000083840004474D
0000838400046A17
0000838400043B01
0000838400045584
0000838400042979
0000838400042970
00008384000471B1
0000838400042B2F
0000838400042A46
00008384000461BE
00008384000445A6
0000838400046219
0000838400042FF4
00008384000427F1
0000838400045B51
000083840004570F
000083840003A7D3
0000838400047EE1
0000838400042FC1
0000838400043AE3
0000838400008C2C
0000838400009E57
0000838400043FEE
0000838400044005
0000838400042AEA
000083840004568C
0000838400045482
0000838400042F38
0000838400043DE7
0000838400044092
000083840004547E
0000838400047F5F
0000838400047903
000083840004576F
0000838400043F24
0000838400045743
000083840003EF9F
0000838400045B20
00008384000475B9
000083840003EFA0
00008384000453D6
00008384000060FF
0000838400047932
0000838400045659
0000838400045BD2
000083840004564E
0000838400047F25
3156889695
0000838400043FD7
000083840004583B
00008384000064D4
00008384000452F7
0000838400044148
000083840004436B
0000838400044425
0000838400045AFD
0000838400043F1F
000083840000B045
000083840004400F
0000838400046046
0000838400043A9D
000083840004353F
3381319071
0000838400045184
0000838400006331
0000838400047E71
0000838400046419
000083840004317A
000083840000B4A3
000083840004569F
0000838400045B1B
0000838400045922
00008384000457FF
0000838400047F22
00008384000454DF
00008384000454F0
00008384000455F9
0000838400047F2A
000083840000B4D6
0000838400045899
0000838400045881
0000838400045962
00008384000457EA
00008384000455C0
000083840004598C
0000838400041CC4
0000838400043A23
0000838400045B26
0000838400044601
000083840004649A
00008306002566D7
000083840000653F
000083840004866C
00008384000445D2
0000838400043994
0000838400009896
0000838400045B3B
00008384000425E8
00008384000435FC
0000838400044389
0000838400009877
000083840004437E
00008306000A990D
0000838400043740
0000838400045ADC
000083170014E046
0000838400045478
0000830600250D3E
0000838400047F66
3152431125
00008384000480CF
0000838400008D3E
0000838400046107
000083840001120A
0000838400007811
000083840000645C
0000838400006200
00008384000064F9
0000838400041C90
0000838400043AFB
0000838400043621
00008384000055D1
000083840000AE3E
0000838400011A5B
00008384000027B0
000083840000ABFF
0000838400007644
00008384000484CB
00008384000435AA
00008384000434D1
00008384000445A7
0000838400011124
000083840000A22D
00008384000076EA
0000838400043A86
000083840004644B
000083840000AEDD
000083840004578B
000083840000D08C
000083840004292C
00008384000464D1
000083840000AD87
0000838400046A42
00008384000435C9
0000838400045DF8
000083840000A59C
0000838400045860
0000838400011261
3156259863
0000838400008D1B
0000838400047173
000083840000AE1D
000083840000713B
0000838400002331
00008384000112B3
0000831700154CF7
3063171240
0000838400011A0D
0000838400011ABC
0000838400000E23
000083840000742C
000083840000AD7F
000083840000243C
000083840000ADCD
0000838400001423
00008384000027B6
3153305242
0000830600352513
00008384000062D3
00008384000088B7
3150209440
00008384000457CC
00008384000464E9
0000831700150446
0000838400009533
0000838400008C68
000083840000A0CE
000083840000DCA9
00008384000436C5
00008384000067BB
000083840000CB2C
000083840000AD17
000083840000B3B3
0000838400018CBF
000083840000A0BC
2934322603
0000838400043024
2938634204
0000838400006EF2
000083840000CA0A
000083840000A0B9
00008384000056A6
0000831700143A13
0000838400008A88
0000838400008890
0000838400043A44
0000838400045B58
000083840004859C
0000838400008ABB
0000838400002708
000083840000B1E6
000083840004460E
000083840000A157
00008384000065AB
0000838400045767
0000830600362B14
0000838400008D26
000083170014950D
0000838400008C67
000083840000257D
0000838400009E7A
3381621476
000083840000AD4D
00008384000023CD
0000831700154C82
3381526930
000083840000CCBF
0000838400008CFA
0000838400008837
000083840000AD66
000083840000AE02
00008384000112FE
000083840000AD72
000083840000649C
0000838400000BAF
000083840000D318
00008384000063DC
000083840000A341
00008384000023A4
00008384000087D6
000083840000775C
000083840000718B
000083840000B03A
00008384000070C0
0000830600360583
00008384000026A2
000083170015D303
0000838400008873
000083840000712C
0000838400008A40
0000838400002440
0000838400009DA3
000083840000AE51
000083840000627E
0000838400005CD5
000083840000B150
000083840000B121
000083840000B1BC
000083840000A24A
000083840000644E
0000838400002872
00008384000098EB
0000838400011155
000083060036328E
0000838400006586
000083840000CF19
0000838400001296
2934582127
0000838400009988
00008384000071F4
000083840000247E
00008384000110DD
000083840000703B
0000838400006121
00008384000098B1
00008384000089D2
3057944332
0000838400005608
00008384000461D7
0000838400048667
000083840000AEB8
0000838400008A7C
0000838400008A1F
0000838400006A00
0000838400044727
0000838400007F40
00008384000063DB
000083840000774A
00008384000026B0
000083840000B2D1
000083840000AE39
00008317000AF33F
0000838400002654
0000838400008B56
000083840000B239
000083840000AE84
000083840000AE16
000083840004850D
0000838400008C6A
000083840001AC54
0000838400008D6E
0000838400006691
3381701042
000083840000E5CA
0000838400007006
000083840000754D
0000838400059C12
0000838400006687
0000838400008B5A
0000830600362D1A
0000838400008BFC
000083840004472D
0000838400007682
0000838400008993
0000838400001524
00008384000009AF
0000831700166DA9
000083840000AFEC
000083170014D136
00008384000076C4
0000838400002517
00008384000013FF
00008384000012D7
0000838400002472
0000838400008959
0000831700166DD0
000083840000E591
3435382120
00008384000025B1
00008384000055E9
000083840000B4DD
0000838400009856
0000838400008C86
0000838400008C99
0000838400002869
00008384000087AD
0000838400008BAC
000083840000273F
000083840000DD22
0000838400011576
00008384000076D4
000083840000D406
0000838400001511
2941241670
000083840000AD62
000083840000C962
00008384000098A5
00008384000026D2
00008384000061D4
00008384000098B2
3381621522
000083840000CB53
000083840000AEC1
00008317001488AC
000083840000CB8F
00008384000027D4
000083170015CE33
00008384000066CD
0000838400000E79
0000838400007489
3381621891
000083840000AED6
2931986030
0000838400006304
3403032930
000083840000B113
000083840000A30A
0000838400009E2D
0000838400009513
0000831700140692
000083840005491C
00008317001579FD
0000831700150499
0000838400058D3E
0000838400008BCC
00008384000024C0
0000838400058CB4
0000838400058EB8
0000838400009971
000083840005301E
000083840005488B
0000838400047C43
0000838400054A58
0000838400046658
0000838400047A8E
0000838400048B7A
0000838400053057
000083840000B067
0000838400043ABC
0000838400048D71
3381702668
0000838400008C84
000083840004897E
0000838400043B00
0000838400047C57
0000838400048AF1
0000838400048845
000083840004875C
000083840000B331
0000838400047B19
0000838400048AF6
000083840004918D
000083840004031E
0000838400047439
000083840000B4B6
00008384000488F8
0000838400041463
0000838400048912
00008384000474D7
0000838400014948
3382760118
0000838400041FC8
00008317001390EC
0000838400048A97
0000838400048B6D
0000838400041285
0000838400048686
00008384000414DF
0000838400043A72
000083840004373A
00008384000435AF
000083840003C5EF
0000830600362E49
000083840000120E
000083840000E61C
000083840004249C
0000838400048D84
00008384000403E9
000083840000B188
000083170015CC80
0000838400009DE9
0000838400043581
000083840004868F
00008384000508BF
000083840003D9F3
0000838400001491
000083840003D4F0
0000838400048CBB
000083840003AD57
00008384000115DC
000083840004261E
0000838400048C62
0000838400009E02
0000831700143F8F
00008306000A8684
0000838400054594
000083840003F218
0000838400043985
00008384000068DD
0000838400048D43
0000838400048B1D
000083840004780E
0000838400048D38
0000838400058E99
0000838400007058
000083840004540D
0000838400006B27
0000838400008CD7
3057677192
0000838400008D61
0000838400048C1D
0000838400048C06
000083840005467D
000083170015D790
000083840004140E
000083840000D0BB
00008384000112AD
000083840004893D
000083840004899D
0000838400048943
00008384000027AD
00008384000063C6
3063449992
000083840005C4AB
00008384000538FB
000083840005C5C7
3159097916
0000838400059E7F
000083840000754B
000083840004249D
00008384000544BF
0000831700149C30
000083840000AE49
0000838400054E79
0000838400041E57
000083840005C2CE
00008384000070A5
000083170016BD2E
0000838400052E12
00008384000472EE
00008384000013E3
0000838400002776
0000838400052E62
0000838400059C8E
00008384000068B4
000083840005C54A
0000838400047D0C
000083840003E2DA
2934934127
000083170015CFE6
0000838400048DA1
2935096904
0000838400040AA7
000083840000B486
0000838400009538
0000838400009E28
000083840003A0CA
000083840004744A
000083840003DBE7
0000838400047459
0000838400047307
000083840003E72D
00008384000403D0
00008384000025AA
0000838400048997
0000838400046704
0000838400047567
00008384000473DA
000083170013435A
0000838400047778
0000838400048E34
0000838400047403
000083840000CC59
0000838400047426
0000838400024088
00008384000619FC
000083840003590F
0000838400039CEF
0000838400024ED4
000083170015DBC1
00008384000538C7
000083840003A3A1
000083840003EF46
00008384000538C5
000083840000671D
0000838400002794
000083840000B42A
0000838400047ABA
0000838400045E31
0000838400026C1F
2934851842
000083170013727B
000083840004647E
000083840000AF14
0000838400043822
000083840003AA99
00008384000343F0
000083840003AD10
000083840000793F
00008384000487A6
0000838400045847
0000838400058FDE
0000838400048860
0000838400039BD6
00008384000027CE
0000838400047390
0000838400041320
0000838400068597
000083840004133A
000083840003A910
000083840005C211
00008384000472ED
000083840005C338
0000838400054B13
0000838400059D4C
000083840004F8DE
0000838400059F31
000083840005C39A
000083840003BAE5
000083840004672B
3403177404
0000831700138BBE
000083840005C13D
000083170013E881
000083840003E828
000083170013C170
0000838400058E74
000083840003C70D
0000838400052CE3
00008384000065C4
0000838400048701
00008384000491A5
000083840004397B
3057829955
0000838400047542
000083840005C4BB
000083840003DCED
000083840000AE7A
0000838400051E12
000083840005C51B
000083840003E672
0000838400008962
0000838400068C58
0000838400064363
000083840000DF34
0000838400068B04
0000838400068F2E
00008384000619D7
0000838400061374
0000838400068ADB
0000838400068CDF
00008384000619C3
3379692052
000083840000E302
3383141842
000083840006439E
0000831700141154
0000838400068B3A
000083840005C483
000083840003C471
0000838400047405
0000838400061105
00008306003BA8A4
0000838400061734
3153327519
00008384000685CD
000083840006056C
000083840000B3D2
00008384000650D4
3435405427
0000838400060642
000083840000B4F8
00008384000650EE
000083840005FA92
00008384000683D9
000083840005FDA8
0000838400065174
00008384000656C4
0000838400068391
000083840006866E
000083840005FFD2
0000838400062687
0000838400068595
0000838400065B49
000083840005FEAC
0000838400068702
000083840006002D
00008384000600E9
0000838400062543
000083840003E18B
0000838400048B0B
0000838400059C6C
00008384000693E5
3381382828
000083840005F39A
0000838400060AB5
00008384000691E0
000083840005FD5E
00008384000675EE
00008384000694F5
00008384000608B0
0000838400060503
00008384000651C8
000083840005FE4C
0000838400054E28
00008384000627BA
000083840006281D
000083840000A120
3381635468
0000838400051F65
3057711259
000083840006125C
000083840006928D
00008384000024AC
0000838400060087
00008306002EC172
000083840006256C
00008384000684D1
000083840006283A
000083170011BC3C
0000838400068E9C
0000838400051E3C
3058073490
00008384000692F0
0000838400062812
000083840006944F
0000838400061387
0000838400065D1D
0000838400054A24
000083840005FA8C
0000831700149985
000083840006434D
000083840005F14E
0000838400068DD7
000083840005FB13
00008317001374F8
0000838400068808
0000838400060B24
0000838400048B8E
000083840004787D
0000838400060621
000083840005FDB1
000083840005FE77
00008384000601BD
00008384000602AE
00008384000600EF
0000838400052DF7
3403043057
00008384000605E5
000083840000D573
00008384000473B5
0000838400065632
000083840006190B
00008384000685F5
00008384000655E6
00008384000602AF
00008384000684FF
00008384000681B6
00008384000603C6
00008384000508A8
0000838400067574
000083840005FDDB
000083840000B129
0000838400051ECD
0000838400054B6F
000083840006836D
000083840006007D
0000838400047A14
0000838400065250
000083840006875B
00008384000604F7
000083840005FCFE
000083840005FDF5
000083840006951A
000083840005FCEF
0000838400062553
0000838400059E8A
00008384000650CA
0000838400065199
00008384000683DB
0000838400068528
000083840003ECDA
0000838400068193
0000838400068F6F
000083840005C3CB
0000838400060337
00008384000663C1
00008384000087F4
0000838400068746
00008384000656AB
00008306000A8F95
0000838400065428
00008384000656A3
0000838400054B0F
0000838400068514
000083840005FEC7
0000838400065129
000083840005FEF1
0000838400065558
00008384000439D3
3381371086
2934818534
0000838400059DC6
000083840005FAE9
0000838400068E79
00008384000617E6
2935435272
00008384000613C7
0000838400068E4A
0000838400062D61
000083840004362D
0000838400068E16
000083840001C6BD
0000838400047449
3382716334
3381724984
0000838400068499
00008306003B6705
00008384000546B7
000083840004899C
00008384000625D0
00008384000663D8
0000838400065A5D
00008384000683E7
0000838400064FDA
0000830600397C88
0000838400065186
0000838400054867
00008384000602C5
000083170014597C
000083170013850F
000083840006514B
0000838400065193
000083170014E050
000083170016904A
00008384000650FB
0000838400068333
0000838400065277
000083840006518D
0000838400068E66
0000838400061103
000083840006630C
2934616096
000083840005C405
000083840006846E
0000838400051EF2
00008384000604EC
00008384000625B4
0000838400054A2D
000083840006001E
00008384000650CC
3402726652
0000838400066399
00008384000651B7
0000838400048A86
0000838400065189
000083170013EF5A
00008384000661AE
0000838400065638
0000838400060330
000083840005C50F
000083840006558E
00008384000627B2
00008384000650F3
0000830600380EBF
3381350155
00008384000651E3
0000838400059F43
0000831700132068
0000838400060565
0000838400068315
000083840006514C
0000838400060427
00008384000651CD
3382787941
000083840006049F
00008384000604EB
3381824070
0000838400060458
0000838400065495
00008384000601FF
00008384000683C3
000083840006510B
0000838400065694
3057833737
000083840006052E
000083840001BC6A
0000838400065148
0000838400068EDD
000083840006736A
000083840006060B
3379769436
0000838400053600
0000838400068589
0000838400044633
0000838400060211
0000838400061169
000083060025618C
0000838400060606
0000838400069252
0000838400060B06
0000838400068C3E
00008317001504BD
000083840005FD78
000083840006749A
000083840005FCDC
000083840005FD81
0000838400065B93
0000838400060C9D
00008384000651BA
0000838400064F98
00008384000603C0
0000838400069FFC
000083840006942E
00008384000673D3
000083840006908D
000083840005F530
0000838400061290
0000838400060908
0000838400067642
000083840004373D
000083840006856F
000083840005F598
0000838400062CF1
00008384000687C1
0000838400048128
0000838400043363
00008384000586FD
000083170014E42B
000083840000AFE3
0000838400068651
0000838400059F1C
000083840005F35D
000083840005F88B
0000838400061395
000083840005F0FB
000083840005F594
000083170014F132
000083170013F019
00008384000611D1
000083840005F5B6
0000838400062D28
2935109473
0000838400062660
0000838400051F9F
000083840005F965
000083840004892A
000083840006583E
0000838400047B66
3063267194
3381648148
000083170014E62F
00008384000651AF
00008306003745CB
0000838400065FF8
000083840005F7CC
2934482381
3381562081
00008384000675E1
0000838400053912
000083170013750D
00008384000436AA
0000838400065150
0000838400048104
0000838400043997
000083840004351E
000083840003EE60
000083840005FE51
0000838400065F20
0000838400059BDF
00008384000617EB
0000838400006258
0000831700159138
0000838400068C94
000083840005FA4C
000083840006750F
000083840005466C
000083840000A1F7
0000831700139593
00008384000651CF
0000838400045B32
000083060025609A
0000830600256087
000083840005456E
0000838400052F9F
000083840000B102
000083840000953E
000083840000AE40
3153496225
0000838400061458
0000838400068CF2
0000838400050A3A
00008384000650EB
0000831700160296
000083170014071D
00008384000535CB
0000838400052D36
0000838400065115
0000838400068E2F
0000838400052E0F
000083840005C05D
000083840006531B
000083170014EB7C
000083060034A2EB
0000838400061719
0000831700133F2D
000083840006CCBB
000083840006C64D
000083840006B217
000083840006F0A6
000083840006E900
000083840006DE22
000083840006EEFE
000083840006D155
000083840005E751
000083840006D200
000083840006BAF4
000083840005E86F
000083840006D04F
000083840006D713
000083840006240B
0000838400062423
000083840006CF0A
000083840005EB9F
000083840005E7C2
000083840005E77E
000083840005EE28
000083840006CE28
000083840005F002
0000838400061216
0000838400062F1D
2929477264
000083840005E946
000083840006F660
000083840006C393
000083840005E95B
000083840006F6F8
000083840006DED4
000083840006BF39
000083840005F826
0000838400066F83
0000838400070273
000083840005ED70
000083840006E8BC
000083840006DEA6
000083840007010A
000083840006F67E
3381481673
000083840006C967
000083840005E832
000083840005EDC9
000083840006FC72
0000838400066FE9
000083840006FFA1
000083840006B0FD
000083840005EDA2
2938837570
00008384000612C9
000083840005ECD1
000083840005EDC4
000083840005ECDA
000083840006B5CD
000083840006F6D1
000083840005EE95
000083840005E8DC
000083840006F4D3
000083840005ED3E
000083840006083F
000083840006B51D
000083840006E133
000083840006EF0D
000083840006F017
000083840007014B
0000838400067010
000083840005EA53
0000838400070270
000083840005ECDB
0000838400066FC1
00008384000674DA
000083840006D503
000083840006F9D7
000083840006C759
000083840001C7A9
000083840006CAB1
000083840006C6D0
000083840006EEA0
000083840006F181
0000838400062EF8
0000838400062F27
000083840006E8AD
000083840005A1D5
000083840006CBCF
000083840004F8C6
000083840006C3CF
000083840006E270
000083840006F1CB
000083840006DBD8
000083170014E8F0
000083840006C8AE
000083840006DBC9
000083170016A31B
000083170016A41A
3149364452
000083840006F302
000083840006C99A
000083840006BBAF
000083840006BE7D
3156348616
3381955083
3057945710
000083840006B6CD
000083840006E322
000083840005EB0E
000083840006BEB7
000083170015DC55
000083840006D9D1
000083840006F6E6
000083840006BB77
0000830600338F63
000083840007031E
000083840000D0BA
000083840006E01F
0000838400068CEA
000083840006DF16
000083840006BAB4
00008384000508C5
000083840005EB2F
00008384000617F9
0000838400070728
0000838400067026
0000838400067526
000083840006C39F
0000838400060976
000083840006BE1F
000083840006C260
000083840006DE56
000083840006BD39
000083840005E9DD
000083840006DF23
3381349366
000083840006C236
0000838400066FED
000083840007066D
0000831700138454
000083840005ED4F
2935083751
000083840006D928
000083840006D278
000083840006DD91
000083170015B499
000083840006751D
000083840006F0DF
000083840005DE52
000083840006FDEA
000083840006A571
000083840006B5B6
000083840006AF19
000083840006CFEC
00008317000A7828
000083840006D5F8
000083170013A711
000083840006D0BE
000083840006D082
000083840005DEAA
000083170015D802
000083840005E9AE
00008384000611F9
000083840006119F
000083840006AC19
000083840006EB40
000083840006D15C
00008384000623F6
000083840006FDEF
0000831700155B45
000083840006FD03
000083840006FDE7
000083840006B1B2
000083840005E865
0000838400066E46
000083840006FE9A
000083840006A4CC
0000838400062F1F
000083840005ED5A
000083840005EC8F
3057693335
000083840006FD87
2934822180
0000838400062F2A
000083840005EC0D
000083840005ECF0
000083840006C3BC
000083840005E7B2
00008384000672E9
3403037709
000083840005EE3C
000083840006F376
000083840006DC89
000083170011C0D1
3403052254
000083840006D9F3
000083840006D0D2
000083840006B487
000083840006D9B9
000083840006D911
00008384000076D7
00008384000642FA
000083840005E7D3
000083840005E77B
000083840006BB23
000083840006754F
000083840005D117
00008384000607C5
000083840006DC60
000083840006F0BC
000083840006FF58
000083840006F2F4
000083840006F0AE
000083840006C5ED
000083840006F239
000083840006DD61
000083840006EEA7
000083840006F16A
000083840006BBAB
0000838400070713
000083840006F2F9
0000838400067629
000083840006AE26
000083840007033D
000083170015F426
000083840006C0A6
000083840006BBEE
0000838400062EF4
000083840006C1FC
000083840006BFBA
000083840006BDFE
0000838400066918
000083840006BF7E
000083170014B59F
000083840006BE5F
000083840006EB4C
000083840005FA50
000083840006FCDE
000083840006FC0A
0000838400064DFA
000083840006BB8C
000083840006FBA7
00008384000706E4
000083840006FD91
000083840006FE22
000083840006E9AE
000083840006C026
000083840006C28E
000083840006EA1A
00008317001460E5
0000838400068E73
000083840006C46C
000083840006BA59
000083840006FC48
000083840007021A
0000838400070217
000083840006BB70
00008306003B609D
000083840006BCD5
0000838400070416
000083840006FF69
000083840006F41D
000083840006C1BE
000083840006F5F4
000083840005E901
000083840006FF1A
3380237069
000083840006F6C6
00008384000676AC
000083840006E7DC
000083840006BC7D
000083840005EDAB
0000831700150315
000083840006E96D
000083840006F382
000083840006E90B
000083840006F4A6
3383134340
000083840006BF4E
0000838400070714
000083840006C15C
000083840006EF21
000083840006EA16
000083840006BFD9
000083840006B114
000083840006E961
000083840006F69B
000083840006FA0D
000083840006D870
000083840006F049
0000838400066F9B
00008384000608F8
00008384000673D4
000083840006D2B1
000083840006D36A
000083840006CE53
000083840006B7B0
000083840006747D
000083840006699E
0000838400067679
000083840007024B
000083840006D80F
0000838400067012
3381565447
000083840006FB31
000083840005DE23
0000838400060811
2929584607
0000838400070382
000083840006FA10
0000838400067736
3381302986
000083840006CE88
0000838400066FE2
000083840006B29F
000083840006E665
000083840006BDA9
000083840006F940
000083840005EBB5
000083840006A586
000083840006B602
000083840006D20E
000083840006B4D0
000083840006AD9E
000083840006BDFB
3381627774
000083840005EB65
000083840006D900
000083840006AD61
000083840006EDC1
000083840006E3E9
000083840006D1A0
000083840006AE94
000083060039F016
000083840006D1C1
0000838400067457
000083840006E6FA
000083840006B7CF
000083840006B511
000083840006A52B
000083840006B7BC
000083840006F538
000083840006DEB3
000083840006FE90
000083840006CFB8
000083840006F1AA
000083840006236D
000083840000A36A
000083840006F90C
000083840006B0C6
00008306003B6AA5
00008306003A9AC8
000083060039AC82
00008306003B0EE5
00008306003A715E
000083840006FA42
0000830600398500
00008306003A649D
000083060039824D
00008306003A5A82
00008306003A70F2
00008306003B5335
00008306003A33C2
000083060039839C
00008306003A2081
00008306003A8377
000083840006DD72
0000830600398D32
00008384000607ED
00008306003ADEA3
00008306003B61F7
00008306003A33B6
00008306003A71B6
00008306003A7020
00008306003A7581
0000838400061994
00008306003A8EC2
000083170015DE33
2934245796
00008306003623F3
000083170013FB25
00008306003A7094
000083840006AF07
000083840005DE98
00008306003B5FE7
00008306003988CF
00008306003ABBDC
00008306003B5FD3
000083060039BA1B
000083060039EFD4
00008306003B7650
00008384000606DB
000083060038B5B6
000083060039FB1A
00008306003B5E8B
000083170015DA04
000083060038020B
00008306003B5E54
00008306003B47BE
000083060039EF4C
0000838400068C45
00008306003B0FED
00008384000706CD
00008306003A7E37
00008306003A6FAD
0000830600398C61
000083060039FB3D
000083060039A1FD
000083060039B9C0
0000830600397D69
0000830600398482
000083060039BD71
000083840006D017
00008306003A5386
3381743547
000083060039A381
000083840006A997
000083060039C1E8
000083060039BC57
000083840006D381
00008306003B7B49
00008306003AD717
00008306003A77E2
000083060039C6DE
00008306003B7C46
00008306003A5278
00008306003AD89A
000083060039B580
000083060039F5CF
000083060039AF71
3153095422
00008306003A323A
00008306003B3F32
00008306003B2899
000083060039791D
00008306003A3244
0000830600381C8C
00008306003A2A5E
00008306003A2A41
00008306003AD9A6
3153096172
000083060039A8DB
00008306003B5FC6
00008306003B0DB3
00008306003AA190
00008306003A9A43
00008306003B7C2E
00008306003B2954
00008306003A31A0
00008306003B18D2
000083840006AEB0
00008306003A7411
00008306003BB81B
00008306003B8A2B
00008306002543B2
000083060039A84B
000083170015522A
0000830600381C89
0000831700149C5F
00008384000077CB
000083170015E626
00008306003B0E70
00008306003A3238
000083060039A6AF
00008306003AF62C
00008306003ADF9D
0000830600381BEE
000083840006ED78
000083060039F5BD
000083840006BD9D
000083060039A7A4
000083060039C132
000083060039BDEA
00008306003AD8A0
00008306003A5248
00008306003A8339
00008306003A7CF9
000083060039C279
3381321938
3152215978
00008306003B78E5
00008306003895CA
0000830600389ED9
000083060039A805
0000830600381BF0
000083060039BD58
000083840003E592
00008306003A1956
00008306003AD923
0000838400070387
00008306003A8B9F
000083840006A990
00008306003A781D
00008306003B7D21
00008306003984CA
00008306003A8BD3
00008306003996F7
0000830600398487
0000830600397BC8
0000831700146C8B
3403043814
0000830600398199
0000830600399663
0000830600384C34
000083840006B284
0000830600398432
0000830600397CC5
00008306003A692C
000083840006AA7B
00008306003895D1
0000831700142C67
00008306003B7CA6
000083840006A675
000083840006ED38
0000830600399133
000083060039B3E5
00008306003ABDA2
000083060039A846
00008306003B41A2
00008306003B9A6D
000083060039A871
00008306003ADA5D
000083060039BBB0
00008306003958B6
00008306003A4E7F
00008306003B4677
3063270990
000083170014B30E
000083060039C2EB
00008306003B7212
0000830600397F9D
0000830600397948
00008306003A5197
000083060039A70D
00008306003BB72A
0000830600399857
00008306003AFA59
00008306003B10A8
000083840005EDE7
00008306003B7F74
00008306003B0BCF
00008306003A70D3
0000830600399828
000083060039BB8F
00008306003ACC66
00008306003A2A5C
0000830600380238
00008306003A7206
00008306003BB155
000083840006D309
3381998906
0000830600396CA6
000083060039BBB4
000083060039BE13
3381382873
00008306003977A5
000083060039A211
0000830600399764
00008306003B5E48
000083060039B947
00008306003B0ED6
00008306003B6AC5
00008306003ACC57
00008306003A9591
00008306003AB848
00008306003AB45D
00008306003B5ED0
00008306003B5E36
00008306003BA0AE
000083060039E2F4
000083060038CD5A
00008306003B5FFF
3153166032
00008306003A2A62
00008306003B7B5E
000083060039715D
00008306003AD4F7
3402696357
000083060039BBFA
00008306003B5E59
000083060039C36B
000083060039A7FD
000083060039EF72
000083170014D7B4
000083060039BB02
00008306003A71A4
00008306003ABF33
00008306003A5800
000083060039A859
00008306003B57B8
00008306003B71D4
000083060039A1CB
00008306003B625E
00008306003B47BB
000083060039B391
00008306003ADEA0
00008306003AFB0E
00008306003B4B4B
000083060039794A
00008306003A73D2
000083170014C5C8
00008306003B694B
00008306003AF761
00008306003A9328
0000830600381B98
000083060039D177
00008306003A6F5C
00008306003A527A
00008306003982D8
0000830600399868
000083060039F070
00008306003A3838
00008306003B7B6D
00008306003AFB72
00008306003A1BE9
0000830600397D1A
000083060034D55C
000083060039984F
000083060038553C
00008306003A424C
0000830600362191
000083060038BDC6
000083060037DA30
2934621806
000083060038061F
00008317000C3728
0000831700155807
00008306003B0C9D
00008306003B66BD
00008306003A334D
000083060039BC2F
00008306003A2A77
00008306003A60F1
00008306003A4E2F
000083060039A674
00008306003B0E0F
00008306003B0DEB
00008306003B5F53
000083060039494F
000083170014D264
0000830600383649
00008306003ABD8F
00008306003B5274
000083060039BB90
00008306003A50C5
00008306003BB2DF
00008306003958D9
0000830600391955
00008306003A8EA0
000083060039A223
00008306003B5F24
00008306003AD6F0
00008306003BB14D
00008306003ACC9D
000083060038CB1A
00008306003ADEF0
0000830600381BE0
00008306003ADA5F
00008306003B18BA
00008306003AD589
00008306003AC039
00008306003A3216
00008306003BB149
0000830600397EFA
000083060039E3AB
00008306003B9E9F
000083060038AF88
000083060039A927
0000830600391D94
000083060039BDBB
000083060037A742
0000830600381C4D
000083060038BE0D
000083060039BD1E
00008306003959ED
00008306003973CB
00008306003AC259
000083060037BA49
00008306003BB2C4
00008306003A51ED
00008306003710F8
00008306003A328C
00008306003AD9A5
00008306003AA365
000083060038CB27
00008306003B9EC4
00008306003959B5
0000830600396F3B
00008306003B81DD
0000830600397085
00008306003BB172
00008306003B89A7
00008306003959DA
000083170014BE4D
00008306003BB25C
00008306003BA0B6
00008306003B9A25
000083060039909B
00008306003B7504
00008306003B9EE6
000083060036140D
00008306003A57B9
0000830600388944
3058530783
000083060039A6AD
00008306003AD6D3
00008306003A4FDE
000083060039BA79
00008306003B0BB8
00008306003A780C
00008306003A5B2E
000083060037AF86
00008306003AD525
3381539413
000083060039E504
0000838400047FB4
00008306003B0BC8
00008306003A5104
00008306003B1A6B
3152243413
3152242365
3152243674
00008306003BB237
3152225084
3152222031
000083060039AD5D
000083170014EF11
3152243531
3152240642
3152240683
3152234417
3152222016
3152222189
3152243713
3403051021
3152244384
3152320499
3152240997
3152240984
3152241063
3152240982
3152240964
3152243600
000083060037F9BF
3152241075
3152240916
3152322719
3152320045
00008306003A7F58
3152322722
3152238202
00008306003A1520
3152228087
000083060039EF3F
3152235461
0000830600397CE3
3152228647
3152234511
3152243640
3152222223
00008306003970C3
3152225213
3152221921
3152396372
3152216117
3152214424
3152231709
00008306003BA488
3403036132
3152231581
3152305265
3152298289
3381753439
3152403734
3152213206
3152213255
00008306003B9A85
3152216063
3152239236
3152217095
3152241570
3152243654
3152216116
000083060039BC05
3152227592
000083060037A1B3
00008306003999CD
00008306003B730E
00008306003A1D59
3152321021
3152227064
000083060039B599
3152320657
3152227769
000083060039BDC5
3152243052
3152218336
3152218292
3152227057
3152365105
3152304040
3152218913
3152320931
3152305209
3152240654
3152212239
00008306003A64DC
3152364950
00008306003B6AF6
000083060039B99B
3152218290
3152218318
000083170013A8A7
3152238781
3152218124
00008306003B7CAB
3152234435
3152306443
3152303955
3152305957
000083060038AF70
3152305946
00008306003A7282
000083840006A51D
3152218294
3152218341
3152304070
3152303870
3152320190
3152298205
3152320525
3152243448
3152243497
3152240905
3152317743
3152185323
000083060039EF27
3152227832
3152298807
3152297377
3152215871
3152306101
3152305129
3152243491
3152365103
3152304000
3152324783
3152322588
3152324349
3152225132
3152398754
3152214593
3152317449
3152307143
3152218489
3152309642
3152303990
3152310140
3152309685
3152306440
3152324673
3152296797
3152320118
3152304178
3152300315
3152302453
3152311676
3152307879
3152309626
3152320849
3152320245
3152298184
3152324344
3152212209
3152320537
3152242994
3152297310
3152322731
3152307880
3152324766
3152310146
3152320697
3152307922
3152323931
3152296587
3152324366
3152238059
3152240977
3152320690
3152241010
3152322680
3152234394
3152322702
3152212186
3152398174
0000831700133ADF
3152324304
3152365372
3152324272
3152241033
3152212253
3152240989
3152243480
3152244357
3152225208
3152298201
3152322671
3152240991
3152304074
3152322651
3152298140
3152238407
3152232074
3152297327
00008306003A9215
3152308193
3152230913
3381494676
3152236776
3152216033
3152214591
3152310145
3152306023
3152232117
3152217218
3152218082
3152320505
3152317791
3152302378
3152304012
3152317636
0000830600386B7A
3152401686
000083840006F3A3
000083840006E29C
000083840006E282
000083840006BFA0
000083840006FF84
000083840006FD1F
000083840006B7DB
000083840006AD48
000083840006A717
000083840006A8C6
000083840006E8A0
00008384000670EA
000083840006F579
000083840006774D
000083840006BA22
000083840006E2B1
000083840006BA60
000083840006FF7E
000083840006B22D
000083840006A9ED
3152302309
00008306003836A9
3152296671
3152307004
3152296621
00008384000015C1
3152398760
000083060039BC31
3152218326
3152234509
3152307042
3152396457
3152401728
3152185326
3152399507
3152240664
00008306003657E5
000083060039984C
3152296970
3152302249
3152404102
3152365235
3152317712
3152302389
3152404124
3152232155
3152296603
3152306498
3152299521
3152323846
3152298161
00008306003801A6
3152241021
000083060037E718
3152218470
3152309747
3152300545
3152309751
3152218979
3152297849
3152364752
3152225819
0000830600385742
3152404622
3152214396
3152232166
3152364896
3152297859
3152238627
3152224436
3152225807
000083060038695B
000083060033DB7F
3152218521
000083170013E7F7
3152214540
3152298069
3152295954
3152297384
3152304518
3152216130
000083060037DD5C
3152319831
000083170013B291
3152298090
00008306003945C9
3152319797
3152320779
3152224475
3152218428
3152319620
3152398129
3152301961
3152305144
3152185334
3152215436
3152238615
3152319368
3152320839
3152319706
3152398109
3152320275
3152215303
3383121705
GZ20080130306609
3152227464
3152309853
3152296074
000083840006B825
3152215476
3152216897
3152225033
00008306003AD65C
3152216734
3152240759
3152365317
3152216798
3152225172
3152240797
3152225211
3152241772
3152240747
3152240913
3152225087
3152304461
3152307137
3152309391
3152303827
2934485763
3152227793
3152213979
2929467450
3152372927
3152305987
3152241725
3152232994
000083170015A91E
3152239295
3152235418
3152215280
3152240636
3152296733
3152404084
3152215888
00008306003AA827
3152243084
3152362983
3152235198
00008306003B18AB
3152234493
00008317001571D7
3152235384
3152243541
3152240852
3152242981
3152240917
3152243119
3152241787
3152243499
3152322684
3152243188
00008306003B8CD8
3152235456
3152233526
3152243548
3152243104
3152240939
3152320508
3152243028
3152235475
3380831174
3152224944
3152323728
3152240963
3152243647
3152298993
3151945508
3152298559
000083840006EBDB
3152298431
3152298459
3152296840
3152311717
3152241192
3152298437
3152304993
3152243046
3152309144
3152298469
3152296851
3152300639
3152216443
3152244379
3152301723
00008306003B798B
3152234344
3152217761
3152243079
3152359541
3152216966
3152241045
3152322579
3152215853
3152322553
3152298457
3152298302
3152214387
0000831700135103
3152228069
3152219012
3152364700
3152298317
3152299603
3152223882
3152243555
3152303278
3152319353
3152299672
3152228565
3152319533
3152319341
3152321022
3152322532
3152215874
00008306003970BE
3152222064
3152319301
3152320944
3152297767
3152299661
3152319346
3152240716
3152320924
3152320892
3152304552
3152297770
3152319264
3152305044
3152305055
3152239192
3152227855
3152222355
3152299715
3152220518
3152220534
3152305293
3152243112
3152305047
3152241006
3152242891
3152221953
3152404104
3152242350
3152228506
3152212153
3152318227
3152319584
3152403689
3152227807
3152307188
3152319398
3152232791
3152243800
3152304709
3152305117
3152242992
3152220512
3152241000
3152318034
3152305162
3152241095
3152232769
3152305091
3152319527
3152324282
3152241093
3152324327
3152322296
3152305046
3152299069
3152240952
3152324300
3152324329
3152241009
3152241050
3152240893
3152307058
3152215917
3152238462
3156020233
3152324348
3152224876
3152241165
3152401690
3152301399
3152362940
00008317001553CF
3152362977
3152215886
3152232200
3152303477
3152358929
3152373041
3152298305
3152401689
3152319297
3152319275
3152303063
3152299456
3152218776
3152303804
3152305035
3152363114
3152232366
3152304579
3152299662
3152230823
3152224957
3152233002
3152234310
3152303138
3152306076
3152361159
3152233631
3152225710
3152364913
3152218409
3152233657
3152299144
3152363313
3152216727
3152216764
3152308623
3152304531
3152308634
3152317309
000083060039BD1D
3152216977
3152324712
3152231243
3152236434
3152308607
3152232419
3152232409
3152308575
3152213017
3152235168
3152318783
3152220723
3152296521
3152361213
3152297062
3152306386
3152298704
3152298462
3152299074
3152298694
3152221846
3152237206
3152297819
3152298100
3152298054
3152233122
3152232777
3152224998
3152298078
3152306452
3152296140
3152243735
3152231167
3152238444
3152236497
3152216584
3152234251
3152303408
3152297838
3152216347
3152213073
3152236569
3152214573
3152232292
3152216375
3152233063
3152302213
3152227893
3152214522
3152358931
3152298170
3152306075
3152304905
3152306167
3152232306
3152306087
3152306079
3152306065
3152232321
3152304052
3152224969
3152224554
3152319367
3152224542
3152233554
3152304059
3152308633
3152306185
3152297510
3152306109
3152216739
3152232218
3152305965
3152226184
3152221264
3152301265
3152306099
3152317098
3152303967
3152212954
3152324254
3152298430
3152324501
3152324342
3152308653
3152308640
3152216804
3152223585
3152304549
3152311689
3152224884
3152238388
3152226638
3152238373
3152223537
3152319728
3152300699
3152224504
3152224533
3152228653
3152232346
3152233130
3152243703
3152233022
3152216470
3152404258
3152241136
3152235409
3152230462
3152235170
3152308573
3152298981
3152299067
3152243534
3152214602
3152304082
3152235462
3152223631
3152223624
3152398809
3152236406
3152231155
3152306140
3152232406
3152401697
3152298420
3152230832
3152235498
3152305241
3152319321
3152324487
3152404165
3152242419
3152320918
3152319277
3152301365
3152234003
3152364762
3152299133
3152242970
3152237090
3152215620
3152222185
3152243150
3152219003
3152230849
3152321198
3152242352
3152367823
3152242980
3152364729
000083170013AA38
3152363061
3152212136
00008306003A4F7D
3152307157
3152231697
3152240671
3152364794
000083840000131E
000083170014E053
3152243004
000083170014B278
000083170014D781
3152296771
3152398131
3152319852
000083060038AF0E
3152297934
3152297913
3152296828
3152240894
3152366264
3152228085
3152358833
3152322411
3152398078
3152299060
3152296816
3152403752
3152216850
3152222015
3159131971
3152398080
3152304833
3152297764
00008306003B0947
3152299105
3152398104
3152243454
3152240976
3152303283
3152219740
3152222023
3152300797
3152243571
3152299006
3152364792
3152396460
3152300770
3152232781
3152233015
3152368746
3152232351
3152404114
3152300764
00008306003AC0A0
3152234429
3152235172
3152235216
3152243446
3152243495
3152366789
3152243621
3152234472
3152216183
3152366174
3152358640
3152235465
3152240749
3152303655
3152243812
3152364453
3152243700
3152221933
3152304424
3152223947
3152298127
3152232716
3152232749
3152243762
3152296001
3152232738
3152298396
3152243584
3152215321
000083840003A7AB
00008317001521B8
3152243688
3152404136
3152303277
3152404072
3152232411
3152219024
3152302409
3152404085
3152302296
3152213218
3152404111
3152317750
3152306375
000083060038BFF2
3152215821
3152360860
3152296646
3152404155
3152233508
3152860710
3152216960
3152213543
3152215929
3152232752
3152232790
3152365170
3152214386
3152230500
3152322528
3152224449
3152298471
3152241423
3152216441
3152404148
3152367364
3152367802
2938611103
3152322443
3152398742
3152322516
3152185312
3152231792
0000831700154165
3152212840
3152227837
3152296787
3152300314
3152223814
3152214259
3152233173
3152303951
3152227117
3152305168
3152298367
3152298553
3152303821
3152300262
3152303975
3152232787
3152215904
3152305986
000083170013752A
3152306354
3152302621
3152372964
3152227829
3152359365
3152213578
3152317612
3152404171
3152231138
3152216407
3152212486
3152219263
3152231177
3152231040
3152219215
3152216328
3152306707
3152298634
3152301883
3152243795
3152215974
3152243754
3152302241
0000838400068678
3152307812
3152317431
3152317475
3152320953
3380980894
3152322431
3152307638
3152214374
3152309675
3152222186
3152324274
3152317360
0000831700142960
3152320241
3152216889
3152317469
3152296575
3152306300
3152296525
3152301438
000083170014640A
3152232731
2934323610
0000831700147FBB
3152300674
000083170015202F
3152241551
3152212720
3152231288
3152233580
2938766727
3152241153
3152302667
3152363803
3152215423
3153150441
3153178643
3152225123
3153102743
3153179499
3153102843
3152228115
3153102768
3153149417
3153102877
3153147804
3153135148
3153120698
3152306342
3153120666
3152298391
3153120697
3153120724
3153120350
3152302143
3153151639
3153198645
3153169710
3153196220
3152317490
3153186685
3153120125
3153120784
3153188019
3153120230
3153194552
3152243559
3153169386
3152310966
3152307882
3152301980
3153102803
3153169712
3153102766
3153120722
3153188080
3153194567
3152872518
3152868629
3153169868
3153163995
3153183796
3153187856
3152868637
3152749318
3152880023
3152803177
3152861463
3152872451
3152738733
3152793522
3152876848
3152803227
3152872258
3153169972
3153178618
3152877290
3153142920
3153120789
3152866579
3153102762
3153148509
3152859111
3153178577
3153142786
3153147811
3153177591
3152226619
3152229063
3382711828
3153183545
3153097653
3153168205
3153133602
3153094992
3153120203
3152302655
3152302006
3153142522
3152297361
3153165719
000083170014B1C7
3153173839
3153186640
3152240926
3153147041
3153120205
3153168573
3152317515
3153178600
3153146965
3153168181
3153168297
3153168565
3153168518
3153168265
3153168162
3153146981
00008317000E601B
3153168240
000083060039BDF9
3152367523
0000831700132A76
00008306003B1020
3153168263
3152231187
2934520673
3153098591
3153098652
3153169695
3152872634
3153146973
3153095074
3152243432
3153168341
3153137854
3152872480
3153120690
3152215910
3152306348
3153151595
3153149696
0000838400007A33
3153098630
3153097198
3153168554
3153134076
3153098886
3153102767
3153120806
3152212203
3153384058
3153120549
3153383662
3153380624
3153380803
3153379041
000083170013D896
3153187658
3153134187
3153384003
2934394155
3152243708
3153383409
3152215682
3152215626
3153185284
3152215659
3153098724
3153379874
3153383424
3153383895
3153185151
3153384218
3153120224
3153379947
3153143032
3153383392
3153098658
3152231190
3152306329
3153146986
3153098601
000083170015822A
3153386842
3152233050
3153199977
3057696875
3153098460
3153202271
3153098609
3153179276
3153185273
3153144013
3153154325
3153154388
000083170011A016
3153137314
3153180829
3153180990
3153179385
3153137450
3153154401
3152227824
3153120701
3153142861
3153185021
3152212208
3152216868
2929580011
3153179045
3153154399
3153154103
3153136950
3153098584
3153137282
3153151612
3153151472
3153141512
3153098634
3153142646
3153136885
3152233039
3152233227
3153175546
000083170015233D
3153379873
3153380309
3153143227
3153136906
3153172595
3153151566
3153188654
3153200002
3153137427
3153163486
3153380500
3153188573
3057359137
3153200036
3153188586
3153379764
3153199878
3153194614
3153151564
3153154488
3153169867
3153176120
3153186691
3153169860
3153380149
3153188565
3153187997
3153185638
3152240738
3153169919
3153169886
3152238403
3153194582
3153120762
3153379818
3153380535
3153121729
3153380052
3153154336
3153186715
3153188057
3153183641
3152920823
3153141535
3153179093
3153187847
3153200031
3153098607
3381753484
3153188587
3153188605
3153188550
3153383668
00008306003B916F
3153185143
3153383571
3153188545
3153383518
3153380333
3153188544
3153383708
3153379727
3153379840
3152226623
3153098505
3153199891
3153188566
3153148639
3153380637
3153380552
3153098509
3153384203
3153383489
3153098612
3153384096
3153380043
3153380281
3153383786
3383145645
3152861050
3152873493
3153147083
3152808386
3152876010
3152777574
3153383886
3153163931
3153380776
3153149105
3153164929
3153147073
3153168494
3153146967
000083170014AA9B
3153168275
3153168458
3153147011
3153168328
000083170015E82D
3152781012
3153380279
0000831700135512
3152870078
3152879774
3153165698
000083170015DADB
3153120574
3153168285
3153384327
3153380436
3152808382
3153159617
3153147015
00008306003B0BEF
000083170014DB0A
3153168355
3152775249
3152215654
3153159457
3153147003
3152240907
3153168255
3152927751
3152929266
0000830600397B99
3152777634
3153181746
3153120657
3153188554
3153147006
3152929353
3152928932
3152929338
3381610852
3152929219
3153178796
3153178977
3152928959
3153168399
3153172437
3153168313
3152928861
3153178684
3153380687
3153178773
3152927649
3152861781
3152869988
3152928890
3153383854
3152927613
3153178744
000083170014F510
3152927717
3153179283
3152927741
3153178940
3153178696
3153178992
000083170014F979
3153178971
3153178958
3153172368
3153172114
3153178760
3153181856
3153179185
3153181903
3153179389
2938634246
3152862194
3153179188
3153181772
3153149677
3153181721
3153182776
3153181836
3153379690
3153181800
3153179064
3153143153
3153181737
3153142624
3153181694
3153181671
3152929034
3153149748
3153181698
3152869453
000083170012463E
3153143425
3153151420
3153168405
3153154410
3153141540
3153152698
3153174282
3153169494
3153151916
000083170013753D
3153137479
3153151606
3153162461
3153154425
3153137375
3156241805
3153149722
3153141511
3153196272
3153187038
3153199153
3153143200
3153197406
3153173551
3153143415
3153198357
3153197627
3153189471
3153163551
3058528396
3153098560
3153197368
3153141552
00008306003B9E4E
3152243085
3153172856
3153197644
3153197710
0000831700147B29
0000831700134275
3153198564
3152232825
3153120171
3153380336
3153186769
3153186811
3153380104
3153172405
3153184844
3153142615
3153181604
3153143216
3153133402
3152215273
3152929500
3153133813
3153186699
3153186659
3153169765
00008317001364DF
3153189713
3153172490
3153151495
3153179472
3153179279
3153154471
3153150373
3153143222
3153186747
3153186735
3153154959
3153154505
3153148048
3153149733
3153168150
3153120177
3153178768
3153154301
3153143932
3153154483
3153149195
3153190985
3153188569
3153143109
3153383435
3153384261
3153098556
3153151891
3153185003
3153134269
3153141537
3153134203
3153134262
3153384326
3152243441
3153134258
3153197655
3153134001
3153134244
3153384227
3153135103
3159129037
3153143107
3153095001
3153135125
3153186787
3153120254
3153120423
3153142636
3153179556
3153120242
3153120408
3153134055
3153133782
3063685201
3153143193
3153198560
3153135119
3153133890
3153151591
3153143185
3153143205
3153143127
3153146757
3153143242
3153136940
3153174274
3153174269
3153149266
3153144008
3153133909
3153154346
3153151567
3153380334
3153159486
3153151945
3153134264
3153141518
3153143235
3153154282
3153143188
3152775235
0000831700144531
00008317001590B3
3153143265
3153143253
3153154467
3153134033
3153149674
3153154326
0000831700137371
3152300293
3152808425
3153154397
3153181808
3153136902
3153149734
3153133653
3153121764
3153149743
3152212605
3153154398
3153154436
3153143256
3153172451
3153142713
3153181719
3153154442
3380969877
3153149685
3153149728
3153179520
3153181696
3153185608
3153170020
3153154307
3153154357
3153194571
3153154443
3153186690
3153169885
3153148712
3153187996
3153163818
3153149724
3153154495
3153169984
3153097222
3153194628
3153188077
3153178832
000083170015D180
3153181789
3153143262
000083840004667F
3152238285
3153188082
3152928965
3153142507
3153194636
3153148050
3062794148
3153181576
00008306003ACD44
0000832B00276365
0000832B00272BB0
0000832B002806B1
0000832B00285031
0000832B002759D6
0000832B00272524
0000832B0024194F
3381041228
0000838400068F1D
0000832B002760AC
0000832B0023CD91
0000832B0028553E
0000832B00229689
3153154366
0000832B00236ACE
0000832B00275E61
3153154318
0000832B002761A4
0000832B0026A899
0000832B0022FECD
0000832B0023068E
0000832B0028540A
3153133600
3153178739
3153169853
0000832B002306D6
0000832B002306A0
3153188600
0000832B0026A7A5
0000832B0022FE30
3153120586
0000832B002306BA
0000832B002306BB
0000832B0026CA32
0000832B0026CAD3
0000832B00272B2B
3153383908
3379673627
3153186675
0000832B0025D6DB
3153181655
3381478291
3153166713
3152221847
0000832B00275ED9
0000832B00272BA1
0000832B002729E3
3152231317
0000832B002769AC
0000832B0026A251
3153188618
3153154320
0000832B0025BBC0
0000832B0027FDE8
3153185626
3152243510
0000832B00276987
000083840003C658
0000832B00275BA9
3383114797
3380063804
3152215616
3153156641
3152404174
3381372576
3153120127
0000832B0025D598
0000832B00248EBE
0000832B0023823F
0000831700147A46
3153134233
0000832B0024389F
0000832B00236A10
0000832B00248EC2
0000832B00248223
000083170013FCCE
3153194573
0000832B0024A117
2938599705
3057919599
0000832B0023052C
0000832B002484F5
0000832B00243551
0000831700159865
0000832B00249CF2
0000832B00248DE4
0000832B00248E5A
0000832B00235520
0000832B0025D686
0000832B00243526
0000832B0025D6E2
0000832B00248E89
0000832B00248DEC
3057899818
0000832B00249B2F
0000832B0024A151
0000832B00249BED
0000832B00249AE9
0000831700137532
2931993753
3153154276
0000832B00242C96
0000832B00248CBB
3153179550
0000832B002461EB
0000832B0022DB5C
0000832B0022ECA1
0000832B00264FAD
0000832B0025F9DA
0000832B002304C1
0000832B00264F13
0000832B002722AE
0000832B0023E6C5
2930276428
0000832B00266612
0000832B00244082
0000832B00264EFB
0000832B00271B1A
00008317001583CF
00008317000EA3D9
0000832B0027031C
0000832B00248E60
3152238302
0000832B00272554
0000832B0023BC4A
0000832B0022AC03
0000832B0028618B
0000832B002824D3
0000832B00282474
0000832B0027633F
3153182944
0000832B0027FEAD
0000831700154E6F
0000832B0026A293
0000832B00284F8C
0000832B00275FD1
0000832B002861B8
0000832B0026F5DC
0000832B0022847D
0000832B0025E0F0
0000832B00281C06
0000832B0025E142
0000832B002763ED
3153196159
0000832B00276233
0000832B002385AD
0000832B00284852
0000832B00231E67
0000832B0025C12C
0000832B002860EE
2934242252
0000832B00231E5A
0000832B0024485B
3152238406
0000832B00241358
3153133565
0000832B0025EE46
0000832B00280786
0000832B00236BA7
0000832B00284F19
0000832B00284EC5
0000832B0023C746
0000832B002769E1
0000832B002397B5
0000832B00284ECF
0000832B00282B07
0000832B00275986
0000832B00282F41
0000832B00282686
0000832B00276A2C
0000832B0023C71B
0000832B0026A845
0000832B002725FD
0000832B00239EBB
2931981856
0000832B0022B0D3
0000832B0026A390
0000832B0027618F
0000832B0022B7BA
0000832B00236B48
0000832B0026A17A
0000832B0023C94F
0000832B0023C876
0000832B0027612D
0000832B0022B893
0000832B002328A4
3153186670
0000832B0026A83A
0000831700135AB7
0000832B00283085
3152230911
0000832B002312D9
0000832B0026CB11
0000832B002296B3
0000832B002823E6
00008317001499E6
3153143132
3153194638
0000832B00283075
0000832B0023BC19
0000832B00284F9B
0000832B0023069C
0000832B0022B8AA
3153154403
2937007104
3152221279
0000832B0023F9D9
0000832B0022FF06
0000832B00282FA8
3153085394
0000832B00282A3F
0000832B00282415
3153095068
0000832B0022B5E8
0000832B00248E6C
0000832B0023231E
0000832B0028548D
3153143080
0000832B002830E1
000083170015DA76
3382804830
0000832B0026657B
0000832B00229697
0000832B00231D7B
3152212528
3152212244
0000832B0026C258
0000832B00272CAB
0000832B002318A9
3153138902
0000832B00276458
0000832B0026C95E
2934868879
0000832B0026F341
0000832B0025C1D6
0000832B00272CD4
0000832B002761FB
0000832B002825C8
0000832B00282A75
0000832B00232451
0000832B0025C107
3149439170
0000832B00268159
0000832B0026D944
0000838400042069
0000832B00269343
0000832B00266711
0000832B00282307
0000832B0026A3D0
0000832B0023A08B
0000832B00272DFA
0000832B0027FDE2
3379783123
0000832B0027650E
000083170013E8B3
2938238428
000083840003E43F
0000832B0026800A
3381729580
0000832B0023BB2C
0000832B0026C2A2
0000832B002666E6
000083170015216D
0000832B002728BB
0000832B00276972
3153134222
0000832B0027444E
0000832B002823A2
0000832B00272D58
0000832B0023E0F8
0000832B0023C942
0000832B0025E152
0000832B00275F82
0000832B0025D841
0000832B00267DBD
0000832B00272AE9
0000832B0023046B
0000832B00242D02
2934837932
000083840006E0DB
0000832B002725DE
0000832B00260959
0000832B00282BCF
0000832B0025D802
0000832B0022A0E0
0000832B00275E1E
3062800650
0000832B0025D82A
0000832B0026A394
0000832B002760C7
000083170015B20E
0000832B00282BAB
0000832B002419A4
0000832B00272A21
0000832B00233B1E
0000832B00272A5C
0000832B0026AC61
3153151844
0000832B00236F74
0000832B0023129D
0000832B0022EC43
0000832B0022EA16
2934434944
3152242957
0000832B00268150
0000832B00248CD8
0000832B0023C793
000083170015AF3D
0000832B00244BCB
0000832B0022ED02
0000832B00249623
0000832B0022EB6A
0000832B0022EE86
0000832B00266868
0000832B0026637D
0000832B002758B0
0000832B0026A192
0000832B00236B75
0000832B00241215
0000832B0025D740
0000832B00264F5F
0000832B00286274
0000832B0023074E
0000832B00269353
0000832B002757DA
0000832B00282BB9
0000832B0028557D
0000832B002762EC
0000832B002758E6
0000832B00239E91
0000832B00264FA0
0000832B0023CDF6
0000832B0027077C
0000832B0023121B
3151954110
0000832B0022FD56
0000832B0022A135
0000832B0022AE21
0000832B002284EF
0000832B0025E14B
0000832B00230DE5
3381322167
0000832B0027641E
0000832B00275D8E
0000832B00267DCA
0000832B0023BB11
0000832B0022AE35
0000832B002651D3
0000832B00241359
0000832B002307A0
0000832B0023BBD0
0000832B0025D6BF
0000832B00262A93
0000832B00241A96
0000832B002763AA
0000832B0025E1DC
000083840000C32E
0000832B002763BB
3156252421
0000832B00231E10
3151338737
0000832B00246932
0000832B0023BA8C
0000832B002282ED
0000832B00244189
0000832B00264A12
0000832B002825F7
0000832B00232863
3379680856
0000832B0026661C
0000832B0023CE14
0000832B0023CD9A
0000832B00275925
0000832B00273902
0000832B00249CBE
0000832B002654D2
0000832B002286D5
0000832B00249C9B
0000832B00285483
0000832B002280D3
0000832B002484E6
3379988080
0000832B0023BB0D
0000832B00276091
0000832B00228889
0000832B0022AE13
0000832B00249B31
0000832B00272BBA
0000832B0023BAC7
0000832B00227F70
0000832B00249BDE
0000832B0025EE19
0000832B00232390
0000832B0023C1F6
0000832B00272C2A
0000832B00262999
0000832B0022B873
0000832B0023D799
0000832B00246B1F
000083840001CE4A
0000832B00264D08
0000832B00244063
0000832B0024535F
3381667769
0000832B00272A70
0000832B00228A42
0000832B00231D79
0000832B00264E8E
0000832B00267EB7
3381618986
0000832B0022A3C7
0000832B002280E7
0000832B002760C5
0000832B002760C8
0000832B00239FEE
0000832B002315F4
0000832B00236C25
0000832B0023F91D
0000832B00275CA8
0000832B0023C99A
0000832B00269350
0000832B00231D81
0000832B0022B5D1
0000832B0025D6B9
0000832B00238597
0000832B00268157
0000832B002280CF
0000832B00272A22
0000832B002760C4
0000832B00272AC2
0000832B00276A0F
0000832B0023778D
0000832B0023C12D
0000832B0026B634
0000832B002313AD
0000832B00282306
0000832B002822E9
0000832B0023241E
0000832B002668F5
0000832B002282CA
0000832B0025E162
0000832B0023F920
0000832B0025C16A
0000832B00272C6F
0000832B0023F969
0000832B0025E225
0000832B002764E9
0000832B0026686E
0000832B002668B8
0000832B00266885
0000832B002764C4
0000832B00276226
0000832B00275965
0000832B0024BA1C
3156430274
0000832B00249CA2
0000832B00244259
0000832B00233D93
0000832B00231081
0000832B00248E81
0000832B0022F578
0000832B00230F7E
0000832B00248E80
0000832B00248D5E
0000838400018592
0000832B0024B8ED
0000832B00248F02
0000832B0026AC6B
0000832B00227358
0000832B00272A1F
0000832B002399A4
0000832B0023932F
0000832B0027105F
0000832B0027FF95
0000832B0027FDF6
0000832B0026C238
0000832B00282AF5
0000832B00272C8B
0000832B00275FF9
0000832B0025C2FA
0000832B0023A09A
0000832B0022EF1D
0000832B00282F72
0000832B0025C0DC
0000832B0028550F
0000832B00275FF7
0000832B00276593
0000832B0026C9C2
0000832B0023C7A7
0000832B0023C8F6
0000832B0023C85B
0000832B002316BB
0000832B0022861B
0000832B00244069
0000832B00248D6B
0000832B0023535D
0000832B0026E68E
0000832B0023E6D8
0000832B00280796
0000832B00227493
0000832B00239997
0000832B0026DF42
3383160886
0000832B0026212A
0000832B0026E6DA
0000832B00270C2D
0000832B00281CB5
0000832B002824FF
0000832B0023E09B
0000832B0025F001
0000832B00269334
0000832B002830D2
0000832B002854A3
0000832B00244CB9
3381717283
0000832B0024528E
0000832B00236988
0000832B00249B18
0000832B002440C1
0000832B0023C0D0
0000832B002288AC
000083840003C5CA
0000832B00249ADA
0000832B00230990
0000832B0022B445
0000832B00249A96
0000832B002431F8
0000832B0024A8F4
0000832B002488CC
0000832B002AF13C
0000832B002452B4
3381117781
0000832B0028247E
0000832B00267FAC
0000832B0027FDF5
0000832B00230652
0000832B0028557E
0000832B0023768D
0000832B0023D63D
0000832B00232E85
0000832B0022ED1E
0000832B0024B847
0000832B0022EC5F
0000832B00231079
0000832B0024812D
0000832B0022ED33
0000832B0022B438
0000832B0022F5C9
0000832B002355ED
0000832B00232DD1
000083170015D648
3152235457
0000832B00280779
0000832B0023FF8A
3156745971
0000832B00264930
0000832B0027588C
0000832B0022A0C5
0000832B0023FE7B
3383132035
0000832B0023FEDB
0000832B0023487A
0000832B0023A513
0000832B00239F1A
0000832B00248DB0
0000832B00228753
0000832B00276488
0000832B002825A7
0000832B0022F552
0000832B0023CC09
0000832B00266827
0000832B00281CAB
0000832B00236EC8
0000832B002309F0
0000832B00237860
0000832B0025D81F
0000832B0022744F
0000832B00233C45
0000832B00248EFC
0000832B00282624
0000832B0024B9CD
0000832B00230A23
0000832B00230A53
0000832B0023F9D6
0000832B0023143E
0000832B0024B830
0000832B002273B7
0000832B002382C5
0000832B0024C079
0000832B00272A29
0000832B002286E1
0000832B00248FDF
00008384000098CD
0000832B002305D7
0000832B0023057F
0000832B0025E207
0000832B002389ED
0000832B00235471
0000832B00230A5A
0000832B00248EE2
3403176318
0000832B00231007
0000832B0024B956
0000832B002309E7
0000832B00231092
0000832B00248CB1
0000832B00249BE3
000083840003E840
0000832B002397CC
0000832B00233C3F
0000832B0024334A
0000832B0022F04C
0000832B00233B7D
0000832B00230A5D
0000832B00231072
0000838400015B79
0000832B00248313
0000832B0024B879
3153108191
3152221978
0000832B0025EDF2
0000832B0024BAF5
0000832B0023F9E2
0000832B00231490
0000832B0023059B
0000832B00272C87
3152220527
0000832B00285509
0000832B0023055A
0000832B0025C0B0
0000832B0027655F
0000832B0026938A
0000832B002315AB
0000832B0025C25A
0000832B0024196D
2938835704
0000832B002693C4
0000832B00275FE7
0000832B0023C712
0000832B0027650D
0000832B002484AF
0000832B0024427B
0000832B00236A4E
0000832B0024C072
3402733361
0000832B00230485
0000832B0024419C
0000832B00236A99
0000832B002488D0
0000832B0024C06F
3152233082
3152240677
0000832B0023BA32
3152232719
0000832B00275941
2934566419
0000832B00272CC5
0000832B0023A54D
0000832B0023FF00
0000832B0024317E
3381109453
0000832B0024427F
0000832B00236274
0000832B0023272E
0000832B002482E8
0000832B0026A396
0000832B0026CADF
0000832B00243158
0000832B00237BC5
0000832B00243F49
0000832B002283FF
0000832B002298F5
0000832B00228454
0000832B00245966
0000832B0022F0D5
0000832B00282BA4
0000832B00282B41
0000832B0023E173
0000832B0022FFDA
3153369766
0000832B0023C1CA
0000832B00271822
0000832B00271759
0000832B0022AE78
0000832B00241F69
0000832B0024310F
0000832B0025FF16
0000832B0023CFB9
0000832B00239EE7
0000832B0025D6F1
0000832B002765EF
00008317000E2864
00008317001470D9
0000832B00276606
000083170014C19F
0000832B0026A2A9
0000832B002441CA
0000832B00229922
0000832B0023C76D
000083840001627B
000083840004186B
0000832B00275A49
0000832B0026A37F
0000832B002477F6
0000832B00249AF5
0000832B00280734
0000832B0025D719
3381687053
0000832B0025E2AF
0000832B00240709
0000832B0027FE6F
0000832B00284FB5
0000832B00286154
0000832B00235D8C
00008317000B1CD3
0000832B0023CC32
0000832B002381F3
0000832B00276A4E
0000832B00282572
00008384000604FE
0000832B0023C36A
0000832B00275FBE
0000832B002418DC
0000832B00248233
3153184485
0000832B00275F9C
0000832B002763FB
0000832B0023CB2D
0000832B0023CCF5
0000832B0025E29E
0000832B0023CDC7
000083170014EBCA
0000832B00230A25
0000838400042AC1
0000832B0024132F
0000832B0024416F
0000832B00286104
3152300696
0000832B00248DCE
0000832B00231956
0000832B0026C8AD
0000832B002693BC
0000832B0024A14A
3381615470
0000832B0023826A
0000832B00243538
0000832B002406C6
0000832B00228A1E
0000832B00249B32
0000832B00244041
0000832B00248F15
0000832B0023870B
000083170015AE2D
0000832B0024A8F9
0000832B002382A6
0000832B0022AE5A
0000832B0023A22C
3152304726
3152359786
0000832B0026567F
0000832B0026D5AE
0000832B002655D3
3152364430
3403176673
0000832B00248EE9
0000832B00265100
0000832B00265626
0000832B00228E08
0000832B0026BB29
0000832B0022B327
0000832B002371B1
0000832B00265379
0000832B00248D26
0000830600251ABD
0000832B002432C7
2931863977
3379608211
0000832B00236A9A
0000832B00243340
0000832B00248EBC
0000832B00249B38
0000832B00231058
0000832B00241A13
0000832B0026689B
0000838400040361
0000832B00249C74
0000832B0023628C
0000832B00248F74
0000832B0024B89C
3152311696
0000832B00248D60
0000832B00249BDD
0000832B00230A2A
0000832B00248E87
0000832B00236F75
0000832B0023D69E
0000832B0023D67B
0000832B002488C6
0000832B00228422
0000832B0022EB99
0000832B00248CA4
0000832B0022F57E
3379830184
0000832B00236AE9
0000832B00225CE8
0000832B00249ABD
0000832B0025E2C0
0000832B002378B4
0000832B00272B90
0000832B00227F42
0000832B00270785
0000832B00228A9F
0000832B0027625A
0000832B00228A3D
3381618263
0000832B0022F08E
0000832B0026A37A
0000832B00276588
0000832B002713C8
0000832B0022EFB4
0000832B00237B50
0000832B002418D9
0000832B0025C10B
3152220514
3057811235
0000832B0022A12F
0000832B002765C2
0000832B00248529
0000832B00245289
0000832B00276017
0000832B00272505
0000832B0027656A
0000832B0026626E
0000832B0023A189
0000832B00275F3B
0000832B0025D1A2
0000832B00282FD0
0000832B0025C230
0000832B002763D8
0000832B0027655A
0000832B00281C79
0000832B002822CC
3381636327
0000832B0026D4F0
0000832B002316F3
0000832B00237D37
3057942658
0000832B002287B0
0000832B00228DEA
0000832B0026BB0F
0000832B0026CE2D
0000832B002807A2
0000832B0026C8B0
0000832B00235F9A
0000832B0026547E
0000832B0023CB15
0000832B0023CCF3
3153124890
0000832B0023864F
0000832B002287FF
0000832B00231741
0000832B0026CD77
3153105402
3153170356
3153096148
3153166631
3153109139
0000832B0024412F
3153109206
3153079290
3153126983
0000832B00236293
3153166551
3153112603
3153111600
0000832B00248906
3153115597
3153074673
3153108193
3057898974
3153101276
3153074504
3381998665
3153079262
3153080356
3153080825
0000832B00248FEB
3153126871
0000832B0023D761
0000832B002337D8
0000832B0024B848
0000832B00248D38
3382597418
0000832B00249C32
0000832B00248E2D
0000832B0023201D
0000832B00249BD7
0000832B0023286F
0000832B00248DBB
0000832B002488E1
0000832B00228787
0000832B002320AC
0000832B0023643F
0000832B00248DF3
0000832B00228847
0000832B00238714
0000832B00248D61
0000832B00243519
0000832B0024825F
0000832B002461C2
0000832B00249C83
0000832B00248512
0000832B00249C42
0000832B0023827B
0000832B002441AA
0000832B00249C70
0000832B0028629E
0000832B0023C1DF
0000832B0025D6CB
0000832B0025EEE1
0000832B0023E5AB
0000832B00272580
0000832B00284AB9
3153079539
0000832B00229324
0000832B0023E4AD
3153109499
3153094714
00008317001522E0
3153105488
3153124930
3153112503
0000832B0024334B
3153120046
0000832B00282554
3402695540
3153105137
3153105250
0000832B00286265
3153100219
0000832B0024427A
3153127096
3153105062
0000832B00264F57
3153082541
3153105476
3153120045
0000832B00248E8F
3153170880
3153076272
3153075338
3153127201
3153117246
3153101402
3153126906
3153075123
3153127109
3153105458
3153112521
3153108056
3153124911
3153093486
3153127140
3153104112
3153093572
3153093657
3153105511
3153105507
3153105204
3153093416
3153113599
2934663579
3153082533
0000832B0023110B
0000832B00248D9D
3153079630
3153166800
3153115567
3153113427
000083170014CD03
3153171347
3153178931
3153116636
3153126857
3153075308
3153100060
0000832B0025EF1D
3153117166
0000832B00272EA8
3153076616
3153101018
3153082810
3153081193
3153103913
3153104195
3153107959
3153048621
0000832B00249C03
3153108429
0000831700160088
0000832B00237D3A
3153116211
3153097921
3153080232
0000832B00246927
3153157097
3153082465
3152307179
3153075808
3153126886
3153127111
3153124955
0000832B0024B8AD
0000832B0024C061
3153124184
0000832B0023D6B7
3152243525
0000832B00239EBA
0000832B00286271
0000832B002763C4
3153117141
0000832B0024852B
0000832B0024695F
0000832B002765EA
3153118459
3153112616
3153105135
0000832B00239F87
3153124797
3153082425
3153105065
3153096180
3153105100
3153080063
3153074678
000083170013C235
3153096166
3153116078
0000832B0027FEDC
0000832B0026684F
0000832B00284815
3153074808
3153126957
3153079470
3153074858
3153124915
0000832B00248DE3
3153109392
3152319909
3153079693
3153075934
3153122722
3153075838
0000832B00228410
3153116200
3153100756
3153104009
3153093368
3153058898
3062339949
3153042603
0000832B00228288
0000832B0022ED55
3153057123
3153061316
3153054820
0000832B0024C09A
0000832B002484F3
3153059979
3153058731
0000832B002822DE
3153060869
3153054768
3153054796
3153059003
3153049007
3153054744
3153061970
0000832B0024A13A
0000832B00245276
0000832B002369B4
3153102240
3153060024
3153054937
3153042656
3153054780
0000832B00249A78
3382164372
0000832B0023FA42
3153054783
0000832B00284EB9
3153060859
3153054776
3153105188
3153082690
3153058694
3153062122
0000832B00276580
3153054717
3152233033
0000832B0022B40C
3153124489
3153126831
3153110190
3153127170
3153104947
3153127348
2934833648
3153119914
3153127318
0000832B002450A7
3381537350
0000832B0026A43F
0000832B00248EA4
3153105215
3153113541
3153127044
2939161050
3153058712
0000832B0023D4D4
3153127376
3153124537
0000832B0022EDC0
3153124948
3153109085
3153110055
0000832B0022F5A2
2929490683
3153105583
0000832B00275F3A
3153108111
0000832B0024312A
0000832B002369CD
3153060053
3153159911
3153104110
3153127097
3153115952
3153124182
3153119908
3153110112
3153118543
3153100081
3153104795
0000832B0023E467
3153125095
0000832B0022EA9A
0000832B00230CCF
0000832B00249A9F
0000838400039D3C
0000832B0024839A
0000832B0023A1A3
3153115974
0000832B00225719
3153116806
0000832B00244A0C
0000832B0022ECD0
0000832B00249199
3153081161
3153054868
0000832B002382D5
3153115429
0000832B002480CE
0000832B002362A9
0000832B0022ECAC
0000832B0024420A
0000832B002358A4
3152868698
0000832B002498F2
3152362117
3153042535
0000832B002290C2
3153047893
3153126948
3152239273
0000832B0023D6B2
3153105321
0000832B0022A192
0000832B0022EA8F
0000832B002378D2
3153082859
0000832B0025EF2A
0000832B0023E755
0000832B002434E9
0000832B0022B4B2
0000832B0027637D
0000832B0022EFA0
0000832B0027113E
0000832B002823EE
0000832B0025EFD8
3153166613
3153044311
3153075281
2929940794
3153124143
0000832B00236AFA
0000832B0023D56B
0000832B0023C37B
3153049446
00008384000076C7
3153093597
0000832B0023C182
0000832B0023D5D8
0000831700168D18
0000832B00286107
0000832B0023E416
3153108100
0000832B0022FFA9
0000832B002693A3
0000832B0022E9AA
3153109523
0000832B00265038
0000832B00267E09
000083170014642D
3153127373
3153059197
0000832B0023CD01
0000832B00266342
0000832B0026F3BD
0000832B00264EA9
0000832B0022FE79
0000832B0023BBE1
0000832B0026B5CD
000083170014BE6C
0000832B0023A037
0000832B0023CD79
0000832B0026F3FD
3152213020
0000832B00235DE8
0000832B002440EB
3383144253
0000832B002488E2
0000832B00248E76
0000832B00242CF1
0000832B0024A11C
0000832B00248F96
3152361989
0000832B00243F2C
00008317001196B2
0000832B0023289C
3403057125
3153109185
0000832B00249B25
3153124799
0000832B00249AA2
3152224579
0000832B0024420B
0000832B00243F23
3152228553
3153104845
0000832B00246B22
0000832B00244087
0000832B00243F51
0000832B00243531
0000832B0022EE8D
3153108877
0000832B0027EB19
000083170014CDA2
0000832B002440D6
0000832B002847B1
2934662587
0000832B00243F72
000083840000BE0E
0000832B0023D04B
0000832B00249B71
3153125111
0000832B00228F77
0000832B00241A32
3383140861
0000832B00246C33
3153122754
0000832B0026806B
0000832B00243162
0000832B00228A67
0000832B0023CE81
0000832B002847A8
0000832B00230B0A
0000832B0023CBE5
0000832B002861F6
0000832B0028627B
0000832B00272581
0000832B0028614D
0000832B002713B1
3152222183
000083840005AF82
2935027026
000083840003C6E1
0000832B00238719
0000832B0024566D
0000832B00249019
0000832B00231392
0000832B00249C37
0000832B00246B12
0000832B00286277
0000832B0023C28A
00008317001545FC
0000832B0023D586
0000832B002458D6
0000832B002478FF
0000832B002288DE
0000832B002440B7
3153105463
0000832B002469D1
3152220479
0000832B00266437
0000832B002458C2
0000832B00246C04
3153096227
0000832B0024405F
3153180450
0000832B00242D13
0000832B0024A122
3153166612
0000832B002441DC
0000832B0023559A
0000832B00266320
0000832B0023CC97
0000832B00248DC6
0000832B002862C4
0000832B0026A69D
0000832B00238720
0000832B0027FF80
0000832B00239E70
3403050408
0000832B00275F4C
0000832B0024424E
0000832B00233B66
0000832B0023CCC0
3153107776
0000832B0028481C
0000832B0023A00A
00008317000B127C
3153101659
0000832B0023CB52
0000832B002763BA
0000832B002282CF
0000832B00275954
0000832B0023CB0D
3153100457
3382606335
0000832B00275BD1
000083840003AB89
0000832B00275995
0000832B00275AC4
0000832B0026A343
0000832B00239E3D
0000832B0025C1EA
0000832B0028237A
0000832B00234120
3153127198
0000832B0023F8F5
0000832B00268090
0000831700159337
0000832B002759E2
0000832B0023F92E
0000832B0023CCC5
0000832B00284854
3153109006
0000832B00284798
3152243147
0000832B0026CCB0
0000832B00275A9C
0000832B0023F93B
0000832B00243336
0000832B0024ACA0
0000832B0026BAC8
3152228110
0000832B002431F3
0000832B00244270
000083170014E597
0000832B00246B0F
0000832B00244079
0000832B00245142
0000832B00248EF9
0000832B00246A15
3153109293
0000832B0023CD84
00008306003388C0
0000832B00243585
0000832B0024408E
0000832B00232EE9
0000832B0026D525
0000832B0026C8BE
0000832B0024838E
0000832B0024837A
0000832B0024C094
0000832B00230551
0000832B002441A2
0000832B002386BD
0000831700140722
3153109058
0000832B002458DB
0000832B00275A22
0000832B0024AC5B
0000832B002431B9
0000832B00231471
0000832B002441CE
0000832B00244074
0000832B00249D5C
0000832B00243566
000083840003A1C3
3152238290
3381477882
0000832B00249A51
0000832B00248286
0000832B0025E0D3
0000832B00249A54
0000832B00248EEF
3063289213
000083840003EAEC
0000832B00235631
0000832B00248DAE
000083840006AA6C
0000832B00248E94
0000832B002481A7
00008317001414FF
0000832B002257EE
0000832B00248298
0000832B00232843
0000832B0024819D
0000832B00249A4F
0000832B002355A6
0000832B0024A134
000083170013950E
0000832B00249ABB
0000832B0022B06F
0000832B00245764
0000832B00246C1C
0000832B0024356B
0000832B00249A58
0000832B0025C6E2
0000832B0025CDBB
3152243483
0000831700139D1B
0000832B00235DDB
0000832B00266620
3153105168
0000832B0026673A
0000832B002822EF
0000832B002763D4
0000832B0024BA07
0000832B00236950
0000832B0026BB70
0000832B0024846B
0000832B0023DD1D
0000832B0023FA4B
0000832B0023BAD6
0000832B00265B96
0000832B002710DD
0000832B002662E7
0000832B0023BAD3
0000832B0023852C
0000832B0026A3E9
0000832B002668C1
0000832B0026202B
3152308661
0000832B00266CC0
0000832B00267DE9
0000832B0023C8F3
0000832B0025C0FB
3153105144
3153124881
0000832B0022C2B4
0000832B0023C7AC
000083840002C634
0000832B0028489C
0000832B00266856
0000832B0023F9AF
0000832B00275806
0000832B00276496
0000832B00275D39
0000832B0026A153
0000832B0027624D
0000832B00282F5F
2929475279
0000832B0023C932
2938207347
0000832B0023F956
0000832B0024408F
0000832B00230720
3153095984
0000832B002830FC
0000832B00266665
0000832B0023CB66
0000832B0022FE7B
0000832B00272981
0000832B00238A6B
0000832B0023A04B
0000831700155640
0000832B00228B00
0000832B00271BCB
0000832B0026A2E6
0000832B0023B902
3381724834
0000832B002708F0
0000832B00265AAF
3152243230
0000832B0026A6CA
0000832B0025E1B7
0000832B0025BA17
0000832B00239FEF
0000832B0023C8EF
0000832B00239EED
0000832B002860F3
0000832B0023C98B
3153128424
0000832B0023C70C
0000832B0025C07D
3153105436
0000832B0025C20E
0000832B00282532
0000832B00272B0B
0000832B0026664D
0000832B00282417
0000832B0027FF47
0000832B00249C33
0000832B0025E330
0000832B00228A8B
000083170014CE99
0000832B0023A161
0000832B0023C277
0000832B0028627E
0000832B00272A53
0000832B00239EC5
0000832B00239E8F
0000832B0025FEC3
0000832B00276594
2934826492
3057919247
0000832B002822D7
0000832B0025EF05
0000832B0026CB58
0000832B00239F0B
0000832B0024336F
00008384000474BC
0000831700118FC7
3152238208
3152233654
3152243611
3152243458
3152243425
3152222326
0000832B002758FD
0000830600301632
3152239237
3152238048
0000832B00228AF2
0000832B0022845E
3153127344
3153104216
0000832B00230FAF
3153166531
0000832B00240853
3152232767
0000832B0023CD1F
3153376253
3153366462
3153060462
3153372221
3153376212
3153366106
3152306154
3153365930
3153313867
3153366446
0000832B00241376
3153365948
3153377357
3153378089
3153366304
3153377373
3153366628
3153104174
3153072141
3153070611
3153072119
3153072245
2934481689
3153070168
3153374135
3153376527
3153370830
3153218237
3153072013
3153188633
3153187480
3153376107
0000832B0023D4E4
3153376083
3156220791
3156398349
3153072295
0000832B00235D61
3153072294
3156285649
3153072256
3153313866
3153321210
3153213339
3156285645
3153193635
3153126794
3156398338
3153207384
000083840001B9B6
3153326466
3153372227
3153093437
3153125495
3153116585
3153096130
3153119835
3153073388
3153095630
3153096129
00008317001499B9
3153109147
3153126823
3153123149
3153127037
3153104206
3153127138
3153368834
3156219145
3153127384
3153301791
3153126838
000083170014FB1A
3156409577
3156321002
3153126940
3156325173
3153143985
3156323096
3156318631
3156216956
3153116686
2938837148
3156318615
3156389676
3152241615
3156246587
000083170015B676
0000832B002484A5
3153320936
000083840006BF3C
3153096131
3156248725
3156248447
3153127343
3156045788
3156246645
2934821283
3153213259
3153321178
3156312786
3156246644
3156226143
3156399296
000083170013C8C3
3156246745
3156072815
3156246730
3153366455
3156246547
2939093204
3156246689
3156246361
2938656742
3156052814
3156049187
3156246478
3156246815
3156248701
0000832B0024A113
3156075114
3156050388
3156049112
3153313961
3156049096
3156049085
3156246431
2934619586
2936468572
000083170014E042
3156048876
0000832B00239FBE
3156049284
3156024636
3156049310
3156048891
3153320864
3156048721
3156049041
3156048736
2934944808
3156053674
0000832B0023CAAE
3156263535
3156270598
3156215464
3159145498
3156399371
3156050052
3153072018
3156045858
3156286281
3156270606
3156211654
3156231635
3152243055
3156265499
3155300093
3155420832
3156045782
3155142023
3156219001
3156409653
3155250868
3155437798
3156409517
3156277003
2929499036
3156253265
3156191449
3156253243
3156231655
3381755686
3156399473
3152238275
3156193159
3156215400
3156227976
3156274097
3156217128
3156236883
3156234729
3156217917
3156263569
3153117289
3156233588
3159121198
3156218032
3156049147
3156233586
3156232276
3156214248
3156298685
3156221669
3155431605
3156298757
3156298796
2938627767
3156214225
3156273860
3155095824
3156298521
3156395714
3156319076
3153345027
3156298561
3156319103
3156255878
3156409569
3156298667
3156319011
3156298741
3156216936
3156248686
3156314980
3156247645
3156298722
3156457917
3156247682
3153190140
0000832B00230A7B
3156247609
3152242413
3156228633
3156247740
3156294648
3156399386
3156248509
3156246405
3153321246
3156075165
3156215421
3153168245
3156229391
000083170015CFDF
3156247599
3156247639
3156247596
3155429979
3153072184
3156247624
3155433525
3155434452
3155158970
3153071972
3155163706
3155148162
3155150886
3155431974
3155436363
3155429943
3155235975
3155438609
3153207041
3156248546
3156285709
3156248550
3156247683
3156248389
3156185271
3156185248
3156045380
3156185322
000083170014F146
3156028671
3156024402
00008306002500B0
3156028576
3156028804
3155964998
3156193920
3156228601
3156228077
3155441195
000083170013A943
3156228649
3156227027
3156228418
3156247640
3156228632
3152220516
3156228058
3156226919
3156253470
3156228049
3156044712
3156248521
00008306003607EB
3155148425
3156228618
3153071957
3156409496
3156075594
3156027373
3153190118
00008317001391D7
3156231671
3156233605
3155430022
3153070105
3155433305
3156189196
000083170015D9E0
3156265918
3153305490
3155166860
3156286162
3156235022
3156255458
3156240104
3156286240
3156324611
3156228064
3156234993
3156285983
3156238198
3156281946
3156250650
3156286187
3156398521
3156517041
3156235003
3156226937
3156286094
3156238072
3156514387
3156285207
3156514658
3156216507
3156238176
3156288129
3156514399
3156212988
3156298705
3156264293
3156399445
3156286037
3156285212
3156214613
3156514018
3155166815
3156409500
3156409534
3156514763
3156483090
3156483094
3156514567
3156516889
3156483060
3156258015
3156320031
3156398551
3156348626
3156239671
3155417328
3156516890
3155211816
3153070099
3155146937
3155450408
3155431818
3156239151
3156352528
3156348280
3156265663
3156483033
000083170014BB71
3156239150
3156241949
2934826780
3156424084
3156243452
0000838400008531
3155118212
3155095653
3156513958
3155446900
3156238565
3155115197
3155172701
3156348160
3155434617
3153213637
3155061018
3155449863
3155162674
3155212026
3156238570
3382619554
3156242301
3156248976
3156242926
3156243136
3156404229
3156294894
3156314856
3156339023
3156270580
3156242984
3156389150
3156286098
3153313613
3153203500
3156241398
3156483056
3156514733
3156475215
3156483050
3156475268
3153213316
3156514722
3156499543
3156511452
3156512581
3156352533
3156389291
3156483073
3156514727
3156397410
3156512841
3156499430
0000831700099BA3
3156514673
3156514503
3156483067
3156282592
000083170016D04C
3156253299
3153122999
3156511391
000083060036284B
3156514524
3156285945
3156513967
3156216858
3156324238
3156217466
3156216647
3156319045
3156216053
2936944342
3156285936
3156221687
3156216686
3156214555
3156228090
3156512836
3156228083
3156514687
3156216671
3156475182
3156514730
3156224141
3156224188
3156257305
3156235006
3156479315
3156319979
3156267047
3156251172
3156502039
3156298737
3156394997
3156314530
3156248065
3156513897
3156475415
3156516371
0000832B0027469F
3156500980
3156514021
3057811031
000083170015D5DD
0000832B0025E168
3156348592
3153203535
3156512455
3156239977
3156247634
3156514015
3156511343
3156500943
000083170016B356
3156511347
3156500945
3156500991
3156513890
3156285853
3156520292
3156479293
3156214538
3156514621
3156513944
3156514686
3156516819
3156513942
3156513983
3156514000
3156513932
3156512840
3156514661
3156462666
3156224098
3156479347
3156394904
3156224114
3156521852
3156247820
3156224148
3381808510
3156394874
3155166800
3156514659
3156394914
3156225496
3155429763
3156225578
3156514725
3156513957
3156251295
3156389124
3156247812
3150228081
3155429849
3155163386
3155166938
3155425532
3155436379
3155169100
3155436466
3155438526
3156472577
000083170014642E
3156461477
3156502339
00008317000CCCF3
3156285917
3156237955
3156515897
3155442451
3155436323
3155301483
3155166546
3155437652
3155144504
3155436929
3155141362
3155135030
3155172223
3155117996
3155143863
3155437698
3156395666
3155166922
3155431474
3156496567
3155417332
3155441440
3155435035
3155136121
3155432124
3156221200
3155153444
3155429959
3156513884
3155420620
3156427578
3156514522
3155208446
3155211942
3155442193
3155441196
3155133821
3155431403
3155159537
3155143976
3155153519
3155438507
3155142008
3155448640
3155244953
3155441893
3155144472
3155118052
3155168097
3155428906
3155429984
3155172845
3155133207
3155430786
3156231685
3156281796
3155439758
3156502302
3155420616
3155419347
3156282885
00008317001536C4
0000832B00236B42
3156312052
3156216056
3156286196
3156286251
3156324530
3153213785
3156212605
3156465199
3156286194
3156520242
000083170013C126
3156223305
3156049055
000083170014E398
3155432897
3156286050
3156286236
3156398523
3156504266
3156412635
3156247524
3156260220
3156520397
3057924000
3156502235
00008306002F217C
3156235082
3153210705
3156393959
3156249268
3156241681
3156389010
3156241818
3156513986
3156389047
3156218956
3156389053
3156247560
3156402225
3156392190
3156394038
3156418094
2934825144
3153213329
3156483019
3156216782
3156185427
3156222140
000083840004577F
3156285720
3156275216
3156185182
3156185315
3156230158
3156215905
3156285669
3156294774
3156285655
3156232009
3156294832
3156227066
3156247418
3156221057
3156185313
3156230034
3156234834
00008317001351EF
0000831700120BCE
3153202486
3155964667
3156283153
3156286331
2932124689
3156248895
3156221429
3155900333
3156304045
3156285891
000083170015CE9A
3156312952
3156216520
3156294865
3156399431
3156280182
3156294647
3156265733
3381565047
000083170015527B
3156294751
3156236901
000083170014F87A
3057827984
3382770189
3152923820
3156285858
3156409526
3156261024
3156263886
3156248352
3156445632
3156484881
3156484975
3156308616
3156311022
3156263929
3156413523
3156265151
3156304130
3156244455
3156413727
3156484939
3156265161
3156308525
3156311000
3156255312
3156304088
3156413477
3156425379
3156314569
3156304076
3153213565
3156304241
3156304083
000083170014F448
3153210734
3156304165
3156413521
3156387931
3156304190
3383154143
3156255261
3156247784
2934547183
3156347220
3156304184
3156242842
3156255983
3156241840
3156395298
3156221778
3156285725
3156242232
3156255287
3156241755
000083170014066E
3156255361
3156285992
3156388983
3156255354
3156392189
3156271792
3156216019
3156225482
3156255940
3156221826
3156255228
3156226220
3156428618
3156267224
0000831700136848
3156413606
3156257523
3156244038
3156264369
3156294761
3156303128
3156423849
3156395632
3156413624
000083840006ACF6
3156402264
3156257391
3156264409
0000831700145053
3156300135
3156260920
3156257383
3156413652
3156413552
3156413841
3156304195
0000831700121D8F
3156477854
3156265349
3156398078
3156477820
3156394879
3156218463
3156245678
3156242900
3156398025
3156303119
3156245767
2932229083
3156422235
3156278116
3156248746
3156243271
3156218521
3156215245
3156248767
0000831700146BBE
3156422285
3156424547
3156424496
3156320883
3155211598
3156265205
3156300894
2938635793
3152243473
3152296708
3156245596
3156424382
3153109536
3156243233
3156269804
000083170016AAC7
3156225712
3156324645
3156338895
3156457303
3156324825
3156494252
3156427458
3156245325
3156393991
3156393972
3156395341
3156509883
3156300184
3156303109
2935237134
3156389119
3156424017
3156514550
3156392122
3156514652
3156421179
3156477845
3156395294
3156413563
3156338912
2935175668
3382604340
3156298033
3155172337
3155434850
3156421942
2938636840
3155168062
3152238447
3155431824
3156285717
3156261048
00008317000CC16E
3155441295
3152239199
3155431623
3156509888
2931878070
3155090473
3156428254
3155450247
3155430861
3156251983
3155141966
3381734490
3155450240
3155444581
3155107287
3155172773
3155450433
3156278069
3155305639
3155436672
3155438264
3152216203
3379641784
3156413220
3156267044
3155450732
3156260967
3156277022
3155298388
3155105409
3155434152
3156395319
3155162204
3155433145
3155316062
3155431297
3156413490
3155211827
3155134001
2934315055
3155095984
3156419930
3155420703
3155211703
3155235823
3156248018
3155246739
3155429495
3156241832
3156322879
3156215130
3153213365
3156214984
3156313234
3156285962
3155133766
3155436490
3156477861
3155172782
3155211584
3155133408
3156230076
3156413623
3156216864
3155440494
3155211179
3155073480
3155197806
3156279198
3155302844
3156424166
3155125714
3382148460
3155198610
3155437292
3155450700
3155208063
3156264265
3156424133
3156402020
3156261036
3155304153
3155198595
3155443729
3155310852
3155443556
3155132387
3155443707
3155441254
3156247893
3155430724
3155420333
3155437449
3155443025
3155139269
3155095935
3155422752
2931934195
3155432669
3156215075
3155438633
3155444520
3155146306
3156395846
3156248761
3155151925
3155144350
3155144421
3155065985
3155431780
3155140838
3155429786
3155133267
3155159513
3155450369
3155198563
3156479882
3155107385
3156303135
3155442113
3155445304
2934678033
2935173721
3155438622
3155151928
3155434648
0000838400068448
3155141439
3156240262
3155418349
3156509948
3156417757
3156264309
3155302309
3155106375
3155434861
0000832B002763C3
0000831700148EF8
3155316446
3156413551
3156215999
3156215089
3156479699
3156267729
3156509905
2934512590
3155449836
3156241776
3155110667
3152316880
3156308530
3156484933
3156413614
3156246573
0000831700166E3F
3156413707
3152243426
2934553877
3156215931
3156294843
3155438341
3156226896
3156225486
3155200845
3155305990
3155451152
3155141952
3153220330
3155447119
3155449929
3155145774
3155430551
3155132183
3155160100
3155435850
3155449827
3155133935
3155157650
3155063074
3155306506
3155149898
3155132165
3155071801
3155142095
3155440049
3155437683
3155163611
3155151842
3155435383
3155196737
3155121488
3155449526
3156285727
3155449673
3155437347
3155225221
3155435021
3155417942
3155436585
3155148354
3155133449
3155249627
3155449469
3155133230
3155197425
3155247501
3155222130
0000832B002322C6
3155196439
3155172153
3155430346
3155160363
3155127756
3155303886
3155132129
3155140911
3155422604
3155450057
3155196219
3155302661
3155436649
2935759076
3155437358
3155158708
3155172786
3155142649
3155307838
3155312089
3155155145
3152397888
3155449715
3155095582
3155433246
3155154753
3155433618
3155154572
3155419600
00008317000A7E17
3155143586
3155094380
3155443425
3155437763
3403036882
3155433118
3155134691
3155160407
3155130669
3155152811
3155419680
3155424758
3155450116
3155141599
3155151908
3155440580
3155141766
3155153591
3155150832
3155196404
3155138443
3155131890
3155153575
3155145697
3156233376
3155151872
3155166615
3155132471
3155162449
3155111763
3152243816
3155154867
3155062955
3155442091
3155111678
3155159070
2931799557
3155067357
3155427332
3155428977
3155143771
3155132448
3155163905
3155442326
3155442376
3155198447
3155141377
3155128748
3155155032
3156239689
3155148511
3155089926
3156511485
3155251242
3155148104
3155132199
3381629594
3155134017
3155429635
3155198484
3155072014
3155201193
3155150450
3156260907
3155144059
3155443852
3155449811
3155450396
3155150777
3155449765
3155429932
3155249483
3155162709
3156267938
3155316030
3155435102
3155315858
3155449945
3155143620
3155449843
3155211905
3155247521
3155450416
3155303002
3155233461
3155433683
3155071868
3155148231
000083840006DE72
3155163678
3155062840
3155144576
3155143837
3155068707
2934673971
3155301617
3155246699
3155158751
000083170013C08D
3155442238
3155142736
3155446872
3155147007
000083170015487B
3155432552
2934594183
3155440064
3155163437
3155156350
3155441941
3156419725
3155134175
3155420629
3155440019
3155208144
3156413538
3155420160
3155443444
3155154164
3155155136
3155173940
3155146428
3155143564
3379689126
3155163817
3155067673
3155132049
3155451234
3155441386
2929583836
3155434957
3155132203
3155143579
3155163793
3156426151
3155442217
3155152011
3155443409
3155110742
3155140595
3380985070
3155133806
3155133770
3155146854
3155067809
3155146297
3155144214
3155450768
3155133951
3155163731
3155225278
3155435278
3155165709
3155151909
3155172591
3155142608
3155172455
3155441569
3155145207
3155163512
000083170015D0FC
3155437194
3155428827
3155135090
3155066301
3155303855
3155432876
3155146827
3155430012
3155111734
3155249671
3155131884
3155163789
3155107295
3155096024
3155436402
3155169105
3155163451
3155133761
3155145580
3155144127
3155428991
3155441731
3155441871
3155148287
3155442385
3155172623
3155203966
3152218783
3155434995
3153839371
3156413565
2934914572
3155197595
3153149699
3155163606
3155172466
3152239214
3155301352
3155068504
3155435148
2929467825
3155225237
3155305982
3152243462
3155143695
3152298815
3155153455
3155150885
3153143255
3155118141
3155301112
3155166900
3155145461
3155133402
000083840000B8AD
3155211548
3155163573
3155140240
3155140801
2929473865
3064282888
0000832B0023550F
2938234374
3155110747
3155302168
3152212199
3152220517
2934694678
3155162728
3155198543
000083170014B434
0000831700142109
000083170013F1DE
000083170014996B
00008317001329F7
000083170014656E
000083170014829B
000083170013C00B
000083170013C932
000083170013E4AB
3155133439
3155212014
2929603139
3155434062
000083060034DD54
3379702543
3379735345
3379737548
3379700949
3379735022
3379702428
3379680774
3379696589
3379754184
3159154209
3379765804
3379681682
3155434254
3379756880
3379732757
3379757107
3379740503
0000831700150AD1
3379735357
3379732882
3379755910
3379739129
3379682993
3155437427
3379682971
3379757070
3379757073
3379739167
3379748995
3379739723
3379739710
3379750835
3379756012
3379739384
3379749091
3379683107
3379750976
3155063045
3379739687
3379748971
3379739500
3379737360
3156660873
3379753996
3156160429
3379702640
3156175418
3156175555
3379702577
3379764938
3379693813
3379680754
3379735330
3156174419
3156815264
3156169485
3156919810
3379765771
3379735482
3379700030
3379681923
3154970387
00008384000458DB
3379740482
3379735333
3155435917
3156741125
3156172734
3156174441
3156740305
3379692832
3156815297
3156815387
3379694008
3156177544
3153104640
3156169529
3156172489
3155095577
3155159346
3152215300
3156815011
3156815146
3379680822
3156815261
3379755250
3155433198
3156663415
3379641890
2936977171
3379700003
3379749037
3156821070
3379750999
3379737573
3379751002
3379703526
3379750918
3379702585
3379735478
3379737344
3154990313
0000831700159837
3379695484
3380721338
3379702609
3379702620
3379749079
3379750920
3379751001
3379739541
0000838400003B08
3379750940
3379691062
3379680827
3155422742
3379681079
3379695158
3379703593
3379702533
3379739598
3379681028
3379737526
0000831700132817
3379700952
0000831700145FCE
3156041253
3154990407
3379754203
3379700016
3379734978
3379753967
3379739888
3156169470
3379750906
3379699999
3379737396
3379735268
3379737543
3379735049
3379735051
3379737363
3379740489
3379692991
3379681707
3379733292
000083170015DE80
3379683127
3379750058
3379740510
3379734975
3379757078
3379755287
3379683796
3379757210
3379733175
3156916025
3379754124
3379735395
3379734976
3379766631
3379735440
3379740494
3379737653
3379735509
3379738022
3379659822
3156173709
3379754080
3156820982
3379681787
3379750904
3379749056
3379682938
3379754217
3379737394
3156170815
3379684349
3154970812
3379688773
3379754123
3379696713
3379757257
3156815263
3379700072
3156169459
3156916015
3379737369
3379737328
3379737974
3379734988
3379737992
3379739970
3379754078
3379749131
3379749068
3379737964
000083840006C0FE
3379748947
3379754105
3155419931
3156173734
3379681919
3156820909
3379749528
3156160424
3379680821
3379739355
3156160694
3379690137
3379737527
3379681937
3379737525
3379749464
3152244364
3379754229
3379754064
3379753989
3379735155
3379753977
3379754046
3379749196
3379735021
3379729823
3379749320
2934317148
3379749324
3379749330
3156177435
3379749204
3379753998
3379737480
3379681734
3379698029
3379698977
3379681992
3379735050
3156395707
3152305107
3379640040
3379681805
3379681049
3379702605
3379749373
3379681714
2929468963
3379749404
3379681702
3379681888
3379686256
3379658989
3379749214
3379757288
3379740476
3379698084
3379738019
3156815161
3379694239
3379681685
3379694236
3379754207
3379748972
3379737647
3379734990
3156815175
3379737320
3379735107
3379754041
3154990392
3379737605
3379692899
2935759108
3379694421
3379735507
3379735367
3379737327
3379730317
3379756929
3379735496
3379694385
3379694386
3379735473
3379735425
3379734994
3379694478
3379733264
3153154503
000083170014C745
3379694343
3379735450
3379757286
3379702552
3379681610
3379735446
3379738014
000083170014B698
3379696230
3379694316
3379694315
00008317001466CF
3379681917
3379735500
3379694467
3379683387
3379694363
3379694045
0000831700148A10
3379735498
3379702445
0000838400043DD9
3379735461
3379737998
3379694014
3156815142
3379692822
3379681652
3155236139
0000831700155E0C
000083170014D262
3156169469
3379694223
3379735468
3379699239
3379694407
3155163503
3379694178
3379693965
3379698166
3379700024
3379694410
3379733157
3379694027
3379697681
3379693913
3379733435
3379733473
3379733404
3379730418
3379735444
3379733430
3379730319
3379683425
3155417924
3156172149
0000831700155F9A
3379686433
3379736803
00008306002FF6B8
3379733420
3379732915
3379683419
3379730304
3379732560
3379733487
3379732811
3379733424
3156173996
3153825987
3156815046
3156174017
3156173998
3382603621
3154970808
3379702537
3379737346
3381040327
3379733486
3379694037
3156815408
3156161528
3379736429
3156169440
3156169614
3156174032
3379737977
3156820962
3153825847
3156169272
3156172484
3379730329
3403037495
3379753994
3379735448
3379729790
3379749276
3057823257
3156169321
3156820998
3155172615
3152236794
3379753964
3379749410
3379729767
3379738018
3379729750
3379692998
3379749543
3379733410
3379739363
3379729789
3379735386
3379729831
3379749470
3379748978
3379737667
3379739149
2934836097
3154981594
3379733322
3379749476
3379739322
3379749124
3379749228
3379696180
3379754222
3379754209
3379738007
3379733295
000083170012A632
3379735009
3379694254
3379738009
3379694362
3379734982
0000831700155E18
3379683427
3379749215
3379740543
3379730346
3379740524
3379737374
3153810001
3156815271
2935092844
3379729773
000083170014608E
3156520247
3156741109
3154970781
3379754176
3379737385
3156169902
3156172690
3156166301
3379737434
3379753984
3156160389
3154971005
3156160394
3156160364
3156160443
3156168543
3379698114
3379749175
3379754118
3063199873
3156172594
3379694272
3156160407
3156172638
3379646190
3379737585
3379737345
3379650015
3379738659
3379754223
3379735489
2934841137
3379683249
3156815368
3156821069
3379698914
3154974472
3156172120
3379735432
3156741097
3379692918
3156160685
3379750016
3379695456
3379735378
3379737796
3379682945
2934692166
3379754148
3379735039
3156172178
3379683039
3156175550
3379692816
3379757058
3379696220
3379749055
3379739442
00008317001374F0
3379693941
3379749101
3379749328
3379748948
3379748996
3379750900
3379749333
3379737460
3379729797
2935718028
3379735374
00008384000413FE
3156815232
3379750913
3379694340
00008384000198B1
3379750846
3379749006
3379733130
3379754067
3156815066
3379737455
3379737965
3156169209
3379688767
3379692969
3379683167
3379738026
3153809498
3379737949
3153793036
3156741141
3379737388
3156171462
3379754060
3379696630
3156099245
3156116269
3156161587
3156174010
3156170907
3156160874
3156172729
3156740366
3156169369
3156169212
3156166683
3379683194
3379683067
3156160631
3156168823
3156740270
3156172431
3156169420
3379657572
3379648032
3379649588
2931885261
3379750984
3379644182
3379641970
3379647408
3379755245
3379641956
3379606613
3379595861
3379748992
3379644013
3379606547
3379737599
3379735437
3379641332
3379653724
3379739450
3379652303
3156815191
3156916060
3379648058
3379597536
3379655349
3379597403
3379765776
3379755280
3379647684
3379757282
3379750083
3379695277
3379597420
000083170013E823
3379653744
3379639356
3379640523
3379565637
3379652694
3379639354
3379641536
3379638103
3379606532
3379592797
3379737688
3379644121
3379699192
3379739835
3379569032
3379696286
3379638030
3379644022
3379641985
3379650328
3379592776
3379638916
3156894773
3379638281
3379593844
3379680579
3379569879
3379638215
3379637962
3379740519
3379642044
3379602259
0000830600396C91
3379602218
3379594759
3379638090
3379731867
3379737371
3379597221
3379650092
3379600274
3379647728
3379735055
3379596989
3379649442
3379647507
3156896057
3379737342
3156886086
3156903088
3379754003
2938649955
3379629278
3379739486
3379641281
3379739459
3379739872
3156169193
3379644309
3156897833
3379597280
3159130525
3154985697
3156885774
3154991116
3154990428
3154988255
3154968670
3156171604
3379737549
3379698077
3379594960
3381713997
3154968809
3154969350
3154968830
3154968855
3154968843
3154981373
3379692910
3379754110
3156896769
3379750870
3154980971
3154981582
3156900375
3156906359
3154985772
3379689345
3382274675
3156907867
3156900126
3154991070
000083170013ABF0
3156900183
3156906294
3153707554
3156907770
3156906388
3156906332
3156907749
3379594937
3152216658
3379733259
3379644111
3379638164
3156891397
3379648397
3379657330
3379629840
3156892523
3379683372
3379632882
3156884267
3379568966
3379681672
2938603287
3156891996
3156906443
3379629880
3156906358
3379636076
3379649296
0000831700150FA5
3156889871
3379633800
3156899032
3156900207
3156899002
3156899270
3156899265
3156895220
3379650453
3379739733
3379592681
3379737975
3154981136
3156821003
3156669217
3379696263
3154987818
3156172292
3156891588
3154980951
3379638024
3156898977
3379652669
3379657668
3156895271
3379597521
3154981954
3379737534
3154968868
3379650159
3379757207
3379606363
3154981153
3379653798
3379592912
3379595620
3379639289
3156266985
3379660842
3156903234
3379592504
3156661186
2932193803
3379644217
3379571435
3379740463
3156908978
3379639222
3153303357
3153127349
3156892411
3156899980
3154980975
3156907272
3379592639
3379596696
3153789857
3379740487
3156898990
3156892398
3156892538
3379592499
3379647608
3379643546
3379573322
3156906424
3153789777
3156903701
3379737446
3156899162
3154981078
3379606741
3379650352
3379595096
3379650200
3156899165
3379650158
3379638282
3379648757
0000838400000B61
3379690849
3379638177
3379649300
3379740501
3379640391
3379648709
3379638254
3379650244
3379649426
3379639317
3379650340
3379648773
3379650408
3379638172
3379640822
3379648788
3379650455
3154985736
3379692980
000083170014B442
3379644078
3379650248
3379644079
3379638073
3379596965
3379652801
3379638250
0000830600360160
3379638220
3379650366
3156899229
3379641481
3379735504
3156906393
3379647871
3379650351
3152235171
3379714959
3379647723
3156889916
3156889848
3156889823
0000831700135F7B
3156884207
3156907873
3379598812
3153303346
3156907948
3156889856
3153303303
3153303297
3156891287
3153707533
3153707564
3156900246
3156899379
3379652825
3156900180
3379657411
3156911138
3156906473
3156906479
3153303298
GZ20080130305574
3379639235
0000832B00282B53
3379593793
3156907829
3379649515
3379608795
3379650491
3379592629
3379594916
3379597567
3379649388
3379652285
3379639229
3379739900
3379657569
3379644048
3379657589
3149369146
3153135379
3156889923
3379610438
3379571454
3156885960
3379602241
3379638078
3379637134
3379680800
0000831700151F08
3379647439
3379692929
3153707590
3379571455
3379644101
3379637933
3379657858
3380077952
3379649688
3379597511
3156874682
3156881393
3379714288
3380051488
3380052058
3380041998
3156877135
3380045827
3379764096
3380042154
3379707438
3379713410
3156879521
3156876276
3380039422
3380038892
3380040234
3380041404
3380057232
3156876668
3156881383
3156881229
3380054657
3380040556
3380040625
3380054632
3156881900
3380047925
3380038766
3380038899
3380045987
3380062221
3379670344
3380048296
3379665774
3156916426
3156916443
3156916375
3156871774
3156874923
3156878258
3380042138
3380042044
3380042063
3379727371
3156875759
3156879567
3380039423
3380062262
3380057733
3380052642
3380053071
3379722680
3380040603
3380040703
3380048109
3380051930
3380040217
3156890910
3156899615
3380048331
3379717601
3379665660
3379665677
3380042155
3380046004
3380046021
3380045773
3379706419
3379757252
3380051943
3380061626
3380048205
3380041462
3156881278
3380040963
3379722719
3380040792
3380040584
3380040589
3380048062
3380040591
3156890955
3156899681
3380040310
3156899669
3380048091
3379663634
3156890945
3156887056
3156880192
3156890961
3156881301
3156890952
3156876423
3156880168
3156916448
3379727286
3156881266
3156874868
3379717606
3156876295
3379562695
3379717651
3379717874
3379973396
3379973519
3379973512
3380050671
3380050550
3380050460
3380061491
3380061583
3380059235
3380061959
3380061812
3380040735
3380054667
3380048173
3156914727
3379717663
3156879085
3380013830
3379562520
3379722338
3380010834
3379717550
3380040814
3379717523
3156875710
3380040530
3380050960
3380047585
3380061793
3380061693
3380061819
3380040766
3380040633
3156875272
3380040420
3156872755
3156875958
3379713388
3156876143
3156877192
3156879124
3380006478
3380053916
3379713472
3380040704
3379717620
3380040738
3156914957
3380040778
3380040246
3380039287
3380045927
3379676795
3380061787
3380057787
3380051084
3380041715
3156919092
3156919109
3156918930
3379717553
3379674963
3379724297
3379562430
3156880006
3379705608
3156876410
3156914404
3379680196
3379709695
3379710786
3379677052
3379674949
3156878400
3156879818
3379744598
3156831550
3156879142
3379733314
3379707291
3156878384
3379638098
3379653742
3379657397
3379652190
3379602179
3379602563
3379610295
3379740480
3379592812
3379629509
3379657695
3379599389
3379637841
0000831700150AA7
3379694302
3379602962
3379640737
3156899733
3379633873
3379652666
3379596924
2934906654
0000832B00228598
3156891709
3156906580
3379735125
3156898946
3379694271
3153789915
3156899212
3379606929
3379754153
000083170014B371
3156742839
3156889868
3156899015
3153789827
3156903691
0000832B00231D6F
2934324503
3379654491
3156889850
3156889831
3153303340
3379621687
3379613519
3156884184
2935759208
2935097141
2935761907
2934605598
3379638249
3152320922
3153707598
3156899225
3379650123
3156889875
3380033123
3154990972
3156908024
3156895224
3156899306
3379632845
3156900394
3153303227
3153789769
000083170014F8ED
3156906431
3156899760
3153789941
3379653781
3154983244
3379600268
3156906528
3156467468
3383319196
3156906493
3156907935
3379657355
3153303199
3154983225
3379723276
3156891898
3379723630
3156906406
3379647426
3156907769
3156593945
3156899010
3156900057
2935729885
3379657396
3153792440
3379652296
3379592764
3379657615
3379657697
3153303228
3379638109
3154982188
2935668173
3379657284
3379652227
3379657650
3379657389
3379621650
3156906487
3379610445
3379657419
3379596706
3156899095
3156906433
3379602245
3156892621
3379602418
3379652335
3379616823
3379657427
3379637970
3380091106
3156877068
3156874788
3379562614
3379563732
3380085010
3380090861
3156881241
3379647438
3380090936
3380091120
3156881375
3379562311
3379650083
0000830600249AC0
3379592615
3156889795
3379657517
3156899800
3156898929
3379647880
3379564624
00008317000E663C
3156906320
3156884893
0000831700154E26
3379644191
3379647415
000083840006CEEA
3379602509
3156885001
3379641475
3154985873
3379650141
3379636173
3379597327
2934245132
0000831700158C29
3379566288
3379584394
3379643557
3379657974
3379641547
3379597052
3379649517
3379650320
3379639180
3379602564
3381453112
3154983199
3379643544
3379643606
2935439226
3379596871
3379592651
3156884251
3379638127
3379653809
3379650406
3379660068
3379641466
3379637981
3379642434
3379643908
3379592663
3379650307
2934833451
3379571412
3379571443
3379638223
3379649277
3379650405
3379652383
3379571424
3379638184
3155204078
3153120752
3379650262
3379637976
2934596275
0000832B00248EB3
3379594017
3379653794
3057830253
3379652904
3379639434
3379642001
3379610421
3379638141
3379653676
3379639158
3156889847
3379649549
3379592624
3379647919
3379639263
3382619874
3379647861
3379649542
3379703787
3379641926
3379610359
3379638239
3379639153
3381047446
3379647589
3156895265
3379649203
3379658020
3379639392
3379650086
3379640476
3159123341
3379644089
3152401726
3379649186
00008306003617EB
3379649219
3379606826
3379638262
3379661517
3379647135
3153707599
3379644257
3379644107
3379591600
000083170014D7B7
3379646745
3379660060
3156899859
3379638049
3156906822
3379606347
3156892300
3379571419
3379661308
3156899319
000083170016AEF5
3156899311
0000830600368801
3383175857
3379661438
3156899367
3379652241
3156900311
3156898801
3156899154
3156899192
3156899262
3156898861
3153789825
3379639118
2938634030
3380013262
3380014522
3380000449
3380013031
3380004285
3380002676
3379977411
3380013658
3380079535
3380028544
3379662602
3156876959
3156876711
3379724447
3379722750
3379766316
3379665935
3156917966
3379676949
3379719035
3380082480
3380051137
3380083196
3379674795
3379719023
3379718972
3156876655
3379724393
3156915069
3156920676
3156914725
3156875828
3156919095
3379727449
3379710802
3156920812
3379707385
3379662709
3156876922
3379742302
3380014428
3379988970
3379745954
3380056433
3379563727
3156877336
3379714335
3156879102
3380061684
3380042132
3156875073
3156877426
3380041546
3379742313
3380056972
3156919075
3379758034
3156919087
3380013254
3380003005
3379974537
3380038346
3156871672
3156879562
3156874403
3379562440
3156878435
3156875583
3379564181
3379676875
3379674639
3156914883
3156876703
3156874245
3379742276
3379666029
3379709930
3379674631
3379718893
3379717609
3379717622
3379724405
3379714160
3379742288
3379742293
3379742311
3156878077
3380014217
3380010797
3380010891
3379722685
3380018336
3156920627
3380045990
3380063072
3156920839
3380040395
3380061503
3380062184
3380050105
3380222918
3380056138
3380061780
3379707523
3156829802
3380042486
3156914418
3379709984
3379719768
3379974735
3379974767
3379721536
3380002813
3380013255
3156918944
3380007706
3380013267
3380064612
3380003029
3380046715
3380007700
3380003004
3156874755
3379707373
3379718773
3156914373
3156878336
3379749655
3379743492
3379766320
3379708851
3379717617
3379742305
3379718949
3380064551
3380005054
3380004333
3156881270
3379722715
3380010530
3379762811
3379724291
3156880776
3380014474
3379707411
3379562404
3380063097
3380055991
3380057329
3380047588
3380061937
3380062061
3379562476
3380062122
3156877524
3380042411
3380046008
3380056399
3156914479
3379747148
3379667480
3156883429
3379974754
3156919160
3156919065
3156831792
3156874010
3379729550
3379759698
3379760903
3156875512
3379718995
3379720042
3156918535
3156876682
3156876149
3379709127
3379735803
3379706773
3379592530
3156907878
3379649570
3379642743
3379603473
3379644012
3379569208
3379644170
3156899238
3156900219
3153303330
3156899305
3379644058
3379644317
3379644308
3379644192
3379648021
3379638162
3379650413
3156891345
3379750934
3379700004
3155151737
3155451158
3155211696
3156906295
3379703482
3379737979
3156165109
3156915089
3156875422
3153188535
3379718640
3379842068
000083170013E0DB
3380031416
3379841786
3379850881
3379844021
3379817915
3379838960
3379825826
3379841955
3379843285
3379841827
3380077977
3379819501
3379843998
3379641945
3379842009
3379821302
3379844330
3379839101
3379841464
3379647475
3379843944
3379817981
3379714720
3379621730
3379844267
3379825861
3379828878
3379737461
3380060312
3380044094
3380047741
3380044118
3156880984
3156918912
3156870122
3379564022
3380080667
3380091157
3380085090
3380091177
3380044105
3380058643
3379742335
3156919097
3156887258
3156876455
3156914979
3156878186
3380091085
3380091003
3380091685
3380085036
3380047781
3380043253
3379981411
3380064873
3156877628
3156877552
3379721756
3156918931
3156919111
3156870083
3379563394
3379736225
3156876770
3156914967
3379749322
3156869983
3380043053
3379563398
3380043005
3379663473
3156915040
3379742970
3380042886
3379718819
3379718860
3380042727
3380042763
3156878226
3380061756
3380049505
3380040654
3380040668
3380038967
3380044268
3380056100
3380024390
3380052154
3380052124
3380042652
3380042762
3380042780
3380042706
3156880897
3380051566
3156878398
3380055026
3380044294
3156878478
3380010992
3380060307
3380091074
3380090697
3380054034
3380088822
3380091622
3380091014
3380080733
3380024372
3380087829
3156875978
3380051597
3379562386
3379563780
3380051787
3156874182
3380040751
3380038795
3380042927
3379718739
3156915067
3380042718
3380042395
3380052143
3380052093
3380043044
3380047485
3156875084
3380051819
3380038518
3380044815
3380083512
3380078979
3380040670
3380088766
3380053906
3380040549
3380090641
3380088691
3380041882
3380011031
3380091473
3380063107
3380090911
3380085170
3380080655
3380085054
3380058268
3380058489
3380092963
3380085250
3156874452
3380040717
3379717582
3379717607
3379717829
3380049682
3380049870
3379981109
3379946599
3379946561
3380048709
3380040057
3379980141
3380042017
3380202151
3379738049
3380208311
3380185393
3380185381
3156875793
3379982972
3380004366
3379762170
3379736187
3379735734
3379982931
3379982943
3379981895
3380196114
3380229407
3380009605
3380220521
3156876361
3156876364
3379562410
3379700414
3380049242
3380049691
3156879602
3380042824
3380040338
3380051630
3380043580
3380052302
3380045993
3156876707
3379727378
3156876514
3379713418
3379743010
3380202077
3379747796
3380208293
3380208519
3380208549
3379670328
3379719031
3156872037
3380061454
3380040377
3156879533
3380049843
3380050133
3380050085
3380048854
3379992320
3380006355
3380062219
3379984707
3380051604
3380042122
3380045370
3380061606
3380043062
3380045957
3156876956
3156870060
3379727401
3156881946
3156918988
3156875549
3379743100
3156878340
3380217107
3380202123
3380182308
3380208353
3379766829
3380185450
3156876645
3379717456
3379720717
3156876679
3156920621
3156920707
3380003369
3156873076
3156874000
3379765180
3379752435
3379753145
3380016665
3156876694
3156873470
3156878338
3379733168
3379735873
3156873940
3379740190
3156874194
3156874133
3380043507
3380043336
3380002355
3379983925
3380237176
3379973579
3379981205
3380230894
3379952097
3380220519
3379717452
3379991718
3379761276
3156878991
3156875518
3379754337
3379749802
3156877589
3156877607
3380046778
3156877506
3379975888
3380010665
3380049262
3156876689
3156875153
3156876640
3156875861
3156870025
3156876650
3379562590
3379562660
3379719010
3379718610
3156876675
3156870013
3379722683
3379984744
3156881688
3156915101
3156915055
3156920691
3379989895
3379946641
3156873957
3380250859
3380004615
3380265213
3379991702
3379951326
3380229505
3379981239
3156920688
3379743113
3156877755
3156877652
3156877545
3156877302
3380040427
3379999351
3380010691
3379718960
3380068998
3379998148
3380059342
3156873781
3380068939
3379717516
3380001296
3380011391
3380049656
3379666725
3379843966
3380068946
3380049761
3403174979
3380049730
3379674516
3379666793
3380049791
3379666589
3379839035
3379817398
3379849597
3379843948
3379841476
3379818059
3379863988
3379824521
3379824406
3379818061
3379861745
3379839968
3379850934
3379644019
3379752670
3379823580
3379826544
3379861738
3379817941
000083170013646F
3379843150
3379861633
3379839084
3379707423
3379717504
3379717608
3379713425
3380064401
3379562615
3156883319
3156874927
3379563735
3380059559
3380059607
3156874448
3156880101
3379722677
3156919049
3379691640
3379707424
3379717598
3379563816
3380061678
3380049263
3380057369
3379717621
3156874464
3379562357
3156873659
3156874434
3156878088
3156871782
3380057535
3156871692
3379981711
3380011503
3156914955
3156870031
3156873611
3156876263
3156875904
3156881020
3379747659
3380052452
3380057410
3380061341
3379562332
3156876292
3156880967
3156879892
3156830693
3156831557
3380061629
3380056398
3380053101
3380055972
3380033216
3379981723
3379977888
3379996499
3380029996
3156874470
3156883452
3156871718
3156871730
3156879174
3380052588
3156878217
3380041341
3380048101
3380040193
3379562320
3380056307
3380036080
3379996419
3379994029
3156878313
3379863805
3379821900
3379861766
3379824157
2934577256
3379826473
0000831700153699
000083170014D6E2
3379839048
3379657677
3379838995
2934481003
3379838958
3379818097
3379827666
3379730947
0000838400039CFB
3379817995
3379839095
3379818031
3379841465
3152224990
000083170013B634
3379843921
3379839080
3379843838
3379647951
3379839038
3379824400
3379823218
3379824416
3379844437
3379862321
3379641328
3379844193
3379844268
3379844080
3379823479
3379819728
3379851785
3379860608
3379817417
3379844342
3379826470
000083170013D833
3379824545
3156906455
3379824497
3379817365
3379861963
3379858919
3379850992
3379844309
3379824345
3379860647
3379861741
3379647397
0000832B0025C324
3379825827
3381484010
3379847480
3379821906
3379847477
3379843177
2935115012
3152225096
3380470917
3379694366
3380331822
3380469346
3379846196
3380406877
3380414873
3379852721
2929474017
000083840001B735
3403180905
3380470657
3379828824
3381721712
3379571442
3380413986
3380471420
3380427690
3380470397
3380406868
3380403099
3380402760
3380439864
3380383449
3380360276
2931846463
3380472015
3380439311
3380330359
3380362335
3380428027
000083840001AF07
3380436583
3380390778
3380394466
3379819673
0000831700166C43
3379818069
3380365843
3380412735
3381309515
3380364919
3380395232
3156261049
2938649619
3379850883
3379847215
3380438991
3379826524
3380471393
3379841805
3380469505
3379844011
3380360199
3380468890
000083170013A0B8
3379862315
3379846851
3380468614
3380401392
3380382039
3380389340
3380360018
3380385617
3379846199
2931607903
3380470027
3380440768
3380469340
3381700692
3380469547
3380438673
3380442556
3380471507
3380362195
3380385031
3380438825
3380470546
3380391560
3380360225
3152403381
3380438832
3380432421
3379824377
3380440168
3379841537
3379825791
3379843861
3379825728
3379825683
3379824371
3379839040
3379844123
3379844246
3379847806
3379824515
3379844505
3379839103
3379838865
3379821062
3379844087
3379844203
3379842191
3379825830
3379822869
3379818129
3379824221
3380402468
3379864936
3380395061
3379847414
3380414348
3379702695
3380391409
3380428344
3380437456
3380436902
3380384067
3380388011
3380405987
3380390859
3379839059
3380437695
3380437439
3380411644
3380384095
3380409953
3380428445
3380437587
3380381361
3380422911
3380414213
3380437368
0000831700132417
3379862314
3380392780
3380437032
3379819211
3379749912
3380422909
3379863312
3380437592
3380437394
3380437515
3380406097
3380442587
00008306002F1D3B
3379863673
000083170013732B
3380389185
3380362217
00008317001567A3
3380436762
000083170014F367
3380360240
3380365848
2931783355
3380429558
2935187748
3380436882
3380330532
3403052478
000083170013844C
3380412301
3380414683
3380438420
3380443179
3380441942
3380472063
3380365688
3380436829
3380443057
3380360214
3380387671
3380413870
3380412409
3380432687
3380471730
3380405865
3380331855
3380412303
3380472093
3380331157
3379858928
3380408327
3380414410
3380420333
3380414677
0000838400045DB8
3380471164
3380425850
3380408918
3380387078
3381037931
3380383852
3380427903
000083840003B822
3380411488
3380385694
3380388197
3380471167
0000831700169A2F
3380425010
3380409716
3380383749
3380437343
3380360292
3380442477
3380385999
3380443922
3380387140
3380436791
3380388180
0000838400045958
3380408774
3380471194
3380386968
3380386026
3380381975
3380471685
3380440773
3379847804
3380388524
3380388246
3379737340
3380436847
000083170014705D
3380431178
3380383784
3380389032
3380443984
3380365831
3381734440
3380386128
000083170015DA33
3380471075
3156511358
3380406970
3380471117
3380440209
3380403826
3380383656
3380391072
3380439560
3380443898
000083840001CD50
3380444005
3380402816
3380402905
3380415632
3380427642
3380436536
3379841687
3380471936
3380470428
3380385536
3380472084
3380427977
3380439930
2934834817
3380411874
3380469255
3380362309
3380470319
3380469341
3379647926
3380471928
3380423648
3380428819
3156505439
3379737491
3380388227
3380381691
3380439553
3380391390
3379597500
3379844380
3380405122
3380438571
3380409140
3380406101
3380383924
3380420514
3380388465
3380388334
3380436802
3380365695
3380388128
3379841959
3379625714
3380471453
3380440379
3380390756
3380359989
3380425668
3380428786
3380440777
3380438932
3380425756
3380428282
3379692887
3380439956
3379597025
3380414232
3380470189
3380414100
3380440885
3380472240
3380381747
3380437449
3380437676
3380407542
000083170014D24E
3380331112
3380360116
3380469607
3380390917
3380414269
3380389223
3380438780
3380425943
3380468630
3380420113
3380437487
3380407577
3380386935
3380437313
3380431097
0000831700146A76
3380330088
0000830600384411
3380429098
3380425240
3380360037
3380428427
3380471102
3380443117
3155089228
3380472005
3380385850
0000831700136F0B
3380470338
3380438590
3380440681
3380415028
3380360272
00008317001698D6
3380299059
3379811071
3379843123
0000831700133C6E
3379821474
3380472246
3379804046
3379814501
3379835334
3379838200
000083170013752D
3380437588
3379835496
3379806853
3380279910
3379807125
3379829811
3379772570
3380279231
3379811002
3379774441
3379810972
3379773456
3380279830
2932128473
3379836064
3379819441
3380302292
3379813674
3379837677
3380301701
3380281152
3379799779
3380287287
3380296575
3380292413
3379843945
3153102773
3379837452
3379837623
3379833601
3379808710
3380293613
3379831337
3379834470
3380299193
3379836091
3380301192
3380299215
3379795337
3379796146
3380279886
3379793553
3380289707
3380304866
3380298690
3152065550
3152066248
3380471705
3152054318
3379785337
3380303222
3152065753
3380288352
3379780721
3380365836
3379780210
3379780710
3152065583
3152298378
3152066408
3152054436
3152067330
3379814479
3379785094
3379776671
3379787265
3379796738
3380297142
3379784686
3379795303
3379808767
3379808905
3379836071
3379808833
3152065580
3379781346
3380286940
000083840000BDCE
3152042775
3380305142
3379778427
3380291801
3380420539
3379792985
000083170016ABF5
3152051790
3379810996
3379784311
3379800410
3152065553
3379809403
3379813732
3382792605
3379833533
3379811910
3379837564
3379832234
3379807091
3379836103
3380296200
3379774668
0000838400002276
3380299019
3379802814
3380287792
3380241537
3379813352
3380300117
2938627709
3380302879
3379809804
3379644256
3379812109
3380239000
3379644004
3379815431
3380359996
3380415417
3380292609
3379812421
3379813307
3380301296
3379813716
3380279901
3380279589
3379649464
3380299543
3379793345
3379776650
3379813556
3379833509
3379810920
3380279982
3379835422
3379837362
3380295912
3379810980
3379802855
3379802800
3380303401
3379845338
3379838221
3379845314
3379833425
3379836122
3380294803
2932189249
3380301174
3380297379
3379792104
3379808799
3379838207
3380296545
00008317001436E6
3379833113
3380301429
3379773771
3379837265
3379779642
000083170013752C
3380303424
3379808928
3379817930
3380289372
3152061854
3380238853
3380279455
3152914175
3379808977
3380279296
3379807134
3379812103
3379825906
3379831450
3380299806
3380279730
3380279838
3379837747
0000832B0024528D
3379844210
3153154396
3380279915
000083170011C49E
2931842547
3379837322
3380287546
3380280593
3380281926
3379836486
3380281968
3379837816
3380283717
3379802948
3379813100
3380301273
3379802005
3379815662
3380280140
3380288114
000083840006BC88
3379812068
3380305320
3380285920
3379802033
3379802225
3379800833
3379836133
3379831372
3380304919
000083170013D2F3
3380281810
3383142091
3380288508
3380284334
3379835588
3380303466
3379814541
3380299381
000083170014E660
3379837329
3379801793
2939096331
2934386730
3379811051
3379808937
3380239032
3380302318
3379836024
3379809503
3379802202
3379835988
3379803167
3379771506
3379835370
3380279899
000083170015C5CB
3379774489
3379837372
3379837295
3380298997
3380288587
3380301591
3380286509
3379773730
3379808808
3379804779
3380287672
3380280685
3380299216
3379836136
3379840040
3379789982
0000831700158633
3380280582
3379800892
3380285730
3379811834
3379804740
3379807060
3379832110
3380297296
3379802306
3379801691
3379809476
3380836200
3380771052
3380299790
3380842675
2939111024
3380825792
3380817276
3380836203
3380762499
3380842700
3379800782
3380835189
3380772309
3380827942
3379835476
3156374838
3380772329
3380771859
3380841943
3380909941
3380757649
3379800040
3379829829
3380928319
3380770454
3156899163
3380927752
3380772126
3380761131
2938602433
3380868957
3380506938
3379814565
3380779245
3380856370
3380760209
3380771816
3380290294
3380747922
3380773203
3379833646
3154968890
3380279650
3380754137
3380771832
3380305477
3380898625
3380294652
3155431982
3380899219
3380773006
3380898707
3379774556
3380794249
3380753617
3380812459
3380748188
3380826267
3380773048
3380749198
3380331801
2929489383
2931990473
3380909617
3380776599
3380899015
3380775013
3380829421
3380812029
3380780892
3380747237
00008306003B98C4
3379644000
3379788571
3380898755
3380780839
3380796766
0000831700136541
3380786909
3380812072
3380909910
3380797898
3380773077
3380930286
3380775705
3380736577
3380772944
3380783219
3380280522
3379804766
3152062918
3380835406
3380815126
3380797687
3380826220
3380927273
3380927281
3380785517
3380772922
3380750856
3380831357
3379773497
3380816561
3380814840
3380757863
3380775157
3380773186
3380803577
3380772313
3380786491
3380743172
3380786979
3380816378
3380827832
3380756894
3380797744
3380742674
3380752987
000083170015E577
3380796527
3380755698
3380816257
3380747935
3380807972
3380807542
3380771338
3380767562
3380807770
3380812398
3380850228
3380807822
3380741197
3380764181
3380752412
3380807919
3381483663
3380771910
3380786257
3380816479
000083170014244A
3380772215
3380776769
3380757755
3380759263
3380761797
3380856411
3380816509
3380776766
3380816224
2934518395
3380816232
3380781475
3380936957
3380766054
3156899105
3380773169
3380780831
3380812347
3379831838
3380297439
3380778506
3057895672
3380786425
3380828083
0000832B00272A7C
3380773280
3380743385
3380785866
3380776767
3380932182
3380774082
3380784919
3380774003
3380773771
3380753497
3380784852
0000832B00238284
3380955684
3380770994
3380773888
3380786225
3380931086
000083170016A38E
3380742277
3380754949
3380764961
3380772426
3380785771
3380794083
3380798969
3380842891
3380781506
3380851886
3380786457
3380742339
3380907985
3380827029
3380850261
3380773614
3380796789
3380812621
3380778114
3380778084
3380927374
3379594572
3380778083
3380797205
3156299980
3380796248
3380786809
3380743386
3380837736
3380850721
3380782642
3380780849
3380760363
3380786784
3380850065
3380771412
3380898357
3380931247
3380801975
3380792240
3380850266
0000831700139775
3380297575
3380854756
3379820400
3380781760
3380772125
3380750720
3380924823
3380797348
3380760599
3380856459
3380740449
3380911738
3380770490
3380770476
3380836998
3380786719
3380850322
3380759208
3380772024
3380391255
0000831700160408
0000831700136856
3380772342
3380359965
3380779424
3380420167
3380770507
3380760924
3380798024
3380772488
3380755653
3379812282
3380927767
3380899922
3380777213
3380854457
3380854600
3380932873
3380759650
2935180899
3380739553
000083170014D6A3
3380782139
3380761143
3380815114
3380749886
3380787830
3380812493
3379822832
3380810186
3380782548
3380738944
3379837962
3380788331
3380844150
3380927261
3380776799
3380927351
3380933243
3380771718
3380800660
3380930201
3380854439
3380845106
3380760167
3380772966
3380759850
3380812017
3155425679
000083170015D87B
3380929621
3380856383
3380807721
00008306003A8625
2934943448
000083170015D7ED
3380798203
3380771323
3379799698
3380928409
3380856505
3380302163
3380802004
3380755550
3380792423
3380771021
3380767490
3379841903
3380771789
3380835902
3380786249
3380825698
3380786485
3380766789
3380762278
3380770012
3380763029
3380767503
3380842613
3380783802
3380783820
3380769715
3380792901
3380752247
3380784718
3380776817
3380781029
3380748134
3380771803
3380783799
3380781516
000083170014307E
0000831700166DE0
3380773931
2941246763
3380742703
3380784808
3380786438
3380743788
3380784843
3380785769
3380816544
3380781648
3152052574
2938650067
3380782405
000083170014D696
3380815363
3380787926
3380898529
3380801940
3380749206
3380927200
3380927300
3380819150
3380745398
3380830774
3380744483
3380738919
3380828619
3380898335
3380778540
3380744142
3380898756
0000838400000949
3380829333
3380736426
3380360039
3380736689
3380738157
3380775837
3380469515
3379825868
3380738633
2935127498
3380764551
3380816320
3380898846
3380740947
3380739949
3380736447
3380787481
3380758211
3380429435
3380331652
3380781450
3380781526
3380781510
3380762369
3380924880
000083170014E5CE
3380792872
3380743507
3380773871
3380793428
3380773537
3380742452
3380736780
3380854451
3380738510
3380743200
3380812475
3380822926
3380841350
3380785723
3380773321
3380741273
3152231883
3380286063
3380927529
3380785711
3380745077
3380786493
3380740641
3380782279
3380787841
3380927437
3380850235
3380815445
3380854483
3380745450
3380782017
3380927523
3380815220
3380761889
3380742345
3380761019
3380772160
3380788116
3380772034
3380798575
3380793360
3380772006
3380847390
3380856485
3380771854
3380761126
3380777174
3380772229
3380778628
3380854485
000083170014DFF9
3380854522
3380771971
3380771874
3380744509
3155430240
3380786169
3380774996
3380784801
3380753793
3380756045
3380766431
000083170015D75D
3380762411
3380898453
3380757827
3380818693
3380827924
3380802125
3380784613
3380835295
000083170015DB1D
3379680902
3380899051
000083170016A30A
3380760195
3380766306
3380782173
3380760222
3380829486
3380767914
3380759202
3380840352
3380757795
3380829559
3380786560
3380788001
3380783022
3380832359
3380782677
3380442097
3380930062
3380831510
3380801917
3380739002
3380825822
3380767318
3380783079
3380829551
3380780250
3380784003
3380801704
2934390042
2934874916
3380782951
3380765687
3380905060
3380776770
3380807334
3380739211
3380772132
3380927768
3380777441
3380782777
3380764771
3380769476
3380773651
3380764851
3380769498
3380760844
3380764770
3380787837
3380769249
3380414799
3380736717
3380764526
3381601270
3380766009
3380769193
3380772011
3380793881
3380766133
3153143234
3380769383
3380861872
3380854743
3380769334
3380931318
3380791668
3380762156
3380766436
3380769400
0000831700159A28
2939116761
3380762291
000083840006EE89
3380777697
3380786557
3380679075
3380694135
3380645135
3380694479
3380726480
3380719102
3381488652
3380655612
3380651867
3380711167
3380474134
3380841501
3380700620
3380733217
3380722781
3380682279
3380694894
00008317000F6DE3
3380638724
3380680296
3380678661
3380733314
3380710704
3380707925
3380694839
3380647841
3380726545
3380645200
3380771659
3380644986
3380727842
3380694884
3380639373
3380719586
3380652278
3380652640
3380678932
3380565584
3380725522
3380715293
3380700877
3380714121
3380725606
3380721244
2934906514
3380719287
3380712836
3380687323
3380652751
3380693903
3380651748
3380694176
3380652146
3380660732
3380710424
3380730431
3380710604
3380722836
3380710235
3380702775
3380698124
3380722546
2932005042
3380693583
3380565685
2934969001
3380694200
3063740352
3380733168
3380702925
3380721180
3380679080
3380727766
000083840000D40C
3380691084
3380668452
3380665138
000083170015D32D
3380662419
3380665204
3380638640
3380694768
3380653134
3380645575
3380568080
3380722897
3380726963
3380700918
3380656013
3380695361
3380700797
3380700429
3380700386
3380701039
3380700885
3380700058
3380700706
3380700404
3380669734
3380700970
3380691905
3380693741
3380710211
3380700562
3380643722
3380732289
3380683180
3380645138
3380683328
3380670943
3381988880
3380700798
3380652962
3380565716
3380645072
3380669670
3380645252
3380645177
3380292423
3380645260
3380719152
3380652100
3380694108
3380645247
3380710720
3380694269
3380644400
3380733008
3380698482
3380785558
3380645076
3380644930
2934493555
3380694580
0000830600257DBF
3380680521
3380702600
000083170009B324
3380646291
3380693944
3380669834
3152221174
3380652976
3380689749
3380701025
3057709190
3380710849
000083170012321A
000083170015F866
3380856546
0000831700152117
3380680575
000083170009B419
00008306000A98CC
000083060033EFF3
3156265583
3380642205
2938190533
3063448784
000083170013C8E5
000083170013361B
3380784809
3380090820
3380090603
3380090930
3380090772
3380041829
3380054824
2931795123
3379667944
3380085431
3380051430
3156880827
3379742348
3380051639
3380090788
3156919007
3380080015
3380084973
3156880839
3156875906
3380051707
3379563800
3156918925
3379563819
3380090912
3156880369
3379676609
3156874885
3379563387
000083840002BBCC
3380718298
3379563798
3156881108
000083170015DEB9
3156873670
3380638798
3380061535
3380054910
3380051352
3156874077
3152318385
3156918899
3380044024
3380044221
3380048234
3380048148
3380044368
3380083261
3380047626
3380079376
3380051623
3379973916
3380051562
3380028307
3380062137
3380044382
3380047827
3380047932
3380061715
3380638663
3156873600
3380054774
3156873623
3380051407
3380090795
3380048121
3380054943
3379719926
3156872501
3380051393
3380040764
3380038911
3380051273
000083170013D4D1
3380038900
3382936149
3380655981
3380051402
3380041717
3156878420
2940239099
000083170013B63E
3156258273
3379752580
3380055448
3380051595
3156871682
3156873587
3380047882
3379666596
3379562599
3380646286
3380694857
3380474665
3380685004
3380729358
3380643865
3380653148
3380638356
3380061619
3380660413
3380718920
3380722592
3380729033
3380729139
3380659587
3380670868
3156871743
3156870070
3379666656
3380643754
3379714191
3380690298
000083840006C0CC
3156874461
3156873114
3380042424
3380040752
3379562811
3156883703
3379713441
3156873844
3379753211
3380040796
3380805931
3379765732
3379752168
3380643698
3156874847
3156874994
3380038862
3156881075
3379720748
3156872743
3379720751
3380706978
3379707371
3380661175
3156874417
3379720636
3380709765
3380705331
3380709705
3380474714
3380474774
3380474728
3380707899
3380728266
3380658817
3379752484
000083840001D1BA
3380083996
3156875995
3156874389
3156872926
3156915100
3379718527
3379747462
3380047968
3380051344
3156879146
3156878205
3156876466
3380062129
3379986621
3379986670
3380643515
3380056415
3380056503
3380042813
3380044419
2934338288
3380042787
3156871725
0000831700121CD7
3380051755
3380639176
3380057291
3380044231
3380056419
3380056083
3380057449
3380057299
3380049991
3380710406
3380041708
3380057436
3380039006
3380056813
3379724446
3380057413
3380051551
3380043105
3380038876
3380050303
3380051693
3380048208
3380053937
2934480565
3380051522
3156878239
3380047931
3380057429
3380051472
3380047960
3380051401
3380061993
3380048003
3380051397
3380057739
3380056589
3380049289
3380056615
3380040294
3380056768
3380051836
3380042013
3380678486
3380807536
3156874475
3380061601
3380038863
3380779090
3380054844
3380038877
3380056760
3380679086
3380668712
3380056561
3379988987
3380007002
3380063068
3380040216
3379757043
3380047964
3380039299
3156875546
3379718848
3379718638
3156878302
3380040793
3380051726
3156879587
3380060568
3379759726
3379717657
3380662320
3380041967
3379709034
3156874458
3156871729
3380042055
3380705094
00008384000467CB
3380051390
3156831713
3380642929
3380047993
3380051410
3380054658
3380041833
3380051386
3380042052
3380041837
3380047969
3380041912
3380041805
3380047995
3380051530
3380042059
3380042018
3380030143
3380051578
3379761033
3156915078
3380051409
3380047982
3380044347
3380048247
3380056392
3380056778
3380056295
3380053898
3380056797
3380041702
3156884230
3380044387
3380222872
3380706311
3380061653
3380041269
3380052214
3380049306
3380057263
3380653707
3380052210
3380057234
3380057221
3380052757
3380056536
3380041598
3380060617
3380052683
3380044414
3380710602
3380040611
3380064565
3380041396
3380041360
3380057096
3382770081
3380041626
3380041517
3380061358
3380052611
3380056826
3380039407
3380041505
3380052229
3380041437
3380039371
3380647341
3380039435
3379670449
3380565734
3156878374
3380052671
3380052617
3380052081
3380039375
3380052663
3380040534
3380222919
3380041450
3380052035
3380052554
3380041433
3380706928
3380044278
3380042771
3380057057
3380041451
3380056481
3380056310
3380039427
3380056420
3380043079
3380222824
3380044351
3380222836
3380222943
3380222878
3380692243
3380702940
3380640486
3380652037
3379718534
3380715274
3380653796
3380649364
3380696080
3380657516
3380638772
3380718202
3380512019
3380730530
3380670776
3380672704
3380657628
3380646964
3380703177
3380719202
3380694774
3380680764
3380041651
3380056601
3379755077
3380055939
3380734372
3380052430
3380052508
3380652664
3379744215
3380039387
3380042653
3380056358
3380056461
2934599728
3380042042
3380650486
3380648237
3380691482
3380694579
3380056323
3380728821
3380674040
3380696483
3380657618
3380661191
3380711910
3380704970
3380678653
3380728876
3380674083
3380726751
3380473423
3380657663
3380714695
3380696509
3380479024
3380479124
3380711909
3380667352
3380667431
3380056827
3380058625
3380057445
3380055981
3380056893
3380039330
3380056470
3380056537
3152066509
3380056002
3380661026
3379718807
3380042485
3380056987
3380056559
3379562823
3379562758
3380057452
3379562677
3380061578
3379747391
3156873099
0000831700147AF1
3379760588
3379713508
3379562705
3379755283
3379562776
3156881705
3380044377
3156878261
3156873120
3156878273
3379740419
3156878233
3380715742
3380719848
3380708268
3380691303
3156871724
3156878270
3380721423
3380729691
3380646881
3380728573
3380728582
3380731514
3379735954
3380729295
3380729865
3156878210
3379765567
3380042806
3156881722
3153104854
3380222958
3379766943
3379764062
3380669875
3380649150
3379765633
3379563813
3379763320
3379757220
3380055957
3156914442
3379743422
3380043085
3380639448
3380644452
3379764036
3380264446
3380694853
3380647197
3380729644
3380721078
3380664262
3380220489
3380643808
3380711748
3380660957
3380710445
3380724418
3380194739
3380644186
3380645214
3380687660
3380687962
3380216731
3380512518
3380718841
3380683048
3379748620
3380708463
3380694824
3380707865
3380684770
3380644117
3380639451
3380680527
3380687820
3380237619
3380695587
3380650031
3380680093
3380700591
3380641439
3380687936
3380659336
3380679587
3380679957
3380643616
3380688047
3380695561
3380655331
3380232933
3380042457
3380226165
3380706798
3380715854
3380715882
3380702566
3380680581
3380237581
3380656109
3380706872
3380008629
3380661712
3380720254
3380640297
3380681027
3380730016
3380729992
3380727174
3380723842
3380693080
3380687166
3380645440
3380652062
3380682541
3380680933
3380657750
3380725168
3380670270
3380729985
3380729944
3380727213
3380724080
3380730101
3380682941
3380670876
3380724857
3380670802
3380688307
3380693085
3380693545
3380688081
3380702748
3380652081
3380683690
3380683793
3380730867
3380717692
3380643702
3380721482
3380727280
3380696475
3380645278
3380725369
3380728946
3380729204
3380701722
3380693683
3380674418
3380474660
3380693219
3380652821
3380722130
3380719453
3380220449
3156873943
3380680487
3380706756
3380656132
3402774231
3380668705
3380653748
3380695048
3380639217
3380012606
3380680613
3380702773
3380005706
3380009295
3380658848
00008384000065E0
3380013860
3380004241
3380728674
3380695585
3379756518
3156914624
3152300989
3380059532
3380051746
3379760197
3379718544
3379749895
3156879930
3379743764
3379717592
3379663760
3379718570
3379563420
3156876628
3380005934
3379749748
000083170015CB24
3379562304
3379675129
3380679705
0000831700142BA6
3156878182
3156875467
3156874431
3156875964
3379666258
3379675970
3156873712
3379666668
3380082643
3380005753
3380051976
3379676562
3380039440
3380040614
3380062312
3380039351
000083170015FC45
3380040579
3379563781
3156875773
3380014064
3380038783
3380721664
3380731551
3379666722
3379562750
3380721546
3380727520
3380648737
3380090768
3380090791
3380040700
3380194951
3380039416
3380039400
3380040497
3380054622
3380014490
3380699246
3380654619
3380684684
3380009202
3380039311
3380040695
3380049239
3379729811
3381266733
3380048136
3380014466
3381252294
3381264144
3381249538
3381209074
3381266527
3379736087
3380668649
3381224402
3381213492
3380237653
3381213867
3156878325
3381213916
3381246052
3380679582
3380708144
3380641954
3381212439
3380648483
3380711846
3380727567
3380727455
3380690678
3380678650
3380727543
3380710176
3380687141
3380679839
3380666974
3381244455
3381213589
3381226358
3381209689
3381257198
3380082954
3381250235
3381208299
0000831700142983
3381251728
3156873987
3381245445
3381264439
3381264369
3381208600
3381249737
3381224407
3381245346
3381250354
3381245397
3380039421
3381213292
3381245688
3381226492
3380226177
3381244649
3381251921
3381242097
3381225545
3381245545
2931781421
3381210873
3381266874
3381243860
3381250351
3381227502
3381213502
3381245466
3381260072
3381209730
3380222966
3381224386
3381208181
3156878319
0000832B0027FE65
3381209743
3381224794
3381246015
3381243570
3381213394
3381239924
3380039338
3381224883
3381210324
3381209096
3381212009
3379727339
3380226201
3381212786
3381257468
3381265369
3381239592
3381240907
3379764742
3381228182
3380671606
3381208573
3381267241
3381228809
3381250221
3381265003
3381251924
3381211354
3381210693
3381233753
3381249744
3381226614
3381249972
3381212444
3379754802
3381250381
3381224826
3380707963
3379707440
3380707974
3381265141
3381210648
3381250431
3380981960
00008317000B0424
3379761238
3380679556
3381249163
3381209008
3380008594
3381209763
3381268361
3381251983
0000832B0022EC99
3381267745
3381227375
3381226025
3381244743
3381253865
3381244566
2934703891
3381210776
3380012880
3380672655
3381245514
3381266870
3381210337
000083170015DECD
3381264928
3380009355
0000831700169FF1
3381211210
3381208712
3381224394
3381264555
3381245525
3381241994
3380009201
3381208355
3381212791
3382706840
3381266491
3381241126
3379745016
3156871615
3381227561
3381208870
3380044451
3381251704
3381210878
3381212461
3381251902
3381210295
3381265049
3381267413
3380980715
3379750795
3381210890
3381211288
3381210882
3381213249
3381208216
3381224792
3381208317
3381213456
3381250371
3381251976
3381250416
3381245477
3381259778
3381228546
3381262947
3381262097
3381208931
0000831700134CD9
3381212821
3381257301
3381208728
3381532867
3057819507
3381264515
3381210271
3381249730
3381224739
3381250341
3381264895
3381246018
3381242323
3381266350
3381226246
3381260607
000083060036577C
2934322949
3152233799
3381268597
3381208151
3381624578
3381683750
3381213251
3382613234
3381211980
3381545609
3381754300
3381244357
3382599617
3381731017
3381618210
3381618214
0000831700145A0F
3381731174
3381754412
3382605770
3382623486
3382601572
3381525751
3382602037
3382599782
3381733529
3381721287
3381681676
3381522108
3381522229
3382607774
3382603641
3381653831
3381524913
3382602017
3382614827
3381208892
3381727310
3381245501
3381542990
3381521925
3382618809
3380727190
3381248614
3381198996
3381529378
000083170014D7DD
3382594608
3382610933
3381502481
3382611216
3381529244
3381665677
3381738129
000083170014D719
3381683596
3382594547
3382607405
3152321578
3381228093
3382601442
3381208325
3382594559
3381498345
3381683749
3381213374
3382618851
3381738003
3381529492
3381503000
3382617849
3381664584
3382614655
3381664749
3381490118
3382611097
3381498475
3381490133
3382598170
3382607306
3382607406
3381358916
3381484636
3381245511
3381253493
3381243623
3382623418
3381723933
3382618987
3382611302
3381209728
3381731050
3380222818
0000831700155F05
3381208302
3381476636
3381738067
3382623638
3381485479
3382607254
3382622414
0000838400002943
3381720999
3381664391
3382624858
3381664352
3381561520
3382601471
000083170014A2F7
3381227649
3382624715
3382624756
3382622422
3403175847
3381664632
3381490151
3382614457
3381727162
000083170015252C
3381500659
3382601385
3381529251
0000830600345764
3381500414
3381545562
3381490208
3382610216
3381226666
3381665751
3381683780
3382624840
3381265168
3382623524
3381737246
3382611042
3382601325
3381525876
3152221999
3381738178
3382606485
3382598233
3381729290
3380728618
000083840001B640
3381757605
3381526908
3381653952
3381679880
3381665742
3381757547
3382607694
3381526793
3381526895
3381262142
3381722017
3382605644
3381757396
00008317000B00AF
00008317001196AA
000083170014D22E
3381211578
3382593146
3381757367
3381757516
3381741117
3380693428
3381477408
3381534834
3381525446
3382611071
3382606337
00008317000ED688
3382606389
3381213933
3382611355
3381209561
3382603655
3381534530
3381525278
3382603603
3381549667
00008306003373B2
3382606453
3382601832
3382603371
3382598002
3382593479
3379562719
3381733168
3382621406
3382610313
3381681677
3381679890
3381489469
3381733091
3382603455
3381733106
3382611025
3382601469
3381653132
3381552875
3381725327
3381680034
3381664538
3382607616
3382601489
3381653096
3381729691
3381526063
3381664563
3381725661
3382603540
3382614577
3382592496
3381521931
3381653157
3382591444
3381213909
3381525669
3152224474
3382619574
3382610777
3382601609
3381740506
2934851795
3382602027
000083170013654E
000083170015E702
3381210824
3382614937
3382593456
3382601689
3381525351
3153060140
3382610373
3381741234
3381741241
3382602343
3381680154
3381735669
3381680120
3381665721
3382601811
3381261768
3381476672
3381733307
3382598222
3382601871
3382593432
3381484480
3381208777
3382616449
3381710317
3382621576
3382624765
3382614810
3381534359
3381737496
3382624853
3381683680
3382594630
3381665692
3381683725
3381737066
3382592405
3382607260
3381723957
3381683579
3382601722
3382609996
000083170013C0B2
3382605588
3381680112
3381737932
3381664583
3381549729
3382591397
3152212564
3382605667
3381680189
3382602170
3381680051
3381266854
3381741100
3381741017
3382603619
3382591478
3382606384
3382610444
3381737058
3381725622
3382603688
3381525267
3382593144
3381490173
3381729864
3381752053
3381498216
3381702205
3381521959
3381757030
3381521984
3381757354
3381730733
3381729866
3381710089
3380961010
3381529349
3381529397
3382607643
3381730705
3381679899
3381490209
3381750608
3381683723
3382609982
3381526927
3403050401
3382614550
3381522095
3382601721
3381522096
3380782693
3381665676
3381710178
3382610772
3382618841
3381476574
3381529376
3153054811
3382607070
3382677376
00008317001345A4
0000838400006252
3381495235
3382618892
3381756973
2938650267
3382610205
3381664585
3381738106
3381522056
3382606380
3382598215
3382603421
2935102671
3152363343
3381740162
3381712563
3381680106
3381532718
3381725558
3380470902
3382593428
3382602034
3382601505
3382614565
3382603663
3382604358
3381241240
3381250495
000083170016AB29
000083170015C552
3382598268
00008317000C1F69
3382623643
3382606309
2934481792
3381264667
3382607127
3382598530
3381738217
3381727262
3382601629
3380051283
3381680091
3382602194
3382607964
3381684046
3381874778
3381680048
3381228968
3379692797
3381526093
2934415201
000083840006067B
3381534428
3382614768
3381733090
2938602173
3382610691
3381681736
3381532880
3382610001
3159134711
3062794960
3381534735
3382603680
3382624923
3381653321
00008384000024E7
3382612015
3382602326
3381525700
3381735141
3382603596
0000830600250BAE
3381736540
3155127049
3382618755
000083840005F8BA
3382616067
3381721486
3382623749
3381619893
3381757555
3381525799
3381619823
3381519816
3382618740
3381653195
3381489199
3381668151
3382616159
3381627324
3380841674
3381513079
3381710283
3381667966
3382601366
3381741118
2935435290
000083170014DD09
3381545758
2940239159
3381482663
3381522031
3381653864
3382623663
2923001161
0000838400008BF5
3381727174
3381618849
3380693467
3382601635
3382623477
2929469471
3382619681
3381501850
3381666761
3381664760
0000832B0023A60C
0000830600256865
3382601405
3381665768
3381529360
3380638711
3382615102
3382613272
3381683622
3382625649
3381714768
3381680170
2934316946
000083170016A0C6
3382611076
3381498066
3381620984
3381681715
2934611112
3381681688
3382607689
0000830600257DE5
3382606459
3381740748
3381751606
3381495307
3381525322
3382601917
3063692092
3382604242
3382603628
2931984176
3382606119
3381731238
3381539408
2932124245
3381726569
3381721596
3379633230
3379882577
3381548107
3381653849
3381723496
2929579006
3382601834
3381526575
3379633896
3381723491
2934821959
3380281759
3381649588
3381526813
3381519781
3381725942
3382606373
00008317000C55B9
3381653327
2931935619
3381725977
3382623611
3381723416
3381870989
3382623692
3381735204
2932182752
0000832B00230775
2929583539
3156635088
3381767573
3381653510
2934404832
3381683854
3381683662
3381735064
3382613473
3382613820
3381812155
3382605799
3381717085
2932135529
3381739392
3382613534
3380702494
3057831535
3381788513
3379571544
3382618230
3382604302
3382594611
3382606327
000083170013D3DC
3381810004
00008317001699EA
0000838400006BED
0000830600336B21
3381525716
3382602064
3153054767
00008384000619DB
3381703294
3381864659
3381891757
3381869749
3379591589
00008317000A6C16
00008317001445AB
2929578782
0000832B0026D5ED
0000832B0026D1F2
3380731722
3382601983
3382601602
3381750709
3382601680
3382601757
3382610619
3382610966
2938188013
3381733116
3381740795
3382610411
3382594705
3381529185
3382610983
3381729274
3155287244
3152242601
3152297347
0000830600361897
3381757281
3382613827
3381228793
3381756911
3381757615
3381653853
3382607713
3381729298
3381653037
3381526700
3381651059
3381489346
3381502940
3153187976
3381726517
3381757548
3381756928
3382610698
3382614562
3380669615
3381648276
000083170015A605
0000832B00236BA4
3381525771
3381757581
3381741391
2929946417
0000838400008842
3381689933
3381723408
3381756971
3153082985
2935069846
3382593440
3381689984
00008306000A6868
3381524780
0000831700169A73
3381521940
3380899016
3379700035
3152299727
3382610809
3382597181
3382601863
3381721616
3380926001
2923000582
0000831700142CF8
3156385866
3156394061
000083840005FE44
3380048246
2938634088
3156248545
3382618764
3058566352
3381812207
00008306002FE044
3381622985
0000838400048094
3382745324
3382039746
3382762259
3381773963
3382755556
3382039626
3382768327
00008306002F10DE
3382737395
3382768434
3381727321
3382761211
3382745101
3382755646
3382745166
2922995529
3382769447
3382733654
3381492513
3382753087
3382037205
0000838400047E6F
3381693500
3382592936
3381726350
3382026925
3382759120
3382606507
000083840005EC42
3381723692
3381729899
3382034185
3156620506
3382731397
3382603518
3382593450
3382739411
3382731180
00008306002FD77D
3381260146
3382039586
3062792391
3382024006
3382767691
3380048045
2935082158
3382606356
3382027664
3382731473
3382730978
3382618199
3381817114
3382759067
3156072598
3381725624
2934239742
3382711885
000083170013FA30
2932185793
3382031405
3155437428
3382595945
3382031520
3381837059
3381818572
3380682517
3381818496
3381818665
2934869602
3381879556
3152221837
2934558767
0000838400062AA1
3381671447
3152242810
0000832B0023BBB0
3381885535
3382731839
3381740980
3381887343
3381767434
3380693858
3381686988
3380728882
3381811363
3380772016
3381824192
3153168295
2938612347
3382731314
3382732756
2934986412
3381764534
3381729950
3381260012
3382709098
000083170015270D
3379657536
3381818379
3381653133
3381811261
3156166330
00008317001230FC
2938207740
3381476876
3381879589
3382023381
3057943914
3381818540
3381764414
3381817912
00008317000B38AC
3381761724
0000831700135CF1
000083170016BC59
2939132518
3382756401
3382591534
3381886833
000083840005FD00
3057834576
3057695955
3382739235
3381678271
3381764306
3381764097
3382744501
3381817913
2935679976
3381818507
3381729483
3380741179
3380672806
3153098401
3381671585
3379735472
3381810840
3381877980
3381811443
3153117133
3381811278
3381818551
3382783558
3381678479
3381792173
3381818377
3381677244
3381702369
3380669596
3382731068
3381653836
3381687035
2931943579
3379686887
3155200825
3062682024
3382023191
2934492889
3380899118
3380700589
3153366659
3381764153
3380047991
3381534674
3382615114
3156513874
3381812153
00008384000439B9
000083840006E41D
3381764361
3153128782
3381675835
3153101575
00008317000B2901
3062791699
3152317748
2924092303
3381681992
3156475186
3153100256
3381038965
3381818564
0000831700153BF2
3155844062
3381819789
2934965084
3382023296
3381173791
3057357836
3152365367
3381134900
3381553602
2934895586
3381817070
3381811304
3382042188
3381492076
3381584003
3382749927
2934548024
3381816615
3062795708
3382022874
3382745245
0000831700127F79
3380724786
3381582871
3381583991
3381477091
3381477501
3381590238
3382606004
3381579560
3379641506
3381142019
3381566979
3381460283
3381582088
3381460226
3381582128
3153100436
3381551383
0000832B0002029D
3381463998
3381848537
3381600988
3381601699
3381460334
3381517641
3381471148
3381660937
3381462650
3382025669
3381572318
2938650097
3381171041
2941246821
3381465689
3381605869
3155450436
0000838400065390
3155299462
3382756534
3381605571
3381602949
3381607152
2934835039
3381177401
3380051934
2932190356
3381170985
3381546402
3381810746
3381729484
3381589566
3381151642
3381683617
2934492281
3152241072
3381224399
3381459613
3381249702
3381459216
3381572380
3381589756
3381521387
0000832B002406CE
3381468721
3381468666
00008317000A9CDA
2934828744
3381472339
3381606864
0000832B0025E12A
3381725798
3381465347
3381549872
3063642269
00008317000C5757
3381177453
2934463997
3382028668
3379770974
3381549792
3380469371
3382739219
3381461916
3381738079
3382031507
3062820242
3057698160
3382046539
3381810152
3381492347
3381588825
3381579533
00008317000ABDEE
3152364041
3381463175
0000831700070F0E
3379653664
00008317000A8E5D
3381479642
3381664112
3382024002
3381814263
3381578760
3381593979
3379647704
2935219520
3381592889
3381593932
3152233091
00008306003A7BAE
2938835281
3382797242
3381579547
3381592342
3381593029
3381479693
3152227968
2934384044
3381578354
3381593867
3381579748
3381886749
3381834741
3381511474
3152399565
3152231816
3381589323
00008306002538BA
3381581006
3381463297
3057813221
3153350355
000083170013CA8A
3381511399
3381510026
3381567933
3381468566
3381605498
3381596499
3381592752
3381575713
3381574684
3381593908
3381578235
3381463356
3153199885
3381878011
3381690568
3380409896
3381588592
3381816745
3057824197
3379752873
00008317000C5606
3381572954
000083840006CA55
3381600883
2938614110
3381466349
3381479666
3381479839
3381472200
3381583927
3379633889
3381583199
3381580000
3381511617
3152225919
3381575154
3381495171
3381479761
3381589966
00008317000A8EBF
3381495077
3381488671
0000832B00231E58
3380438731
00008306002FD7AC
3381574809
3381501548
3381690563
3152219124
3381501595
3381588514
0000831700142D58
2934327413
3381496779
3381769036
3381463267
3380827810
3156215919
2938206754
2932191859
0000838400036864
3156047028
000083170015D769
3381585999
3381490719
3382707506
3381497039
3381589932
00008306003B4D57
000083170013FE4D
3381584825
3381490809
3381496769
3381567479
3381490606
3381702495
3381817098
3379650258
3381744696
3381834854
3381586052
3381891628
3381646230
3381891774
3381702606
3381646116
3381834771
3381702529
3381656484
3381811369
3381743591
3381729615
3381813683
3381702554
3381834799
3381836793
3381834819
3381649624
3381636936
2938600649
3381854074
3381593116
3381590330
3381588420
3381592988
3063357525
3381578721
3381477267
3381848227
3381569347
3381567431
3381593109
0000838400018AB7
3381580640
3380748695
3152324347
3381494794
3381577469
000083060033B7E7
3381592956
3381592987
3381592929
3381572236
3382595865
0000830600397FFD
2934322764
00008317000CCAB8
3382596844
3062823094
3381632983
3381810301
3381495128
3381567408
3381573667
0000838400015493
3381496929
3381580495
000083170014A593
3381861860
3381495627
3057894797
3156879223
2935495134
2935173080
000083170014203A
2935451324
3381575444
3381731515
3379757287
3381495125
3381810081
3381151392
00008317001321DE
3381151372
3381567395
3381208110
3381496749
3159111369
3381499771
3381761329
3381580799
3381586023
3381763182
3381600995
3381151295
3381810010
3156905943
2929584125
3381593043
3381689951
3062694239
2938638287
2931777565
000083840006F4E1
00008306002F104F
3381729628
2929463962
3152223716
3381574697
3382611559
3381763312
000083840000CC28
3381772968
3381726631
3381460488
2931986911
3381460569
2932198890
3381649024
3057834250
3382610894
3381460440
3381588181
3381588525
3381151379
3381151411
3381590440
3381891550
3381578079
3381551484
3381580917
3381817052
3156872855
3381600852
3381464580
2941244545
3381570698
3381589646
3381460057
3379659500
3381575025
3381479722
3381648367
3381816523
3381490839
3382611012
3381593017
3381580510
3381578651
3381578165
3381586071
3381482050
3380285868
3381680267
0000831700155B43
3152243595
3382604944
3381502038
3381579767
3381592963
3381819812
3381634881
3381767176
3381546235
3381488898
3382613548
3381569709
3381490858
3381769115
3381849494
3382607452
3381646129
3381688809
3381831990
3381750114
3381580084
000083060036192A
000083840006C6DC
3381548622
3381481326
3381499182
3381492063
3381482023
3381585519
3156879133
3381573856
3381733447
3381578042
2934322417
000083060033AED3
2934637470
000083840004815F
3381593994
3381463216
3381551340
3381710536
3381578738
3156416495
3381582984
3381573662
3381593928
3381480119
3381463155
3381592859
3381472359
3156463682
3381810126
3381580788
3381593954
3381592967
3381546015
3381570817
00008306003AD5B9
0000831700146378
3381464677
0000832B0023145F
000083170014B18C
3382610585
3381501703
3381479826
3381592893
3381767033
000083060039391F
3152223865
3381646881
3381595270
3381559101
3381559184
3381664592
3381569912
00008306000A866F
2934571753
3381559026
3381602177
3381475945
3381573693
3381814109
3381714615
3381885837
3381848994
3381750801
3381864636
3382623081
3381750601
3381724566
3381848773
3381847979
3381732456
3381814253
3381816345
3381751306
3381730044
3381891728
3381882596
3381682724
3381848309
3381891574
3381689787
0000832B0001460B
3381569688
3381864488
3381864428
3381721594
3381864590
3381750952
3381862089
3381715177
3381859255
3381646151
3381864444
3381648398
3381640015
3381766883
3381821508
3381834617
3381649395
3381700211
3381671924
3381849077
3381851184
3381848823
3381690521
3381743558
3382594155
3381853791
3381715190
3381834801
3381766870
3381750177
3381834716
3381814260
3381826240
3381834636
3381680846
3382617490
3381702661
3381476152
3380039293
3381510705
3381606956
3381474093
3381464714
3381595925
3381476030
3381734444
3381606933
3381481255
3063462279
00008306000A6942
3381584308
0000832B0027028D
3381559197
3381490232
2938826282
3381494907
3380743461
3381546590
2934602087
3156513853
3381490290
3381111673
3156893423
3381584870
3381577434
000083060037E773
00008317000AFEEC
3381482335
3381502392
2929590608
3381502441
3381559031
3381477098
3381583860
3381580458
3435661271
3156871517
3381477123
3381482221
3381587465
3381581939
0000832B00246AFD
2935037925
3063709386
00008317001431DF
3381584891
3381462835
2938884119
3156286238
3156112591
3153142927
3381584141
3381584578
3381592268
3381459821
3381583161
2934402049
3381583061
3381584302
3381605686
3156881329
0000830600346B79
3155417932
000083060036F713
3381592321
3379968423
3381479850
2931870563
3381488926
3381479111
000083060036F32B
3381575144
2932009069
2935438530
000083170015E770
2939111154
3381521974
3056766432
3381464500
3057922884
3380040300
3156068762
00008317000AE285
3381570858
2934507690
3381583128
3379562681
3381497003
000083840006BB5E
3156422272
3379826614
00008306003B73D0
3057924803
3381580668
3382599817
000083840006BF9F
3381664663
0000832B002759D1
3381766970
000083840006FC5F
0000830600250C15
3381766992
3152316978
00008317000B01AB
2938627720
3383162129
3381651619
3155360355
2939135521
3380040221
3379716971
3381250089
0000830600255D9A
2935114681
2929500016
3380694791
0000831700168F5F
2934700843
3380062063
2929453631
2934829209
3381479086
3156639781
3155316349
3382612148
0000831700155276
3156484885
2939113596
000083170015E847
0000831700118FE9
00008317001513B2
3153101738
3152188602
2929456242
3381583094
3381494879
2935115545
2929465278
3381461088
3382618868
3381489049
3381583019
3381792194
3381558884
2938853142
2931770788
3381592761
3380295875
00008306002F1D8A
00008317000AD234
2938827878
3381817101
3381573767
3382595960
3380724739
0000832B0022ED0A
3152308294
3381510060
3382603584
2929494740
3057695839
3379562683
3381723824
3156298640
3063357645
3156899952
00008306003A5BD2
00008384000069CD
3153054578
00008306000A66E6
3152220845
000083170014DFA9
3382616581
3380769130
0000838400065D16
000083170014F3C4
3156871699
2939150879
3153185138
3381479770
3063341514
2938638943
3380057165
3380048329
3379674332
3380056796
3380049531
2934510154
3382620886
3380966167
3380501370
3380967806
3380984473
3380501285
3381492101
3381487551
00008317000ABEAB
3382962648
3382935289
3380499623
3382946775
3382951133
3382951003
3382175941
3156874579
3380501266
3382171168
3380672098
3382153927
3380480122
2934665427
3382956101
3382148423
3380419967
3382947829
3380494855
3382951069
3382945251
3382164016
3382146897
3382989067
3382175584
3382955997
3382947650
3382955885
3382957316
3382195942
3382945545
3382171214
3382946749
3382060222
3382934441
3382148641
3382951042
3380967725
3382150479
3382192856
3382989092
3156881313
3382166219
3382188551
3382172293
3382942586
3383134898
00008317000D58AA
3382955912
3153075057
3156171770
3382171242
3382171191
3382191664
3062818547
3382946783
3382703573
3382192655
3382184666
3382185996
3382943957
3379676524
3382185816
3382951033
3382184502
3382959813
2935435415
3382185867
3382192714
0000831700158886
3382192340
2938632970
3381738266
3382195781
00008317000C5810
2934492611
3382605603
3057693728
3381767001
3382912816
3382184623
3382920392
3382176814
3382912731
3382914154
3382883953
3382171223
3382879196
3382920390
3382884017
3382920135
3382907644
3382878414
3382184528
3382177058
3382912938
3381743855
3382947574
3380491731
3382907516
3382884206
3380490455
0000830600340BC7
3380842623
3382913016
3382914630
3382884208
3381792224
000083170014E868
3379623432
2932223651
3382884077
3382883926
2938634046
3381797342
3153086138
3381035068
0000830600338F17
3152236231
3381792304
3382886132
3381038953
3382192457
3381024089
00008306003402C3
3381788520
3381039120
3381818053
3381689921
2939099598
3379737524
3382167451
3382165919
3381039132
3382883508
3381681654
3381664100
3381792301
3382883165
3382192432
3382886044
3381796522
3382920145
3381792126
3382883004
3381038994
2938653080
3152041778
3152216563
3382914574
3382957232
3381795733
000083170014EB80
3382176523
3382920407
3381799855
3382884494
3153100108
3382920381
3382912804
2929490550
3381349263
3382272719
3382192750
3381477455
3382186717
3382886500
3382184483
3382184603
000083170016D0D7
3382166207
3156415423
3382192874
3382192784
3382192324
3382171782
3381018732
3382914605
3382176128
2938638274
3382920326
3382184616
3382886656
3381792217
3381634983
3155068454
3382176508
3382192349
3382883533
3382914511
2934571890
3382140894
3382930691
3381039176
3382147977
3382140643
3382947840
3382907634
3383070886
3382601760
000083060030053F
000083840000CB18
3382166511
3382912923
3382192297
3382920482
2935128615
3382176459
3382192740
3382192328
2931798943
3382171858
00008317000B2869
0000832B00233D22
3382176790
3382167488
3382166420
3382172333
3382167627
2935494418
3382166113
3382956192
3382173537
3382166180
3155212788
3382192531
00008317000ED681
3382878506
3382192742
3382167874
3382176783
0000831700141CB7
000083840000AC4F
2935114413
3152318926
2939096785
3156244939
00008317000AB549
00008317000AB679
3152369024
3379666956
3382166092
3382953624
3382174232
3382172048
2934839295
3382172037
3383071105
3382174369
00008384000602E1
3382194234
3382166561
3382184583
3383071213
3382148382
3382192635
3381620477
3382192397
3382172724
3382267648
3382179938
2935114677
3382192529
3381619692
000083170015878B
000083170013D2F9
3381523929
3382185842
3382167828
3381684054
2934941886
3382155884
3382181624
3381727220
3382166474
3382167867
3382176392
3380941782
3381290663
0000831700135FFB
3381226654
3153105412
3382953789
000083170015DE72
3382194260
3382167644
3382172361
2935130888
3382185822
3382176395
3382185862
3382166448
3382174511
2932219085
3382169492
3382184567
3379692880
3382192261
3382167320
3382192175
3381558476
3383077976
3064270576
0000832B00275F87
3382172195
3382176399
3382176791
2935729790
3382192555
3382167751
3382172011
3382192258
3382185814
3155097924
3156498197
3381212899
3379704440
2941246881
3152367805
3152365441
00008317000B1FA3
3155070108
3382184556
3382172318
3382194173
3382176753
3382192508
3382167662
3382192306
3382174368
3382185921
3381490072
3382173682
3382195889
2934937158
000083170014A9DF
3382914631
3382192201
3382192231
3382167330
3382192410
2934908660
3382188299
2939116713
2935239890
000083840000271C
0000831700154E63
3382184810
3382192339
3156250456
3382192109
3382175169
3382176817
3382171989
2934959201
3382172223
3152215572
3382176376
3382194201
3382914569
3382920295
3382192423
3382947628
3382152600
3382167588
3382167317
3382166146
3381008519
3382169707
3382176377
3382171996
3382185782
0000831700134642
3382172346
3382150555
3382929631
3382171118
3382884269
3380640423
3381795656
3382880684
3382884019
3382167285
3382184459
3382884078
3382907667
2934650476
00008306003370FC
3382884113
3382884049
3382878492
3382882963
3382884013
3382884433
3382192266
3382878550
3382907586
3382193892
3382907626
3382151208
3382884250
3382880083
3382166430
3382883097
3382188155
3382167526
3382177107
3382172141
3382166509
3382150237
3382177127
3382167368
3382948347
3382172121
3382172134
3382169500
3382174229
3382177052
3382167555
3380986933
3382167892
3380992659
3380974997
3380986764
3380992721
3380998153
3380978760
3382184563
3380992488
3382920456
3382151084
3380972048
3382155319
3380992575
3382959039
3380992472
3382172260
3380992864
3380979680
3382172287
3382172031
3382172197
3382169438
3382166415
3382166479
3382176595
0000831700168F9D
3380966260
3382878480
3381782360
3382177102
3382167537
3382167826
3380992984
3382167197
3382947504
3380970396
3381799841
3382941806
3382945813
3382937495
3382167334
3380992783
0000831700155B80
3382953654
3382951503
3057919890
3382930939
3382145956
3382167998
3382175189
3382945826
3382907683
3382176594
3382943902
3382154166
3382160690
3383077852
3382172204
3382176447
3383071197
3381253905
3382957592
3382932581
3382192254
3382146606
3382945768
3382155880
3382148140
3382945942
3382961066
3382149173
3381453422
3382158878
3381127470
3382961829
3382144678
3382881004
3382146540
2934938128
3382935295
3382175210
3382960913
3382933978
3382958132
3382989199
3153128963
3382934621
3379714261
3382731005
3057693041
3382883474
3382158573
3382931996
3382172182
3382156266
3382147883
3382948679
000083060038DE4B
3382945134
3382960426
3382937988
3380953409
3382157304
3381525487
3382947149
3382907550
3382151632
3382148790
3382152043
3382947788
3382172828
3382176425
3382606958
3382171869
3381479768
3382964126
3380965814
3382158540
3382913066
3382989078
3382963231
3382961122
3382950104
3382147917
2934665418
3382941169
3382946578
3382148053
3382929507
3382157097
3382959066
3382956663
3382057759
3382944065
3382940467
3382151706
3382157581
3382938843
3382172158
3382951995
3382162225
3382158300
3380970488
3382057688
3382952192
3382059480
3382151767
3382947419
3382145657
3382962733
3382139956
3382139959
3382958714
3382939208
3382152022
3382187147
3382957634
3382140001
3382946631
3382065146
3155442180
3382193095
3382942369
3382144869
3382192425
3382947333
3382940068
3382159686
3382145723
3382926263
3382951517
3382192084
3382147893
2934371882
3382140009
3382146461
3382933863
3382957550
3382952905
3382952770
3382144723
3382924131
3382159608
3382992516
3382933750
3382944351
3382205194
3382924172
3382160205
3382936719
3382957725
3382945688
3382931605
3382948586
3382146643
3382924942
3382933528
3382954425
3382930841
3382160670
3382931484
3382059878
3382060912
3382194582
0000831700152BB6
3382065119
3382937616
3382146808
3382991917
3382167354
3382140196
3382957475
3382195563
3382157114
3382945602
3382160197
000083170016A386
3382953268
3382923941
3382989805
3382944205
3382148163
3382147889
3382162142
3382942785
3382145704
3382944453
3382945168
3382946337
3382952155
3382151743
3382149186
3382185972
3382936908
3382942658
3382157116
3382930725
3382950221
3382944204
3382952950
3382144297
3382148835
3382952296
3382149147
3382144566
3382186804
3382945154
3382936159
3382144375
3382954637
3382151507
3382933811
3382923702
3382951236
3382923872
3382160178
3382195493
3382923748
3382924227
3382937047
3382064446
3382938426
3382947336
3382951888
3382937527
3382059632
3382930193
3382930389
3382932046
3382151916
3382950015
3382057827
3382931739
3382933436
3382930204
3382963732
3382626334
3382946503
3382060923
3382150371
3382940277
3382937114
3382960989
3382968179
3382912946
3382940254
3382939470
3382944356
3382167217
3382961162
3382959088
3382963175
3381602726
3382148312
3382182008
3382146653
3382147876
3382149442
3382930365
3382939899
3382924742
3156878241
3382151726
3382151653
3382957760
2931986160
3382142260
3382940592
0000832B00276158
3382146521
0000831700152694
3382946617
3382196213
3380054597
3382951188
3382146798
3382920423
3382059419
3381352394
3382952634
3382954390
3382186038
3382930791
3382962727
000083170014FE18
3382912761
3382064449
3382061942
3382991222
3382195429
3382936074
3382912878
3382942676
3382153218
0000831700151959
3382930175
00008317001198B6
3381488830
3382936655
3382937543
3382059187
3382946926
3382950842
3382963292
3382923979
3382942687
3382941346
000083170014C14A
3382950339
3382151649
3382928964
3382140476
3382146886
3382156830
3382960856
3382146691
3382196319
3382065795
3382947467
3382152014
3382159250
3382141783
3382937255
3382963278
3382935874
3381583692
3382142805
3382157047
3382151926
3382626875
3382148164
3382952959
3382923472
3382949960
3382157710
3382912799
3382181967
3382057562
3382156189
3382949395
3382944270
3381018881
3382147921
3382112748
3382159147
3382160766
3382992480
3382195548
3382159246
3382158617
3382944878
3382151645
3382963066
3382161474
3382157220
3382973227
3382950857
3382960937
3382151226
3382962089
3382923531
3382182759
3382960536
3382949558
3381513066
3382962359
3382064291
3382966519
3382182561
3382973276
3382926722
3382960925
3382934557
3382960872
3382928659
3382962586
3382157557
3382960995
3380967966
3382196044
3382182748
3382961286
3382159582
3382151976
3382151605
3382159929
3382148982
3382152813
3382927684
3382937343
3382161344
3382960921
3382150323
3382965146
3382938589
3435402462
3383182988
3435382100
3383241315
3435401999
3435393904
3383172311
3383176155
3382145886
3383177783
3383256071
3383148820
3383171589
3383169451
3383255332
3435402529
3383141929
3383172193
3383138235
3382278707
3383119976
3382930419
3383162141
3382626368
3383120400
3383133281
3383128566
3383254985
3382945668
3383124654
3383150357
3382282443
3152226051
3383159540
3382931395
3382149786
3153185291
2934678119
3382195525
3381478773
3435428052
3382270136
3383135733
3383158002
3382276320
3383132634
3383143652
3383115937
3382272415
3383152114
3435403965
3383236874
3383134925
3383120302
3382247549
3383127261
3383115584
3383147322
3383113721
3383163166
3382281446
3382957013
3383125226
3383236737
3383120778
3382274411
3382987837
3382282257
3383147384
3382115163
3383144723
3382159987
3383163221
3382283052
3383117915
3383175946
3383161580
3383169832
000083170015DAA0
3382291050
3435401976
3435402893
3383150759
3382291069
3383127098
3435399782
3435385333
3435376381
3383175077
3382274943
3383127010
3383116824
3383137408
3383120326
3156899112
3435396807
3382961667
3435427238
3383122159
3435402124
3382175172
3382939426
3383173517
3382962517
3382195577
3383157810
3382182667
3382963226
3382945587
0000838400043E7D
0000838400009864
3383122111
000083170013687F
000083170014E420
0000832B0023CDB1
0000831700135AE1
3382988647
3382187288
3383129965
2935626822
2939092276
3381816660
3382607401
3383173243
3156659326
0000831700135FB9
3383117686
3435396654
3382280777
3382967809
3156216861
3383289257
3383279849
3435494789
3435498369
3383268968
3383282826
3383291558
3383284950
3435514428
3435519036
3435518903
3435501657
3383276766
3435507890
3435508216
3435505581
3435499733
3383269603
3435521561
3383267462
3435495894
3435498095
3383269349
3383270508
3382626919
3382195409
3435497983
3435517303
3435510468
3383279904
3435508272
3383375448
3435514180
3380702286
3435513071
3435492273
3382933962
3382934505
3382941889
3381618777
3382162054
3382937677
3379704541
2931955870
000083170009C03C
3382144585
3383244665
3382947702
3382219210
3382180333
3383244677
3435374301
3382289335
3383202143
3382198670
3435384481
3382288162
3383195620
3383219184
3383243156
3383229400
3383201442
3382256385
3382190393
3382252085
3382252246
3382183855
3435379962
3383206335
3382209884
3435384579
3383243706
3382257452
3383204384
3435384600
3435382217
3382189417
3382292754
3382208384
3383242983
3382212312
3382289962
3382210041
3383244731
3382207759
3435378330
3383208657
3383169490
3382207651
3383193431
3383187118
3382260209
3382248247
3383233168
3382195952
3435385052
3383204492
3382218962
3435373981
3382179543
3383233197
3382196881
2933283406
3382181104
3382196925
3383232373
3382199983
3382200005
3435386368
3382149044
3435379862
3435387178
3435477385
3383206521
000083840005F58A
00008384000160A1
3382291370
3382059232
3382207606
3383233143
3382952462
3383202686
3382987549
3435379884
3382212845
3381517528
0000831700098685
3382192927
3383225463
3383233222
3382257952
2934314626
3382210105
2931776216
2938602010
3382153161
3382181072
000083170014E4A8
3382954257
3435488123
3435468102
3382289921
3435478349
3435489488
3383365267
3435484734
3435465892
3435490841
3383306299
3435466083
3435488366
3435471394
3435477646
3435484911
3435478912
3435683776
3383362215
3382208488
3435478684
3383306099
3435481457
2934266392
3383324170
3383294268
3382182059
3383295552
3435481486
3435490712
3435450154
3382057563
3435478413
3383362733
3435475259
3383305238
3435681354
3435491113
3435478889
3435486912
3435681223
3435682389
3435681273
3435485711
3435486953
3435679051
3435485580
3382180377
3435478913
3435468944
3435683567
3435681154
3435466125
3383296994
3435686813
2941238768
3435462236
3435491136
3435678958
3383158078
3435466019
3383120731
3382267855
3382281037
3383324185
3435478683
3435478224
3435449451
3435469527
3435469687
3435683539
3383306198
3435694051
3435501717
3435452592
3435450302
3383361574
3435450337
3383317570
3435681814
3435478883
3383362740
3435501832
3435473556
3383294219
3435681635
3383325024
3155111449
3435379782
3435466157
3435475364
3383194643
3435465942
3435672858
3435465806
3435660861
3383303536
3435487296
3383361414
3435449579
3435469254
3435469359
3383318751
3435462438
3383115216
3383303945
3383295513
3383323305
3435469293
3435487081
3435468089
3435674811
3383322869
3435475788
3435466081
3383327709
3435466120
3435460464
3435661644
3435481347
3435682420
3435466147
3383360246
3435482970
3382209527
3435661414
3435491484
3435468247
3435480763
3383312661
3435481798
3435661634
3435487877
3383359973
3383363297
3383366908
3435482063
3435672627
3435481791
3435479768
3435460343
3435486196
3383366795
3435660858
3435681299
3435488164
3435518000
3435661349
3435468950
3382193706
3435452559
3383360140
3435478891
3383310862
3435478158
3435460397
3435478929
3435473537
3435461626
3435491144
3435478297
3435671412
3435465968
3383357957
3383312856
3383126594
3383188817
3435474394
3435681891
3382212850
3435462147
3383152060
3383152160
3383314910
3383358863
3435662089
3435487585
2934632765
3435468016
3435452300
3435448617
3383322794
3383118947
3383322854
3435469364
000083170013D3AC
3435683568
3435377898
3383295575
3383124569
3383295406
3383315756
3435469121
3435660839
000083170014D7BF
3435469423
3381669928
3383306046
3383324417
3383310085
3383326507
3383310125
3435511478
3383365288
3435460458
3383299349
3435469276
3435450305
3435518109
3383317443
3383306604
3383312785
3383310314
3435488184
3383363740
3435450179
3383306525
3435487766
3383243093
3435478936
3435449594
3435462084
3435468203
3383306550
3383312380
3435478153
3383360507
3383305933
3383307092
3383294529
3435450336
3435469015
3383306974
3435472381
3383313056
3383312150
3435666437
3435478830
3435480861
3380299091
3435487827
3435661541
3383360282
3383312179
3383361469
3383312339
3435661512
3383318934
2935114950
3435515482
3435522108
3383309488
3435485820
3435461581
3435469981
3383306257
3435478347
3435681323
3435465941
3435428016
3435683458
3435682828
3435661938
3435683589
3435484987
3383358262
0000830600250103
3383306648
3383303885
3435501894
3435488253
3383312308
3382283366
3382280955
3383114927
3383157715
3383115175
3382280567
3435428228
3383117752
3383152174
3383146687
3382281135
3382266353
3435465800
3383134693
3383141456
3435428160
3383134280
3383322810
3383299698
3435661934
3435681189
3383366869
3435467661
3435676475
3383317477
3435681283
3381460516
3383367607
3158974529
3435681499
3435491221
3383312321
3435672714
3435460709
3435466298
3435485585
3383366449
3383326207
3435685721
3383366023
3383307088
3383358599
3383368657
3383365052
3435478211
3435681284
2938234660
3435488173
3435479259
3383322887
3435475428
3383295452
3383295525
3435469037
3383324380
3435681882
3435462262
0000830600360551
3435481612
3383307021
3383324523
3435487210
3435450758
3435480838
3383312421
3435455175
3435467944
3435482037
3383294302
3435479302
3435506862
3383362539
3435482908
3435467685
3383310295
3435477965
3435450657
3383306608
3383366672
3435481383
3435661510
3383310326
3383361496
3435468224
3435694160
3381573891
3435675848
3435502119
3435694079
3435694096
3383297068
3383270647
3383312522
3435450661
3435479835
3435661381
3383295243
3435636716
3435450812
3383306416
3383363285
3383363426
3380360106
3383360053
000083170015F9F8
3435672640
3383312453
3435450777
3435469653
3435502144
3383361615
3435449633
3435468958
3383210211
3383360127
3383312774
3156741110
3380772143
3435462083
3435681569
3435481712
3383222868
3435478101
0000838400065332
3383294128
3435449057
3435466248
3435452306
3435454757
3383306264
3383368766
3435681754
3435478718
3435672634
3435469337
3383308900
3435469048
3383361631
3383296921
3435674737
3435681425
3383294988
3383295699
3435468309
3435475420
3435478759
3383297022
3435468018
3435468034
3435478401
3435469069
00008317000B1C85
3435475274
0000831700142504
3435469119
3435462135
3435462170
3383296913
3435675065
3383295438
3383310116
3383365211
3435460633
3383295343
3435675096
3435473480
3383318003
3435466102
3381749337
3383364346
3383367614
3435460588
3435460701
3435488090
3435473483
3435694100
3435487775
3381543361
2934934348
3435479795
3383366532
3435468976
3152240927
3435481657
3435478680
3435660883
3435478246
3435479785
3435683535
3383308509
2922986030
3383367090
3435660944
3435488013
3383359965
3435481392
3383363123
3383312430
3435481692
3383362982
3383312766
2935101540
3435521652
3435449588
3435450237
3383361565
3435518047
3435501899
3435694040
3383360633
3435525137
3435501911
3435501806
3435681689
3383311077
3435671047
3383308484
3435462300
3435681240
3383312763
3435449063
3383306235
3435660940
3379651263
3383358560
3435481797
3383309505
2934324952
3383364006
3435661377
3435469748
3435478392
3435661500
3435488159
3435661476
3435482922
3383357958
3383363403
3383360550
3380947528
3152234303
3383363421
0000831700123503
3435488171
3435452581
3435694039
3435636614
3383357259
3435450821
3383363428
3435481381
3435490821
3383312379
3435479816
3435515530
3435515500
3383306421
3435683316
3435481429
3435459989
3435480654
3435481705
3435694116
3383309479
3383312290
3435488041
3383363129
3383312330
3435482006
000083170015D8E9
3383306243
3435636635
3435672682
3435507649
3435665589
3383299557
3383362785
3383359970
3383363120
3383306496
3435450433
0000838400008BB4
3383309792
3435487933
3156227097
3383306397
3435681685
3435453443
3383310327
3383280566
3435679445
3383312424
3435478199
3435478183
3383360619
3435477068
3435462316
00008317001377D1
3435462010
3435485127
000083170013D30D
3435460581
3435450829
3435468388
3435502069
3383365831
3435681182
3435487863
3435460675
3435683705
3435454714
3383364358
3435478334
3435522875
3435457246
3383360474
3383361594
000083170016AB14
3435457487
00008306002553B0
3382961596
000083170015F4A7
3435461588
3383294144
3435480824
3435479794
3435674725
3435466270
3435484582
3435484827
3435484730
3383041219
3435471439
3435681480
3435681226
3435482974
3435681234
3383368733
3435683665
3435481588
3435486905
3435681409
3435469993
3435664553
3435467474
00008317001501BC
000083170016AE01
000083170014E7F8
0000831700159754
3435485889
3435466214
3383366932
3383365297
0000831700146C84
3383357525
3383312826
3435470713
3435408719
3435477468
3435457687
3435673099
3383194346
3435467558
00008306003971E5
3383357674
3435460014
3383358909
3435502104
3435675882
3435676106
3383366485
3435491304
3435438057
3152242351
3435473590
3435677082
3435675972
3435661607
3435473641
3435683399
3435683648
3435677132
3435485610
3383364718
3435478162
2941244788
000083170012D040
3383312701
000083170013D2E0
3383306050
3435473541
000083170015E9FB
3383321098
0000831700135F69
0000832B00249CBD
3383312390
3435460518
3382182859
3152363836
000083170013361C
0000831700142F67
3435677123
3381496856
3435487514
3435660932
3383366902
3435378086
3158996852
3158988209
3159008731
3158971482
3159006374
3158972001
3158921781
3158968516
3158972116
3158957416
3158971818
3158949880
0000830600365734
3159000754
3158984758
3435761417
3158969231
3158996921
3159004725
3158993281
3159000107
3158974049
3158953873
0000838400008938
3158982741
3158976152
3158969124
3158982488
3158932646
3158988316
3158977528
3158969392
3158967397
3158991719
3158970331
3158999447
3435457440
3158979458
3158968406
3159007248
3158987450
3158969608
3158984697
3159003223
3159009360
3158984719
3435490662
3158995451
3158984883
3380725751
3158969369
3158994666
0000830600362E85
3158950041
3158925692
3158971709
3158999409
3158954239
3158971667
3158976089
3158977742
3435679522
00008384000061F6
3382914547
3158984912
3158985054
3158993274
3158985238
3159008578
3158988141
3158983726
3158999603
3158982917
3156619209
3158936659
3158997766
3158992823
3158976062
3158980459
3159008479
3159010504
3158984230
3158978975
3435694246
3159005504
3158990841
3158985331
3152299440
3158989227
3158981523
3158988284
3158952504
3159009343
3435671346
0000831700139535
3158983869
3152299468
3158977828
3159010059
3158951962
3158998672
3435673257
3158956058
3158979171
3435692849
3435693753
3158979672
3158992804
2941246794
2929491866
3158993217
0000831700159335
3158977290
3158983044
00008317000B33C9
3158967342
3158955951
3158982491
3380687799
3158977256
3435738960
3158976539
3158990128
3158989878
3158989835
3159003597
3381874790
3152311060
3158969739
3158977851
3435747480
3158985916
3158970190
3159007589
3158936719
3152216364
3158969966
3159002328
3158970044
3153168159
3158970467
3435735983
3158936725
3158987712
3158968326
3158997113
3158979872
3158974149
3158984938
3158985638
3159008142
0000831700136052
3158989598
3158998288
3435735985
3158997747
3158997393
3156193397
3382959160
3158991832
3383308877
3158969698
3158968289
3158990598
3158973449
3158972137
3158988282
3380014110
3158994690
3158954478
3158972078
3158990299
3158971315
3382196389
3158974723
3158995249
3158994214
3158996697
3158972298
3158988623
3158951156
3159010281
3158981138
3158995276
3158994767
3158987984
3158945052
3158984447
3158974445
3158997639
3158995305
3381304909
3158974422
3158988190
3158993154
3158972322
0000831700142D8F
3152309657
3159007863
3158985941
3379647892
2934248284
3158978494
3158974761
3158984431
3383368750
3158998843
3383365592
3158989580
3158975442
3158974281
3158993245
3158980729
3158969181
3158923730
3158987098
3158982138
3158987481
3158984117
3158971405
3158954394
3158944907
3158989816
3158988261
0000830600340980
3158968296
3158977021
3158983868
3152309792
3158989930
3158959249
3158949377
3158952009
3158967608
3158989813
3158967698
3158973746
3158957012
3158969565
3158988345
3158931465
3158932654
3158990999
3158990089
3158990078
3158979331
3158999605
3158994023
3158994501
3158999523
3158973118
3158988366
3158985490
3158970503
3158999505
3158983278
3158989271
3159009121
3158995033
3158949463
3152296806
3159003252
3158998553
3159008237
3383366526
3158970917
3158979997
3158998900
3158973027
3435743344
3156294903
3158954363
3158990826
3159007539
3158996253
3159004803
000083170013D910
3158989165
3152398880
3435693364
3158953994
3159003028
3158995440
3156569732
3159002812
3159001275
3158996973
3158987906
3158979788
3158988961
3158970064
3435755038
3158984823
3158972690
3159006570
3159002594
3158925787
3159004826
3158983842
3158932468
3158989054
3159009720
3158976623
3382990137
3158989990
3158970291
3158974599
3158988941
3158928088
3158969274
3158954422
3380742369
0000831700146BE1
3158991738
3158972357
3158936752
000083170015DC36
3382962819
3158980087
00008317000C3ACA
0000830600344C57
3158983113
3159010538
3379648363
000083170015E7FF
3158949046
3158993603
3158971359
3158990136
3159010142
3158993214
3158923739
3158983649
3159003379
3158994766
2934855005
000083170015D189
000083170009A896
3158988178
3158997533
3159126049
0000831700135AA0
0000831700126965
3159002955
3382958654
3403037246
3153159962
3152299404
3379628693
3152320511
3158989790
2935005897
0000832B0026AC4C
3381208923
3159092624
00008317001585C5
3159147508
3382174348
000083170014DF8D
3152219233
3381702498
00008317001417D9
3159129555
2938838457
2935682135
3381580131
3152322669
00008306000A514E
3380362267
3382956020
3379835260
0000832B00275E3C
3153331437
3156278680
000083170015BEED
0000832B005449CE
2938849831
2931794389
000083170015FE5A
000083170013E469
00008384000146DC
0000832B005662E6
0000832B005664D5
0000832B00567CB5
0000832B00569ECF
0000832B00569F01
0000832B005666D9
0000832B005665A1
0000832B00564200
0000832B0054E320
0000832B00567943
0000832B00543527
0000832B00569A8F
0000832B00569D55
0000832B00566691
0000832B00562A37
0000832B0054E2D9
0000832B0054B755
0000832B0054E1F0
0000832B005430E3
0000832B00543665
0000832B00544B7F
0000832B0054343D
0000832B005653A6
0000832B00543630
0000832B005679AD
0000832B0056627F
0000832B0055F099
000083170013534E
000083170013DACF
0000832B00544B94
0000832B00560111
0000832B00569CE8
2935514612
0000832B00563119
3156899190
0000832B00544BAF
3158945009
00008317000EBDE1
0000832B00567A3A
0000831700124600
0000832B0054B007
0000832B0054E34F
3379808787
0000832B0054AABE
0000832B0054372B
0000832B00569B01
0000832B0055F35E
0000832B0056EED0
000083170011A08A
0000831700166D3B
0000832B0054369C
3435681656
0000832B00543100
0000832B00544BF1
0000832B0056FA97
3403562426
0000832B005431AA
3382026941
0000832B0054373D
0000832B00543449
0000832B00569E87
0000832B0054368C
0000832B00569E49
0000832B00567A60
0000832B00544BDD
0000832B00569E6F
3156511695
3435399930
0000832B00563C9C
0000832B00543431
0000832B00543192
0000832B005602ED
0000832B005445AE
0000832B00547BAE
0000832B00547D11
0000832B00543490
0000832B005433FE
0000832B00543658
0000832B0056FA20
0000832B00569EF0
0000832B00567B99
0000832B00543417
0000832B00564250
0000832B00544525
0000832B00241991
0000832B00544539
0000832B00569F52
0000832B00569E6C
0000832B005436BF
0000832B00544B04
0000832B00569C2F
0000832B00569B47
0000832B005433C7
0000832B00543643
0000832B00543425
0000832B00569A4E
3158981154
0000832B0056642A
0000832B0056FA01
0000832B0054B4C8
0000832B00569ABF
0000832B0055FF40
3159139614
3159150693
3159129542
3159090375
3159139513
3159139757
3159148911
3159139563
3159107717
3159128940
3159144020
0000832B0056FAED
3159107910
3159136018
3159127952
3159128448
0000832B00569D87
3159140118
0000831700148E33
3159144009
3159086793
3159102894
3159088938
0000832B00225CEB
3159143266
3159086200
3159088606
3379841984
0000832B005448D1
3159137037
3159102700
3159089947
000083170015C405
0000832B00544BD6
3381484515
3159154251
3159109996
3380851675
3159151405
3159136190
3159128145
3159097847
3159089750
3159094514
3159104263
3159102573
3159151291
3159121316
3159094399
3159134997
3159108162
000083170014337B
3159132183
3159137028
2938613002
0000830600374573
3159133547
3159145567
3159136858
3159131317
3159097363
000083170015261B
3159143736
0000832B00563926
3159109608
3403033027
3159139295
3159148865
3159109659
3159123458
3159095956
3159107584
3159123795
0000832B005430DE
3159139213
3159152673
3159102629
0000831700138476
3159096137
3159101915
3159110254
3159085775
3159088860
3159088496
3159088825
3159149993
3159097635
3159124313
3159156004
3159109247
3159135011
3153197953
3159128199
000083170013468C
3159120133
3159110866
3159142655
3159124217
000083060039A6D3
3159120160
3159121966
3159113169
3159148214
3159137003
3159143270
3159151254
0000831700159282
3159146070
3159134927
3159123955
3159153798
3159139222
3159095237
3159136058
3159134800
3159127855
3159125465
3159096004
3159143361
3159114008
3159142538
3159102601
3159090799
3158977934
3159155496
3159121546
3159111238
3159102680
0000832B005430C6
3159083038
3159136962
3159145677
3159123023
3159135941
3159151507
3159152405
3159130607
3159137749
3159105917
3159088557
3159136980
0000832B0054456C
3403175886
3379742329
3403556401
3403573445
3403581426
3403580912
3403568609
3159143582
3403558678
3403586863
3403580378
3403568787
3403568912
3403555864
3403587637
3403550270
3403580417
3403550310
3403546853
3403547223
3403587364
3403550920
3403569044
3403562800
3403575547
3403557682
3403553707
3403568601
3403587950
3403553162
3403588251
3403553179
3403553492
0000838400042B3A
3403553493
3403584623
3403555275
3403550294
3403547524
3403584968
3403548295
3403555620
3403588120
3403580807
3403581763
3403552923
0000838400046509
3403550428
3403546875
3403584898
3403560689
3403585016
3403580132
3403579613
3403563854
3403567418
3403546971
3403587846
3403588143
3403583971
3403581581
3403562814
3435487687
3403570711
3403571000
3403547236
3403563601
3403580696
3403568930
3402595056
3403581748
3403586908
3403562713
3402704840
3403547297
3403550452
3403549998
2933271965
3403580561
3403581526
000083170013C7AB
3403562501
3403550577
3403588124
3403550303
3403563674
3403589876
3403552200
3403568637
3402702477
3402704825
3402732272
3402626435
3402724105
2934339091
3402727476
3402711100
3403585746
3402699790
3402691780
3403552077
3402771159
3403568786
0000831700137513
3402706809
3403553693
3403571189
3403552778
3403590443
3402739029
3403580614
3403567451
3380743188
3403581379
3403588470
3403554866
3383358886
3380439876
3403548168
3403586753
3403587924
3403547318
3403587428
3158989415
3403554903
3403555118
3403553247
3403584198
3403555102
3403572865
3403572811
3403550336
3402775925
3402691486
3403579260
3402697636
3402700768
3403547466
3402688368
3403587742
0000831700155269
3402776053
3402705340
3403551364
3402685862
3402716730
3402772512
2938191709
3402693038
3381664438
3402705308
3402699073
3402691910
3402706932
3402711214
3402719923
3402704717
3402706737
3402706017
3403547293
3403568877
3402702854
3403589338
3403570958
3403558980
3403557166
2929946562
3403579736
3403570819
3403552531
000083170014E43F
3382940703
3402707242
3403553435
3403553531
3403586023
3403560088
3403585180
3403572783
3403585982
3403569033
3403555932
3403558365
3403577112
3403551930
3403548534
3152222032
3403586217
3403573754
3403553694
3403567497
3403556112
3402703125
3403547345
3403586935
0000830600381CEC
3403562561
3403577116
3403560128
3403567410
3403555728
3403555583
3403587190
3402575746
00008317001342E7
3403554908
000083170014E45C
3403588482
0000832B0022906C
3403584728
0000832B0027FF74
3403587437
3380960775
3379926013
0000838400007588
2934860725
3403579274
3403586962
000083170015BF54
3403566167
3403554973
2931991545
3381659441
0000832B005A0A0A
0000832B005A6095
0000832B005A5F55
0000832B005A58AA
0000832B005A102E
0000832B005A099C
0000832B005A5E67
0000832B005A585C
0000832B005A17C6
0000832B005A12B6
0000832B0058F31F
0000832B005A0B80
0000832B005A17E7
0000832B005A57F3
0000832B005980BD
3382060946
0000832B0056787F
0000832B0059C45B
0000832B005A543F
0000832B00598530
0000832B0059F65A
0000832B00591DE8
2938633059
0000832B00598023
0000832B00598121
0000832B005980EF
0000832B0059807C
0000832B00598259
3403588060
0000832B005A5754
0000832B005918C7
0000832B005987D2
0000832B0059875A
0000832B005A0F1C
0000832B005A0A66
0000832B005A56D7
0000832B005A0A90
0000832B005A101A
0000832B0059C961
0000832B005A396B
0000832B0058DB66
0000832B005A0A8A
0000832B005A5E40
0000832B0059DD44
0000832B005A5B59
0000832B005A0EA7
0000832B005980FE
0000832B005A5AF1
0000832B005A35F8
000083170009B40C
0000832B005A0ECD
3156915032
0000832B0059C759
0000832B00598772
0000832B0059CC32
0000832B005A0AAD
0000832B005A0E84
0000832B00595548
0000832B005A0E92
0000832B005A5D36
3402690087
00008317001384ED
0000832B005A1769
0000832B005A6013
0000832B005A37FB
000083170014D7F8
0000832B0059C5E1
0000832B005A576C
0000838400041402
0000832B0059C5A7
0000832B005A5F4F
0000832B0059C577
0000832B005A5815
0000832B005A5786
0000832B005A56CA
0000832B005A5A28
0000832B005A5622
0000832B005A1011
0000832B0059C6E3
2939097294
0000832B005A57DF
0000832B0023193E
0000832B005A5D1D
0000832B005A0F66
0000832B005A5CD9
0000832B005A0F93
0000832B0058ED80
0000832B005A0F94
0000832B005A5B4D
0000832B0058DB5B
0000832B00591BE5
3156518672
0000832B005A0EFC
0000832B0059C8A4
0000832B00591B23
0000832B0059C95E
0000832B00591AB5
0000832B00591CB4
3381580981
0000832B005987FB
0000832B005A0FC1
0000832B005919AD
0000832B00591AC1
0000832B00591973
0000832B005919B1
0000832B00591AC2
0000832B00591B58
3381974487
0000832B00591A3C
000083170014BE73
0000832B005A1662
0000832B0059870C
0000832B00591BC0
0000832B005914AB
0000832B005A4A79
0000832B00597294
0000832B0059DDB2
0000832B0059DCD2
0000832B005917D4
0000832B0059C2F0
0000832B0059191E
0000832B005A4E98
0000832B005A4F7F
0000832B005A4C4B
0000832B005A4D13
0000832B005916FF
0000832B005A4FAE
0000832B005A2EA2
0000832B005A5062
0000832B005A4DA6
0000832B005A3543
0000832B005A3347
0000832B0059197A
0000832B005917D8
0000832B005985C4
0000832B005919A7
0000832B0059C9EA
0000832B005A4D9E
0000832B005A184D
0000832B005A53A3
0000832B00591C48
0000832B0059721A
0000832B00596F51
0000832B0059C8C5
0000832B005A537A
0000832B005A2EA5
0000832B005A553E
0000832B005914CC
0000832B0059CAB7
0000832B00598407
0000832B005A3082
0000832B005914E3
0000832B005A2F3D
0000832B005A5371
0000832B005A583D
0000832B005980DC
0000832B005A1BE5
0000832B0059732C
0000832B005972D4
0000832B0059DD22
0000832B00596F75
0000832B00597089
0000832B005A2F38
0000832B00598419
0000832B005915FA
0000832B005917F9
0000832B0058EDFC
0000832B0058EDD6
0000832B005A4C63
0000832B005A5220
0000832B005A528B
0000832B005A52AF
0000832B0059868E
0000832B00591772
0000832B005A4461
0000832B00598601
0000832B005A50AA
0000832B005A34ED
0000832B0059CA81
0000832B0059CAB0
0000832B005A49E0
0000832B005A0682
0000832B00591C8E
0000832B00591AD2
0000832B005A06B4
0000832B005A069C
0000832B00591570
0000832B00591B84
0000832B00591C02
0000832B0058EF70
0000832B0058EBAD
0000832B0058DAC4
0000832B0058DA77
0000832B0058F249
0000832B005980BB
0000832B0058EDBA
0000832B0059CE0F
0000832B0058F20C
0000832B0059C4E9
0000832B005A5DEF
0000832B0058DAFD
0000832B0058EC6D
0000832B005A16D2
0000832B0058DB6D
0000832B005A0597
0000832B0059CDD2
0000832B005A5F9A
0000832B0058DA89
0000832B0059877D
0000832B005915AD
0000832B00598640
0000832B00598019
0000832B005A49B4
0000832B00591898
3152300434
2934922520
0000832B0058EFE9
0000832B0059DDC8
0000832B00597318
0000832B00599415
3380040823
0000832B0059DCF8
0000832B0058EF52
0000832B005A0E69
3381696513
0000832B0059DDBC
0000832B005980ED
0000832B005CA1BA
0000832B005CA971
0000832B005CA296
0000832B005A2F76
0000832B005A3A28
0000832B005A4C62
0000832B0058F0D2
0000832B0059CDD7
0000832B0058EE7B
0000832B0059942D
0000832B0059DD1E
0000832B0059126B
0000831700148E9B
0000832B005A546C
0000832B00591AAB
0000832B005C9F38
0000832B0059C6A5
0000832B005984D8
0000832B00598454
0000832B0059851A
0000832B0059802A
0000832B005984FB
0000832B005A572D
0000832B00591926
0000832B005A1BB7
0000832B005A3278
0000832B0059B544
0000832B005A5ECC
0000832B00598531
0000832B00591569
0000832B0059849D
0000832B00598456
0000832B0059C825
0000832B005914E2
0000832B005918D0
0000832B005A1C7E
0000832B005A4F48
0000832B0058DB56
0000832B0059C63A
0000832B00599097
0000832B005914AA
0000832B0059F57D
0000832B0059B631
0000832B005A5641
0000832B0059908B
0000832B005A19BD
0000832B00591581
0000832B0059C94A
0000832B005CA03B
0000832B005984F5
0000832B00598422
000083840005FBF7
0000832B005A4FA8
0000832B005A30AB
0000832B0059851F
0000832B005984C1
0000832B005A37BF
0000832B005A068D
0000832B005A364D
0000832B005A3776
0000832B005A4AEC
0000832B005A355C
0000832B005A4BA1
0000832B005A4AD7
0000832B005A4B3D
0000832B005C8ECC
0000832B005A522B
0000832B005A19A8
0000832B0058EFA3
0000832B00598D28
3380214698
0000832B0059C5CA
0000832B0058F2B5
0000832B0058EEF1
0000832B0058F309
0000832B005980DA
0000832B005A4A54
0000832B005A3694
0000832B0059C7FD
0000832B0058DA33
0000832B005A2E5D
0000832B005A382D
0000832B0058EAF3
0000832B005A36A5
0000832B0059C920
0000832B005A300F
0000832B005A4A60
3380776787
0000832B005A07F1
0000832B005A351E
0000832B0058DAC6
0000832B0058F40E
0000832B005A4DFE
0000832B00591BCB
0000832B00598D7C
0000832B0059C906
0000832B005A35E1
0000832B0058F024
0000832B005980DB
0000832B0058EBBD
0000832B005915BF
0000832B0058EE36
0000832B0059185A
3403587131
0000832B005A5E1C
0000832B0058EA2E
0000832B0059B52D
0000832B0059152E
0000832B005A13B7
0000832B0059B628
0000832B005A5580
0000832B0059CAE6
0000832B0059DD96
0000832B0059DD2B
0000832B0059B51E
0000832B0059CEB1
0000832B005A56FC
0000832B0058EE68
0000832B005C9E16
0000832B0058EFC3
0000832B005A1703
0000832B005982BF
0000832B005CA32E
0000832B0058EE99
0000832B0058F3AB
0000832B0058F083
0000832B0059CE25
0000832B0059150D
0000832B0058F18E
0000832B0059551C
0000832B0058E9AA
0000832B005A0AB9
0000832B0058F038
0000832B0058E9E7
0000832B00595502
0000832B0058F2E3
0000832B0058F45E
0000832B0058E966
0000832B0059595B
0000832B0059C698
0000832B0059C5BD
0000832B005A5898
0000832B0058EA02
0000832B0058EC19
0000832B0059C588
3402750519
0000832B00591283
0000832B0058F08C
0000832B005A186A
0000832B005A1B1B
0000832B0058EA0E
000083060037EB6E
0000832B0059C5E3
0000832B0058F2DA
0000832B0058F3EB
0000832B005A51D2
0000832B0059809A
0000832B0059C575
0000832B0059CB6C
0000832B0058E9D7
0000832B0059B51B
0000832B00598FC3
0000832B00591571
0000832B005A57BA
0000832B0058EAE5
0000832B005986EF
0000832B005A2F30
0000832B0058E9D2
0000832B0059C88F
0000832B0058ED5E
0000832B005987C6
0000832B0059869A
0000832B005985AE
3383185017
0000832B0058F27C
0000832B005982D0
0000832B0058F0E9
0000832B005980F1
0000832B005A5FD2
0000832B005983E4
0000832B00598644
0000832B00598409
0000832B0058F2C3
0000832B00598076
0000832B005A0C98
0000832B005981BF
0000832B0059859D
0000832B00591645
0000832B00598130
0000832B00598335
0000832B0059C4BF
0000832B005980FC
0000832B00598306
0000832B00598341
0000832B00598008
0000832B00591684
0000832B005A503D
0000832B0059831B
0000832B0058F2AF
0000832B005CA078
0000832B0058ED50
0000832B00591830
0000832B00591A3E
0000832B005A3824
0000832B0059CDD9
0000832B005A5773
0000832B00591C96
0000832B00591B6F
0000832B0059B5AC
0000832B005985A4
0000832B005A5772
0000832B00598395
0000832B005987E1
0000832B0058E9A6
0000832B005A4D7B
0000832B005A4C3A
0000832B005A1906
0000832B005A2F00
0000832B0058ED69
0000832B0059C693
0000832B00591A0E
0000832B005A2FDA
0000832B005A1C3D
3383133740
3381818925
3159144948
3159134131
3383130743
3382281583
3159148905
3159148817
3382284161
3159123418
3159085987
3381853309
3159134862
3159128451
3159111253
3159101681
0000832B005986F1
0000832B0059809E
0000832B005981C0
0000832B00598281
0000832B00598731
0000832B005987E4
0000832B00598099
0000831700136BBF
0000832B00598544
000083060039BBC6
0000832B00598579
0000832B0058F1CA
0000832B005986BD
2929578049
0000832B005A506E
0000832B005A5ED0
0000832B005430CE
0000832B0058F3F0
0000832B005A0536
0000832B005A33D4
2929946618
0000832B005CA121
0000832B005CA7E5
000083170014A5FC
3159009621
0000832B005A33DB
0000832B005A5499
00008317001338D5
0000832B0026A89A
3382281848
2934835850
0000832B0022A12A
3380790972
0000832B005984F3
0000831700168DA6
0000832B005980FD
3381626807
3381759022
3381670940
3381743479
3381553275
3381551814
3383128192
3381717439
3383130732
3381739971
3381752853
3381736473
3381703493
3381892096
3381735866
3383146081
3383157437
3381515023
3381717406
3381713627
3383157168
3383140876
3381717868
3381653375
3383115421
3383117693
3156404195
3383147014
3379980210
3379722738
3383113998
3383154712
3383154188
3380039045
3156914361
3380043301
3383125309
3383132988
0000832B005918D3
0000832B005A54DB
3436036501
3436081265
3383159129
3436036369
3436041752
3436103366
3436046105
3436058786
3436057241
3436027359
3436080803
3436056614
3436062203
3436083432
0000832B005A2E5B
3436036414
3436037329
3436022611
3436083426
3436034952
3436059465
0000831700152B47
3436095566
3436022722
3436044348
3436050050
3436097850
3436074551
3436031121
3436036518
3436071418
3435914051
3436062220
3383142641
3436069247
3436071468
3436050137
3436091556
3436036373
3436044516
3436058246
3436093415
3436072109
3436090996
00008317000B1487
000083170014C417
3436059522
3436114265
3381588847
3436113828
3152304745
3436052092
3436101079
3436081215
3436113773
3436041632
3436104057
0000832B0059803D
3436107840
3436091329
3436086828
3436087045
3436057904
3436066937
3436080192
3436044008
3436081754
3436067200
3436094614
2934381928
3436073931
3436027714
3436095548
3436080263
3436080188
3436074523
3436085689
3436067226
3436065740
3436044350
3436059477
3436044078
0000831700169162
3436080787
3436114021
3436069443
3436050012
3436103513
3436044158
3383153918
3436113583
3436095674
3436057108
3436080194
3436113686
3435650062
3436083342
3436032868
3436081076
3436026407
3436079957
3436114206
3436089490
3436050018
3436094067
3436061593
3436040249
3436122487
3436061375
3436039654
3436102491
3436113649
3436100441
3436037823
3436037948
3436037377
3436090766
3436122999
3436026330
3383205877
0000832B005A6200
3436025420
3436089689
3436035069
3436089539
3436037819
3436069395
3436085614
3436027743
3436093311
3436117863
3436044353
3436071709
3436059428
3436059448
3436093227
3436074063
3436034252
3436037191
3436070579
3382601521
3436083972
3436178286
3436093307
3436061533
3436070796
3436073887
3436101399
3436093117
3436101910
3436080432
3436027939
3436114218
3436037524
3436069393
3436093391
3436075245
3436041516
3436057937
3436027964
3436037561
3436072096
3436037514
3436115294
3436113840
3436058798
3436090529
3436037966
3436109188
3436122542
3436058448
3436058773
3436103945
3436027677
3436065165
3436028637
3436102320
3436075214
3436094608
3436069464
3436050100
3436033055
3436088197
3436041582
3436080782
3436061500
3436112625
3436050116
3436039629
3436116941
3436052924
3436067166
3436082252
3436111617
3436098127
3436065497
3436039648
3436082604
3436113878
3436061151
3436061423
3436090385
3436039639
3436112498
0000831700125D99
3436050079
3436044365
3436039555
3436096039
3436076060
3436081696
0000831700153448
3436058435
3436056269
3436101315
3436036484
3436029469
3436082014
3436067190
3436107833
3436074135
3436038519
3436099452
3436056816
3436081006
3436111769
3436112406
3436103937
3436044551
3436101273
3436080784
0000832B0023CB50
3436081008
3436062202
3436098620
3436023949
3436037739
3436037672
3436122804
3436098311
3436045993
3436098622
3436080760
3436065555
3436082647
3436061673
3436098706
3436098433
3436098665
3436080696
3436101149
3436101244
0000832B0026A406
3436113887
3436058718
3436113597
3436080841
3436102665
3436035890
3436113685
3436037532
3436090615
3436058707
3436089400
3436102880
3436103550
3436058726
3436040538
3436080114
3436058557
3436089237
3436114205
3436055424
3436107868
3436113607
3436109182
3381526738
3381652055
3381735885
3381756992
3382597371
3381735837
3382616585
3382605636
3436113770
3382597399
3381757490
3381565218
3381730020
3382595759
3381539390
3381522061
3381726532
3382603630
3436090979
3436027656
3436113711
3436052938
3436027961
3436066953
3436044151
3381525275
3436095607
0000831700149C3F
3436070532
3436071720
3436074073
3436104033
3436071079
3436081751
3436079958
3436095574
3436098761
3436093125
3436079938
3436037703
0000831700168EB2
3153054939
3436058587
3436078596
2929463090
0000831700158817
3436066924
3436082569
2922987083
3436071507
3436098451
3436037745
3436058727
3436026264
3436099750
3436098438
00008317001507AD
3380782833
000083170015717C
3436084286
3156898799
0000832B0026A273
0000831700138464
000083170015D291
3381522119
3436058326
000083170015D5E3
0000832B00591680
0000832B005A2F01
0000832B005A1F09
0000832B0059881A
0000832B00598444
0000832B005981F1
0000832B005A4B7E
3152219135
0000832B005E8302
3383250620
0000832B005BC468
0000832B005E97C6
0000832B005EEDDD
3382756216
3382690740
0000832B005E933F
3382029858
3382829893
0000832B005BC45D
0000832B005E92EA
0000832B005ECA48
0000832B005EAF5E
0000832B005EB4C8
0000832B005E92C6
0000832B005EBA93
0000832B005C3197
0000832B005BA022
0000832B005E8215
0000832B005EB44F
3403052729
0000832B005C1666
0000832B005B974E
0000832B005E9307
0000832B005B9A8F
0000832B005B8762
0000832B005B9CAD
0000832B005B9B77
0000832B005CABDF
0000832B005C1673
3435485445
0000832B005B8825
0000832B005EEEAE
0000832B005C3177
0000832B005EB65F
0000832B005EB84C
0000832B005BA2F0
0000832B005E8A3D
0000831700147C6B
0000832B005C1853
0000832B005E8D98
0000832B005EB1BD
0000832B005E8D10
0000832B005C66A2
0000832B005EAFC3
0000832B005EBC3A
0000832B005EBCD1
0000832B005C3661
0000832B005BF700
0000832B005E82DF
0000832B005C16B7
0000832B005EEC42
0000832B005E8D82
0000832B005B9A12
0000832B005EBDA9
0000832B005EBA59
0000832B005B10D4
0000832B005B8FCB
0000832B005E83D1
0000832B005E9890
0000832B005EB81D
0000832B005C6A0D
0000832B005EB35E
3402712679
0000832B005EA1E3
0000832B005D94E3
0000832B005B9F7A
0000832B005C6BF4
0000832B005B9FC7
0000832B005BA02B
0000832B005E8D2B
0000832B005EAF21
0000832B005C825F
0000832B005EB1AE
0000832B005BA2A2
0000832B005F413B
0000832B005EB0B0
0000832B005C64F2
0000832B005EB231
0000832B005F5C84
0000832B005B0CE1
0000832B005E8BC8
0000832B005B894C
3380359943
0000832B005B6026
0000832B005EB5CC
0000832B005F3D74
0000832B005EAFD5
0000832B005EBDBC
3436093171
0000832B005EB9E9
0000832B005C6BD4
0000832B005C1634
0000832B005EBB5D
0000832B005C1601
0000832B005B9C63
0000832B005BA24C
0000832B005B99A6
0000832B005C15F3
0000832B005C2A6C
0000832B005C16A9
0000832B005EEC2D
0000832B005BF906
0000832B005EED00
0000832B005B9A7E
0000832B005E8318
0000832B005D944D
3380957753
0000832B005B97BF
3381382817
0000832B005B9A06
0000832B005C6EF5
0000832B005B9717
0000832B005C1968
3152022838
3151958800
3381102235
3382805034
3151970444
3151942246
3381316905
3382049937
3381533544
3379835346
3151336927
3382002133
0000832B005BF78A
0000832B005C1978
0000832B005BF4F6
0000832B005B0DB0
0000832B005E8536
0000832B005B931D
0000832B005B0CEB
0000832B005B9614
0000832B005C1882
0000832B005EB653
3156413732
0000832B005B9AC5
0000832B005BF5BF
0000832B005F3A87
0000832B005B9975
0000832B005C1587
3156447494
0000832B005E981E
0000832B005BA264
0000832B005BA296
0000832B005C7C75
0000832B005E8DBC
0000832B005C16AC
0000832B005E9357
0000832B005AF5DD
0000832B005EA059
0000832B005E9FF6
0000832B005EA011
0000832B005EEC6B
3436037715
0000832B005EB5C2
0000832B005B9500
0000832B005EA0D2
0000832B005B0DD4
0000832B005BF782
0000832B005B8957
3435399856
0000832B005EB491
0000832B005BCE84
0000832B005B99E0
0000832B005BC6D4
0000832B005EFD4D
0000832B005C507F
0000832B005B9467
0000838400003C84
0000832B005BF804
0000832B005E91E4
0000832B005E8C8A
0000832B005BA0E0
0000832B005F318F
0000832B005C2E9A
0000832B005C1525
0000832B005C3171
0000832B005E91DE
0000832B005EF0FA
3436095036
0000832B005EB250
0000832B005C6B76
0000832B005C7597
3436037835
0000832B005F54E3
0000832B005EBD7A
0000832B005BF4A9
0000832B005E8E1E
0000832B005F3695
3379800031
0000832B005B9802
0000832B005B97CC
0000832B005E9200
0000832B005AD940
0000832B005EB792
0000832B005EB99F
0000832B005BC87E
0000832B005C6BF8
0000832B005AD9F0
0000832B005EB3F0
2934485930
3383146887
3382280832
0000832B005C9BE9
0000832B005E92AA
0000832B005B9576
0000832B005C974D
0000832B005C7FB9
0000832B005B0FC9
0000832B005B8976
0000832B005EB837
0000832B005C7E4F
0000832B005F2F2B
3435390532
0000832B005C80E0
0000832B005C7ED1
3436052716
0000832B005F2870
3435397817
3381618952
3381341088
3381110517
3382688339
3382032649
3381620757
3382704253
3381289543
3382854258
3381122122
3381638053
3382833492
3381566406
3381165949
3381621039
3381301557
3381341163
0000832B005B0DA4
0000832B005EE8BE
0000832B005EED2B
0000832B005EAF2D
3379639168
0000832B005C7ADA
0000832B005F29AF
3403037436
0000832B005EB63B
0000832B005EB5F9
3436044164
3436293276
3436274427
3436293159
3436274542
3436272379
3436286834
3436286880
3436272314
3436272538
3436275708
3436278472
3436268398
3436296264
3436286825
3436254398
3436275545
3436275600
3436254512
3436288226
3436246462
3436255756
3436254368
3436276692
3436286687
3436101044
3436231869
0000832B005C9705
3436231812
3436276926
3436289054
3403551124
3402721054
3381566148
3403063533
3403042999
3402695311
3381540842
3382717907
3403030861
3403063312
3403052222
3403040984
3382830013
3403033341
3403037443
3403036106
3403043367
3403180895
3403029073
3402696103
3403176257
3380220498
3436274229
3436263385
3436276731
3436263400
3436246572
3436235192
3436274040
3436272344
3436300828
3436264016
3436094798
3436250394
3436251329
0000832B005F2720
3436271807
3436214104
3436247509
3436311508
3436289738
3436277177
3436083336
3436102608
3436324826
3436094635
3436094699
3436314178
3436096349
3436083318
3436285697
3436278751
3436288498
3436288534
3436314835
3436310075
3436310010
3436264237
3436089307
3436287071
3436314087
3436240531
3436240462
3436261224
3436291616
3436246232
3436276326
3436282081
3436086108
3436284728
3436309506
3436268502
3382712587
3436284355
3436275525
3436284415
3436284784
3436317052
0000832B005C15CA
3436275573
3436289568
3436276215
3436276300
3436276263
2934574836
3436087127
3436275478
3436293209
3436054617
3436231799
3436283436
3436279204
3436299853
3436234401
3436284743
3436064391
3436061301
3436054754
3436086313
3436114412
3436288246
3436246758
3436247956
3436254479
3436286744
3436234343
3436276386
3436255159
3436246734
3436255947
3436274603
3436273870
3436302339
3436276327
3436276878
3436291577
3436258976
3436286729
3436247976
3436267818
3436316849
3436247559
3436248020
3436257817
3436273778
3436288165
3436293253
3436289220
3436286857
3436280146
3436299077
3436292974
3436276976
3436298456
3436286742
3436288374
3436285388
3436276855
3436280245
3436280186
3436273955
3436274256
3436273977
3436277007
3436276947
3436276719
3436254335
3436272213
3436298661
3436288234
3436274424
3436297117
3436274306
3436288277
3436272306
3436274208
3436274526
3436297080
3436274258
3436280224
3436291636
3436276981
3436273136
3436272396
3436274411
3436286691
3436274250
3436294852
3436282308
3436285771
3436273262
3436277240
3436309565
3436273423
3436278625
3436285715
3436282625
3436274814
3436278908
3436274866
3436280408
3436311738
3436313098
3436274773
3436281836
3436281828
3436293260
3436276923
3436287789
3436301250
3436296958
3436276952
3436273961
3436285774
3436063893
3436054329
3436047826
3436085833
3436063856
3436084802
3436305696
3436275537
3436234456
3436276774
3436286888
3436301183
3436277087
3436276989
3436274277
3436273114
3436289114
3436288108
3436285400
3436286828
3436277040
3436054803
3436077571
3436064189
3436054632
3436115996
3436085770
3436029891
3436048359
3436084812
3436279014
3436288198
3436248041
3436263371
3436234368
3436254639
3436231793
3436254550
3436064073
3436115838
3436083247
3436085830
3436127051
3436126896
3436121031
3436121212
3436127893
3436083344
3436054520
3436117581
3436126889
3436108728
3436121099
3436063748
3436126951
3436121980
3436050498
3436283930
3436237764
3436190734
3436271390
3436309505
3436309307
3436303879
3436311726
3436281369
3436237751
3436237676
3436314623
3436315891
3436284367
3436320183
3436317420
3436283020
3436315781
3436317357
3436311011
3436309325
3436316735
3436309312
3436317984
3436283381
3436319171
3436310868
3436275699
3436246520
3436247660
3436246865
3436299992
3436273796
3436294728
3436255963
3436268522
3436270917
3436320654
3436288996
3436286764
3436268372
3436236022
3436307510
3436279343
3436258804
3436278661
3436246892
3436255778
3436255962
3436273945
3436276742
3436254592
3436246916
3436278949
3436277738
3436246678
3436293259
3436275498
3436268384
3436236002
3436248024
3436288985
3436254400
3436279220
3436305992
3436287899
3436246488
3436289161
3436234340
3436254386
3436288036
3436254520
3436254528
3436273243
3436246531
3436273970
3436276690
3436246659
3436277123
3436269611
3436267278
3436301478
3436267287
3436289049
3436304114
3436276930
3436288406
3436319338
3436276267
3436276743
3436301234
3436217590
3436277011
3436273901
3436288385
3436276873
3436274363
3436274294
3436277045
3436293268
3436273017
3436272914
3436276699
3436307348
3436297050
3436273141
3436276852
3436297109
3436274111
3436320587
3436315579
3436237935
3436315629
3436237510
3436237705
3436276252
3436303579
00008306002518ED
2938860238
3436259353
3436234581
3436237718
3436240522
3436318566
3436237590
3436237671
3436237864
3436214973
3436310757
3436315275
3436237600
3436283242
3436283222
3436310877
3436320890
3436314624
3436283141
3436317416
3436307548
3436301130
3436234442
3436300670
3436300998
3436277239
3382925259
3436259347
3436259268
3436247500
3436288970
3436215127
3436308313
3436315812
3436309512
3436311044
3436247568
3436259264
3379606570
3436299664
3436294776
3436282525
3436259352
3436276301
3436300838
3436276323
3436314819
3436289908
3436320542
3436272315
3436281487
3436306298
3436308136
3436283405
3436272555
3436308689
3436308260
3436304218
3436283350
3436283213
3436317010
3436283067
3436289253
3436234405
3436270615
3436274065
3436291588
3436319330
3436280192
3436277137
3436294836
3436255880
3436294668
3436320694
3436317414
3436273944
3436273721
3436309529
3436283161
3436281267
3436317884
3436275562
3436274129
3436278811
3436286698
3436273862
3436298987
3436275743
3436280116
3436317002
3436273902
3436267372
3436274248
3436309465
3436291809
3436286885
3436280299
3436276858
3436254384
000083170015C3E0
3436299878
3436271192
3436276984
3436277128
3436215176
3436276920
3436280120
3436291641
3436215351
2923000212
3436283009
3436278621
3436286071
3436284407
3436287258
3436308631
3436307873
3436283058
3436308140
3436283469
3436283465
3436272357
3436274738
3436275597
3436288568
3153185125
3436278596
3436310821
3436259132
3436281914
3436282559
3436278592
3436276581
3436273768
3436274667
3436275902
3436289514
3436278035
3436278520
3436320688
3436316796
3436274670
3436309668
3436274733
3436283957
0000831700134709
000083170015DD77
000083170013BA3C
000083170014ABA9
000083170016A5D7
000083170014D7F1
000083170015E477
000083170015013C
000083170013CD18
000083170016A462
00008317000F799F
000083170015524C
000083170014D711
000083170014ECA5
000083170012312F
000083170014E7FC
0000831700145596
000083170015887F
00008317000C3960
00008317000B1617
0000831700142D53
00008317001470A1
00008317000A9360
000083170015DEEB
0000831700154E19
0000831700166C69
00008317000F8744
0000831700148DE9
0000831700142C2F
000083170015D1EF
000083170013E02A
00008317000A8228
00008317000FB8BB
000083170015CF45
000083170013F3B2
000083170014E040
00008317001510CA
00008317000C536D
000083170013A0A7
000083170014D7B1
00008317000C1263
000083170011911E
000083170012480C
000083170015823B
000083170013B637
0000831700146514
000083170014AF3E
000083170014CF9D
00008317000C3A4B
00008317000C5E9D
00008317000AAD1A
0000832B00248E63
0000832B0025EE1E
0000830600256ECB
0000838400042665
0000838400062635
000083840006C8C2
0000838400008B9B
0000838400008C79
000083840000DDC5
000083840006FDAC
0000832B0026C20D
000083060035B6D8
00008306003632FE
0000830600254429
3153163927
3152297406
3436297385
2933273771
2933283681
2941248926
3380052402
3379562345
3156425016
2935032178
2934612245
2934958918
2938611250
2934843158
2934634455
2934912122
2939096284
2939130725
2934852292
2938629054
2939141696
2929477634
2931766741
2932221663
2934831248
0000832B0024AC7A
000083840001D023
00008384000435E8
00008384000020A3
00008384000650C8
00008384000069E4
00008384000613E9
000083840003E60E
0000838400069620
000083840006D9F6
000083840000A4F0
0000832B00269357
0000832B002323A2
0000832B002483D9
000083060037A4E5
0000830600382984
00008306003631B0
0000830600252A6A
00008306003B8981
3152214526
2941246856
2933279963
3379864673
3156890889
2935046955
2934894873
2938606558
2939113997
2934941712
2935066362
2938635168
2938829135
2934979538
2929494228
2934354373
2931957139
2934566462
2934629456
2931967918
2935435096
2934355397
2929946723
2934842733
2934826981
2934558531
2934826819
2934478500
2934383864
2934514284
2934320353
2934370355
3436278937
3436280150
3436274573
3436246228
3436299193
3436280274
3436303108
3436276548
3436299191